timestamp,balance,equity,daily_pnl,daily_return_pct,total_pnl,total_return_pct,open_positions,total_trades,winning_trades,losing_trades,win_rate,avg_win,avg_loss,profit_factor,sharpe_ratio,max_drawdown,current_drawdown,kelly_fraction,expectancy,best_session,worst_session
2026-02-06T22:25:31.304521,16993.0036,16993.0036,0.0,0.0,0.0,0.0,1,0,0,0,0,0,0,0,0.0,0.0,0.0,0.0,0.0,,
2026-02-06T23:22:56.258287,16993.0036,16993.0036,0.0,0.0,0.0,0.0,1,0,0,0,0,0,0,0,0.0,0.0,0.0,0.0,0.0,,
2026-02-07T00:20:06.069258,16993.0036,16993.0036,0.0,0.0,0.0,0.0,1,0,0,0,0,0,0,0,0.0,0.0,0.0,0.0,0.0,,
2026-02-07T01:16:55.937793,16993.0036,16993.0036,0.0,0.0,0.0,0.0,1,0,0,0,0,0,0,0,0.0,0.0,0.0,0.0,0.0,,
2026-02-07T02:13:33.485130,16993.0036,16993.0036,0.0,0.0,0.0,0.0,1,0,0,0,0,0,0,0,0.0,0.0,0.0,0.0,0.0,,
2026-02-07T03:10:49.213007,16993.0036,16993.0036,0.0,0.0,0.0,0.0,1,0,0,0,0,0,0,0,0.0,0.0,0.0,0.0,0.0,,
2026-02-07T04:07:42.033064,16993.0036,16993.0036,0.0,0.0,0.0,0.0,1,0,0,0,0,0,0,0,0.0,0.0,0.0,0.0,0.0,,
2026-02-07T05:04:53.162003,16993.0036,16993.0036,0.0,0.0,0.0,0.0,1,0,0,0,0,0,0,0,0.0,0.0,0.0,0.0,0.0,,
2026-02-07T06:02:08.529794,16993.0036,16993.0036,0.0,0.0,0.0,0.0,1,0,0,0,0,0,0,0,0.0,0.0,0.0,0.0,0.0,,
2026-02-07T06:58:37.767411,16993.0036,16993.0036,0.0,0.0,0.0,0.0,1,0,0,0,0,0,0,0,0.0,0.0,0.0,0.0,0.0,,
2026-02-07T07:56:20.548276,16993.0036,16993.0036,0.0,0.0,0.0,0.0,1,0,0,0,0,0,0,0,0.0,0.0,0.0,0.0,0.0,,
2026-02-07T08:53:13.341781,16993.0036,16993.0036,0.0,0.0,0.0,0.0,1,0,0,0,0,0,0,0,0.0,0.0,0.0,0.0,0.0,,
2026-02-07T09:50:27.967560,16993.0036,16993.0036,0.0,0.0,0.0,0.0,1,0,0,0,0,0,0,0,0.0,0.0,0.0,0.0,0.0,,
2026-02-07T10:46:28.186261,16993.0036,16993.0036,0.0,0.0,0.0,0.0,1,0,0,0,0,0,0,0,0.0,0.0,0.0,0.0,0.0,,
2026-02-07T11:42:59.363500,16993.0036,16993.0036,0.0,0.0,0.0,0.0,1,0,0,0,0,0,0,0,0.0,0.0,0.0,0.0,0.0,,
2026-02-07T12:39:19.966960,16993.0036,16993.0036,0.0,0.0,0.0,0.0,1,0,0,0,0,0,0,0,0.0,0.0,0.0,0.0,0.0,,
2026-02-07T13:36:31.107770,16993.0036,16993.0036,0.0,0.0,0.0,0.0,1,0,0,0,0,0,0,0,0.0,0.0,0.0,0.0,0.0,,
2026-02-07T14:33:31.507104,16993.0036,16993.0036,0.0,0.0,0.0,0.0,1,0,0,0,0,0,0,0,0.0,0.0,0.0,0.0,0.0,,
2026-02-07T15:30:50.130191,16993.0036,16993.0036,0.0,0.0,0.0,0.0,1,0,0,0,0,0,0,0,0.0,0.0,0.0,0.0,0.0,,
2026-02-07T16:28:04.650977,16993.0036,16993.0036,0.0,0.0,0.0,0.0,1,0,0,0,0,0,0,0,0.0,0.0,0.0,0.0,0.0,,
2026-02-07T17:25:36.545608,16993.0036,16993.0036,0.0,0.0,0.0,0.0,1,0,0,0,0,0,0,0,0.0,0.0,0.0,0.0,0.0,,
2026-02-07T18:22:15.378117,16993.0036,16993.0036,0.0,0.0,0.0,0.0,1,0,0,0,0,0,0,0,0.0,0.0,0.0,0.0,0.0,,
2026-02-07T19:18:15.939917,16993.0036,16993.0036,0.0,0.0,0.0,0.0,1,0,0,0,0,0,0,0,0.0,0.0,0.0,0.0,0.0,,
2026-02-07T20:14:03.983737,16993.0036,16993.0036,0.0,0.0,0.0,0.0,1,0,0,0,0,0,0,0,0.0,0.0,0.0,0.0,0.0,,
2026-02-07T21:11:11.108007,16993.0036,16993.0036,0.0,0.0,0.0,0.0,1,0,0,0,0,0,0,0,0.0,0.0,0.0,0.0,0.0,,
2026-02-07T22:07:12.715220,16993.0036,16993.0036,0.0,0.0,0.0,0.0,1,0,0,0,0,0,0,0,0.0,0.0,0.0,0.0,0.0,,
2026-02-07T23:03:36.369441,16993.0036,16993.0036,0.0,0.0,0.0,0.0,1,0,0,0,0,0,0,0,0.0,0.0,0.0,0.0,0.0,,
2026-02-08T00:00:13.303287,16993.0036,16993.0036,0.0,0.0,0.0,0.0,1,0,0,0,0,0,0,0,0.0,0.0,0.0,0.0,0.0,,
2026-02-08T00:56:57.553886,16993.0036,16993.0036,0.0,0.0,0.0,0.0,1,0,0,0,0,0,0,0,0.0,0.0,0.0,0.0,0.0,,
2026-02-08T01:53:34.501927,16993.0036,16993.0036,0.0,0.0,0.0,0.0,1,0,0,0,0,0,0,0,0.0,0.0,0.0,0.0,0.0,,
2026-02-08T02:50:53.564009,16993.0036,16993.0036,0.0,0.0,0.0,0.0,1,0,0,0,0,0,0,0,0.0,0.0,0.0,0.0,0.0,,
2026-02-08T03:47:23.693836,16993.0036,16993.0036,0.0,0.0,0.0,0.0,1,0,0,0,0,0,0,0,0.0,0.0,0.0,0.0,0.0,,
2026-02-08T04:43:17.575965,16993.0036,16993.0036,0.0,0.0,0.0,0.0,1,0,0,0,0,0,0,0,0.0,0.0,0.0,0.0,0.0,,
2026-02-08T05:39:44.865101,16993.0036,16993.0036,0.0,0.0,0.0,0.0,1,0,0,0,0,0,0,0,0.0,0.0,0.0,0.0,0.0,,
2026-02-08T06:16:26.649934,16993.0036,16993.0036,0.0,0.0,0.0,0.0,1,0,0,0,0,0,0,0,0.0,0.0,0.0,0.0,0.0,,
2026-02-08T07:13:08.898134,16993.0036,16993.0036,0.0,0.0,0.0,0.0,1,0,0,0,0,0,0,0,0.0,0.0,0.0,0.0,0.0,,
2026-02-08T08:10:06.077278,16993.0036,16993.0036,0.0,0.0,0.0,0.0,1,0,0,0,0,0,0,0,0.0,0.0,0.0,0.0,0.0,,
2026-02-08T09:07:05.762790,16993.0036,16993.0036,0.0,0.0,0.0,0.0,1,0,0,0,0,0,0,0,0.0,0.0,0.0,0.0,0.0,,
2026-02-08T10:04:15.995033,16993.0036,16993.0036,0.0,0.0,0.0,0.0,1,0,0,0,0,0,0,0,0.0,0.0,0.0,0.0,0.0,,
2026-02-08T11:01:01.359185,16993.0036,16993.0036,0.0,0.0,0.0,0.0,1,0,0,0,0,0,0,0,0.0,0.0,0.0,0.0,0.0,,
2026-02-08T11:56:51.832962,16993.0036,16993.0036,0.0,0.0,0.0,0.0,1,0,0,0,0,0,0,0,0.0,0.0,0.0,0.0,0.0,,
2026-02-08T12:52:29.622756,16993.0036,16993.0036,0.0,0.0,0.0,0.0,1,0,0,0,0,0,0,0,0.0,0.0,0.0,0.0,0.0,,
2026-02-08T13:48:55.280092,16993.0036,16993.0036,0.0,0.0,0.0,0.0,1,0,0,0,0,0,0,0,0.0,0.0,0.0,0.0,0.0,,
2026-02-08T14:44:08.806149,16993.0036,16993.0036,0.0,0.0,0.0,0.0,1,0,0,0,0,0,0,0,0.0,0.0,0.0,0.0,0.0,,
2026-02-08T15:39:31.503010,16993.0036,16993.0036,0.0,0.0,0.0,0.0,1,0,0,0,0,0,0,0,0.0,0.0,0.0,0.0,0.0,,
2026-02-08T16:35:33.185699,16993.0036,16993.0036,0.0,0.0,0.0,0.0,1,0,0,0,0,0,0,0,0.0,0.0,0.0,0.0,0.0,,
2026-02-08T17:33:01.461253,16993.0036,16993.0036,0.0,0.0,0.0,0.0,1,0,0,0,0,0,0,0,0.0,0.0,0.0,0.0,0.0,,
2026-02-08T18:29:44.754350,16993.0036,16993.0036,0.0,0.0,0.0,0.0,1,0,0,0,0,0,0,0,0.0,0.0,0.0,0.0,0.0,,
2026-02-08T19:26:29.058354,16993.0036,16993.0036,0.0,0.0,0.0,0.0,1,0,0,0,0,0,0,0,0.0,0.0,0.0,0.0,0.0,,
2026-02-08T20:23:36.205496,16993.0036,16993.0036,0.0,0.0,0.0,0.0,1,0,0,0,0,0,0,0,0.0,0.0,0.0,0.0,0.0,,
2026-02-08T21:19:54.017159,16993.0036,16993.0036,0.0,0.0,0.0,0.0,1,0,0,0,0,0,0,0,0.0,0.0,0.0,0.0,0.0,,
2026-02-08T22:15:35.602194,16993.0036,16993.0036,0.0,0.0,0.0,0.0,1,0,0,0,0,0,0,0,0.0,0.0,0.0,0.0,0.0,,
2026-02-08T23:11:05.303888,16993.0036,16993.0036,0.0,0.0,0.0,0.0,1,0,0,0,0,0,0,0,0.0,0.0,0.0,0.0,0.0,,
2026-02-09T00:02:49.728418,16993.0036,16993.0036,0.0,0.0,0.0,0.0,2,2,0,0,0,0,0,0,0.0,0.0,0.0,0.0,0.0,,
2026-02-09T00:20:04.571261,16993.0036,16993.0036,0.0,0.0,0.0,0.0,4,3,0,0,0,0,0,0,0.0,0.0,0.0,0.0,0.0,,
2026-02-09T00:38:00.341012,16993.0036,16993.0036,0.0,0.0,0.0,0.0,4,3,0,0,0,0,0,0,0.0,0.0,0.0,0.0,0.0,,
2026-02-09T00:55:30.500495,16993.0036,16993.0036,0.0,0.0,0.0,0.0,4,3,0,0,0,0,0,0,0.0,0.0,0.0,0.0,0.0,,
2026-02-09T01:12:22.667362,16993.0036,16993.0036,0.0,0.0,0.0,0.0,4,3,0,0,0,0,0,0,0.0,0.0,0.0,0.0,0.0,,
2026-02-09T01:28:12.039988,16993.0036,16993.0036,0.0,0.0,0.0,0.0,4,3,0,0,0,0,0,0,0.0,0.0,0.0,0.0,0.0,,
2026-02-09T01:45:45.183998,16993.0036,16993.0036,0.0,0.0,0.0,0.0,4,3,0,0,0,0,0,0,0.0,0.0,0.0,0.0,0.0,,
2026-02-09T02:03:45.640565,16993.0036,16993.0036,0.0,0.0,0.0,0.0,4,3,0,0,0,0,0,0,0.0,0.0,0.0,0.0,0.0,,
2026-02-09T02:21:04.209718,16993.0036,16993.0036,0.0,0.0,0.0,0.0,5,5,0,0,0,0,0,0,0.0,0.0,0.0,0.0,0.0,,
2026-02-09T02:38:25.113667,16993.0036,16993.0036,0.0,0.0,0.0,0.0,5,5,0,0,0,0,0,0,0.0,0.0,0.0,0.0,0.0,,
2026-02-09T02:55:54.502889,16993.0036,16993.0036,0.0,0.0,0.0,0.0,5,5,0,0,0,0,0,0,0.0,0.0,0.0,0.0,0.0,,
2026-02-09T03:13:47.044519,16993.0036,16993.0036,0.0,0.0,0.0,0.0,5,5,0,0,0,0,0,0,0.0,0.0,0.0,0.0,0.0,,
2026-02-09T03:30:59.403990,16993.0036,16993.0036,0.0,0.0,0.0,0.0,5,5,0,0,0,0,0,0,0.0,0.0,0.0,0.0,0.0,,
2026-02-09T03:47:55.829427,16993.0036,16993.0036,0.0,0.0,0.0,0.0,5,5,0,0,0,0,0,0,0.0,0.0,0.0,0.0,0.0,,
2026-02-09T04:05:28.179676,16993.0036,16993.0036,0.0,0.0,0.0,0.0,5,5,0,0,0,0,0,0,0.0,0.0,0.0,0.0,0.0,,
2026-02-09T04:23:23.786216,16993.0036,16993.0036,0.0,0.0,0.0,0.0,5,5,0,0,0,0,0,0,0.0,0.0,0.0,0.0,0.0,,
2026-02-09T04:40:53.470708,16993.0036,16993.0036,0.0,0.0,0.0,0.0,5,5,0,0,0,0,0,0,0.0,0.0,0.0,0.0,0.0,,
2026-02-09T04:58:16.863411,16993.0036,16993.0036,0.0,0.0,0.0,0.0,5,5,0,0,0,0,0,0,0.0,0.0,0.0,0.0,0.0,,
2026-02-09T05:15:44.524687,16993.0036,16993.0036,0.0,0.0,0.0,0.0,5,5,0,0,0,0,0,0,0.0,0.0,0.0,0.0,0.0,,
2026-02-09T05:33:37.096961,16993.0036,16993.0036,0.0,0.0,0.0,0.0,5,5,0,0,0,0,0,0,0.0,0.0,0.0,0.0,0.0,,
2026-02-09T05:50:58.589929,16993.0036,16993.0036,0.0,0.0,0.0,0.0,5,5,0,0,0,0,0,0,0.0,0.0,0.0,0.0,0.0,,
2026-02-09T06:08:09.527073,16993.0036,16993.0036,0.0,0.0,0.0,0.0,5,5,0,0,0,0,0,0,0.0,0.0,0.0,0.0,0.0,,
2026-02-09T06:26:20.332716,16993.0036,16993.0036,0.0,0.0,0.0,0.0,5,5,0,0,0,0,0,0,0.0,0.0,0.0,0.0,0.0,,
2026-02-09T06:44:29.635831,16993.0036,16993.0036,0.0,0.0,0.0,0.0,5,5,0,0,0,0,0,0,0.0,0.0,0.0,0.0,0.0,,
2026-02-09T07:02:07.979416,16993.0036,16993.0036,0.0,0.0,0.0,0.0,5,5,0,0,0,0,0,0,0.0,0.0,0.0,0.0,0.0,,
2026-02-09T07:19:53.517573,16993.0036,16993.0036,0.0,0.0,0.0,0.0,5,5,0,0,0,0,0,0,0.0,0.0,0.0,0.0,0.0,,
2026-02-09T07:38:28.058237,16993.0036,16993.0036,0.0,0.0,0.0,0.0,5,5,0,0,0,0,0,0,0.0,0.0,0.0,0.0,0.0,,
2026-02-09T07:56:45.841089,16993.0036,16993.0036,0.0,0.0,0.0,0.0,5,5,0,0,0,0,0,0,0.0,0.0,0.0,0.0,0.0,,
2026-02-09T08:14:53.754297,16993.0036,16993.0036,0.0,0.0,0.0,0.0,5,5,0,0,0,0,0,0,0.0,0.0,0.0,0.0,0.0,,
2026-02-09T08:32:50.892813,16993.0036,16993.0036,0.0,0.0,0.0,0.0,5,5,0,0,0,0,0,0,0.0,0.0,0.0,0.0,0.0,,
2026-02-09T08:50:08.623193,16993.0036,16993.0036,0.0,0.0,0.0,0.0,5,5,0,0,0,0,0,0,0.0,0.0,0.0,0.0,0.0,,
2026-02-09T09:06:47.142002,17105.6689,17105.6689,0.0,0.0,112.66530000000057,0.6630099225071697,5,6,0,0,0,0,0,0,0.0,0.0,0.0,0.0,0.0,london,london
2026-02-09T09:06:48.036711,17105.6689,17105.6689,0.0,0.0,112.66530000000057,0.6630099225071697,5,6,0,0,0,0,0,0,0.0,0.0,0.0,0.0,0.0,london,london
2026-02-09T09:08:03.458147,17105.6689,17105.6689,0.0,0.0,0.0,0.0,5,0,0,0,0,0,0,0,0.0,0.0,0.0,0.0,0.0,,
2026-02-09T09:20:30.022521,17105.6689,17105.6689,0.0,0.0,0.0,0.0,5,0,0,0,0,0,0,0,0.0,0.0,0.0,0.0,0.0,,
2026-02-09T09:33:20.989004,17105.6689,17105.6689,0.0,0.0,0.0,0.0,5,0,0,0,0,0,0,0,0.0,0.0,0.0,0.0,0.0,,
2026-02-09T09:46:30.715051,17105.6689,17105.6689,0.0,0.0,0.0,0.0,5,0,0,0,0,0,0,0,0.0,0.0,0.0,0.0,0.0,,
2026-02-09T09:59:25.860915,17105.6689,17105.6689,0.0,0.0,0.0,0.0,5,0,0,0,0,0,0,0,0.0,0.0,0.0,0.0,0.0,,
2026-02-09T10:13:10.291990,17105.6689,17105.6689,0.0,0.0,0.0,0.0,5,0,0,0,0,0,0,0,0.0,0.0,0.0,0.0,0.0,,
2026-02-09T10:26:59.141911,17105.6689,17105.6689,0.0,0.0,0.0,0.0,5,0,0,0,0,0,0,0,0.0,0.0,0.0,0.0,0.0,,
2026-02-09T10:40:32.115305,17105.6689,17105.6689,0.0,0.0,0.0,0.0,5,0,0,0,0,0,0,0,0.0,0.0,0.0,0.0,0.0,,
2026-02-09T10:54:18.998081,17105.6689,17105.6689,0.0,0.0,0.0,0.0,5,0,0,0,0,0,0,0,0.0,0.0,0.0,0.0,0.0,,
2026-02-09T11:08:01.126355,17105.6689,17105.6689,0.0,0.0,0.0,0.0,5,0,0,0,0,0,0,0,0.0,0.0,0.0,0.0,0.0,,
2026-02-09T11:21:23.391430,17105.6689,17105.6689,0.0,0.0,0.0,0.0,5,0,0,0,0,0,0,0,0.0,0.0,0.0,0.0,0.0,,
2026-02-09T11:34:41.073237,17105.6689,17105.6689,0.0,0.0,0.0,0.0,5,0,0,0,0,0,0,0,0.0,0.0,0.0,0.0,0.0,,
2026-02-09T11:47:55.627574,17105.6689,17105.6689,0.0,0.0,0.0,0.0,5,0,0,0,0,0,0,0,0.0,0.0,0.0,0.0,0.0,,
2026-02-09T12:01:43.147523,17105.6689,17105.6689,0.0,0.0,0.0,0.0,5,0,0,0,0,0,0,0,0.0,0.0,0.0,0.0,0.0,,
2026-02-09T12:11:29.724985,12709.7981,12709.7981,0.0,0.0,-4395.870800000001,-25.69832741238199,4,0,0,0,0,0,0,0,0.0,0.2569832741238199,0.2569832741238199,0.0,0.0,,
2026-02-09T12:16:32.655796,12709.7981,12709.7981,0.0,0.0,-4395.870800000001,-25.69832741238199,4,0,0,0,0,0,0,0,0.0,0.2569832741238199,0.2569832741238199,0.0,0.0,,
2026-02-09T12:27:23.428375,12709.7981,12709.7981,0.0,0.0,-4395.870800000001,-25.69832741238199,4,0,0,0,0,0,0,0,0.0,0.2569832741238199,0.2569832741238199,0.0,0.0,london,london
2026-02-09T12:27:24.044112,12709.7981,12709.7981,0.0,0.0,-4395.870800000001,-25.69832741238199,4,0,0,0,0,0,0,0,0.0,0.2569832741238199,0.2569832741238199,0.0,0.0,london,london
2026-02-09T12:28:46.196247,12709.7981,12709.7981,0.0,0.0,0.0,0.0,4,0,0,0,0,0,0,0,0.0,0.0,0.0,0.0,0.0,london,london
2026-02-09T12:28:46.810002,12709.7981,12709.7981,0.0,0.0,0.0,0.0,4,0,0,0,0,0,0,0,0.0,0.0,0.0,0.0,0.0,london,london
2026-02-09T12:30:09.883253,12709.7981,12709.7981,0.0,0.0,0.0,0.0,4,0,0,0,0,0,0,0,0.0,0.0,0.0,0.0,0.0,london,london
2026-02-09T12:30:10.566895,12709.7981,12709.7981,0.0,0.0,0.0,0.0,4,0,0,0,0,0,0,0,0.0,0.0,0.0,0.0,0.0,london,london
2026-02-09T12:31:33.611839,12709.7981,12709.7981,0.0,0.0,0.0,0.0,4,0,0,0,0,0,0,0,0.0,0.0,0.0,0.0,0.0,london,london
2026-02-09T12:31:34.228980,12709.7981,12709.7981,0.0,0.0,0.0,0.0,4,0,0,0,0,0,0,0,0.0,0.0,0.0,0.0,0.0,london,london
2026-02-09T12:32:42.035576,12709.7981,12709.7981,0.0,0.0,0.0,0.0,4,0,0,0,0,0,0,0,0.0,0.0,0.0,0.0,0.0,london,london
2026-02-09T12:32:42.653402,12709.7981,12709.7981,0.0,0.0,0.0,0.0,4,0,0,0,0,0,0,0,0.0,0.0,0.0,0.0,0.0,london,london
2026-02-09T12:34:00.682955,12709.7981,12709.7981,0.0,0.0,0.0,0.0,4,0,0,0,0,0,0,0,0.0,0.0,0.0,0.0,0.0,,
2026-02-09T12:47:22.385967,12709.7981,12709.7981,0.0,0.0,0.0,0.0,4,0,0,0,0,0,0,0,0.0,0.0,0.0,0.0,0.0,london,london
2026-02-09T12:47:23.112748,12709.7981,12709.7981,0.0,0.0,0.0,0.0,4,0,0,0,0,0,0,0,0.0,0.0,0.0,0.0,0.0,london,london
2026-02-09T12:48:52.150606,12709.7981,12709.7981,0.0,0.0,0.0,0.0,3,1,0,0,0,0,0,0,0.0,0.0,0.0,0.0,0.0,,
2026-02-09T13:02:30.404742,12548.4285,12548.4285,0.0,0.0,-161.3696,-1.2696472338140445,4,1,0,0,0,0,0,0,0.0,0.012696472338140445,0.012696472338140445,0.0,0.0,london_ny_overlap,london
2026-02-09T13:02:31.088157,12548.4285,12548.4285,0.0,0.0,-161.3696,-1.2696472338140445,4,1,0,0,0,0,0,0,0.0,0.012696472338140445,0.012696472338140445,0.0,0.0,london_ny_overlap,london
2026-02-09T13:03:56.822437,12548.4285,12548.4285,0.0,0.0,0.0,0.0,4,0,0,0,0,0,0,0,0.0,0.0,0.0,0.0,0.0,london_ny_overlap,london_ny_overlap
2026-02-09T13:03:57.460723,12548.4285,12548.4285,0.0,0.0,0.0,0.0,4,0,0,0,0,0,0,0,0.0,0.0,0.0,0.0,0.0,london_ny_overlap,london_ny_overlap
2026-02-09T13:05:23.575279,12548.4285,12548.4285,0.0,0.0,0.0,0.0,4,0,0,0,0,0,0,0,0.0,0.0,0.0,0.0,0.0,london_ny_overlap,london_ny_overlap
2026-02-09T13:05:24.214395,12548.4285,12548.4285,0.0,0.0,0.0,0.0,4,0,0,0,0,0,0,0,0.0,0.0,0.0,0.0,0.0,london_ny_overlap,london_ny_overlap
2026-02-09T13:06:56.496337,12548.4285,12548.4285,0.0,0.0,0.0,0.0,4,0,0,0,0,0,0,0,0.0,0.0,0.0,0.0,0.0,london_ny_overlap,london_ny_overlap
2026-02-09T13:06:57.124432,12548.4285,12548.4285,0.0,0.0,0.0,0.0,4,0,0,0,0,0,0,0,0.0,0.0,0.0,0.0,0.0,london_ny_overlap,london_ny_overlap
2026-02-09T13:08:20.252789,12548.4285,12548.4285,0.0,0.0,0.0,0.0,4,0,0,0,0,0,0,0,0.0,0.0,0.0,0.0,0.0,london_ny_overlap,london_ny_overlap
2026-02-09T13:08:20.905120,12548.4285,12548.4285,0.0,0.0,0.0,0.0,4,0,0,0,0,0,0,0,0.0,0.0,0.0,0.0,0.0,london_ny_overlap,london_ny_overlap
2026-02-09T13:09:44.503337,12548.4285,12548.4285,0.0,0.0,0.0,0.0,4,0,0,0,0,0,0,0,0.0,0.0,0.0,0.0,0.0,london_ny_overlap,london_ny_overlap
2026-02-09T13:09:45.130910,12548.4285,12548.4285,0.0,0.0,0.0,0.0,4,0,0,0,0,0,0,0,0.0,0.0,0.0,0.0,0.0,london_ny_overlap,london_ny_overlap
2026-02-09T13:11:12.600010,12548.4285,12548.4285,0.0,0.0,0.0,0.0,4,0,0,0,0,0,0,0,0.0,0.0,0.0,0.0,0.0,london_ny_overlap,london_ny_overlap
2026-02-09T13:11:13.211068,12548.4285,12548.4285,0.0,0.0,0.0,0.0,4,0,0,0,0,0,0,0,0.0,0.0,0.0,0.0,0.0,london_ny_overlap,london_ny_overlap
2026-02-09T13:12:37.617618,12548.4285,12548.4285,0.0,0.0,0.0,0.0,4,0,0,0,0,0,0,0,0.0,0.0,0.0,0.0,0.0,london_ny_overlap,london_ny_overlap
2026-02-09T13:12:38.253335,12548.4285,12548.4285,0.0,0.0,0.0,0.0,4,0,0,0,0,0,0,0,0.0,0.0,0.0,0.0,0.0,london_ny_overlap,london_ny_overlap
2026-02-09T13:13:55.300342,12548.4285,12548.4285,0.0,0.0,0.0,0.0,4,0,0,0,0,0,0,0,0.0,0.0,0.0,0.0,0.0,,
2026-02-09T13:27:33.505492,12548.4285,12548.4285,0.0,0.0,0.0,0.0,4,0,0,0,0,0,0,0,0.0,0.0,0.0,0.0,0.0,london_ny_overlap,london_ny_overlap
2026-02-09T13:27:34.199296,12548.4285,12548.4285,0.0,0.0,0.0,0.0,4,0,0,0,0,0,0,0,0.0,0.0,0.0,0.0,0.0,london_ny_overlap,london_ny_overlap
2026-02-09T13:28:40.164007,12548.4285,12548.4285,0.0,0.0,0.0,0.0,4,0,0,0,0,0,0,0,0.0,0.0,0.0,0.0,0.0,london_ny_overlap,london_ny_overlap
2026-02-09T13:28:40.850288,12548.4285,12548.4285,0.0,0.0,0.0,0.0,4,0,0,0,0,0,0,0,0.0,0.0,0.0,0.0,0.0,london_ny_overlap,london_ny_overlap
2026-02-09T13:30:05.058116,12548.4285,12548.4285,0.0,0.0,0.0,0.0,4,0,0,0,0,0,0,0,0.0,0.0,0.0,0.0,0.0,london_ny_overlap,london_ny_overlap
2026-02-09T13:30:05.766193,12548.4285,12548.4285,0.0,0.0,0.0,0.0,4,0,0,0,0,0,0,0,0.0,0.0,0.0,0.0,0.0,london_ny_overlap,london_ny_overlap
2026-02-09T13:31:29.018313,12548.4285,12548.4285,0.0,0.0,0.0,0.0,4,0,0,0,0,0,0,0,0.0,0.0,0.0,0.0,0.0,london_ny_overlap,london_ny_overlap
2026-02-09T13:31:29.674091,12548.4285,12548.4285,0.0,0.0,0.0,0.0,4,0,0,0,0,0,0,0,0.0,0.0,0.0,0.0,0.0,london_ny_overlap,london_ny_overlap
2026-02-09T13:32:33.272675,12548.4285,12548.4285,0.0,0.0,0.0,0.0,4,0,0,0,0,0,0,0,0.0,0.0,0.0,0.0,0.0,london_ny_overlap,london_ny_overlap
2026-02-09T13:32:33.921053,12548.4285,12548.4285,0.0,0.0,0.0,0.0,4,0,0,0,0,0,0,0,0.0,0.0,0.0,0.0,0.0,london_ny_overlap,london_ny_overlap
2026-02-09T13:33:37.545077,12548.4285,12548.4285,0.0,0.0,0.0,0.0,4,0,0,0,0,0,0,0,0.0,0.0,0.0,0.0,0.0,london_ny_overlap,london_ny_overlap
2026-02-09T13:33:38.306687,12548.4285,12548.4285,0.0,0.0,0.0,0.0,4,0,0,0,0,0,0,0,0.0,0.0,0.0,0.0,0.0,london_ny_overlap,london_ny_overlap
2026-02-09T13:34:54.614042,12548.4285,12548.4285,0.0,0.0,0.0,0.0,4,0,0,0,0,0,0,0,0.0,0.0,0.0,0.0,0.0,london_ny_overlap,london_ny_overlap
2026-02-09T13:34:55.294676,12548.4285,12548.4285,0.0,0.0,0.0,0.0,4,0,0,0,0,0,0,0,0.0,0.0,0.0,0.0,0.0,london_ny_overlap,london_ny_overlap
2026-02-09T13:36:20.036017,12548.4285,12548.4285,0.0,0.0,0.0,0.0,4,0,0,0,0,0,0,0,0.0,0.0,0.0,0.0,0.0,london_ny_overlap,london_ny_overlap
2026-02-09T13:36:20.692330,12548.4285,12548.4285,0.0,0.0,0.0,0.0,4,0,0,0,0,0,0,0,0.0,0.0,0.0,0.0,0.0,london_ny_overlap,london_ny_overlap
2026-02-09T13:37:43.083968,12548.4285,12548.4285,0.0,0.0,0.0,0.0,4,0,0,0,0,0,0,0,0.0,0.0,0.0,0.0,0.0,london_ny_overlap,london_ny_overlap
2026-02-09T13:37:43.793981,12548.4285,12548.4285,0.0,0.0,0.0,0.0,4,0,0,0,0,0,0,0,0.0,0.0,0.0,0.0,0.0,london_ny_overlap,london_ny_overlap
2026-02-09T13:39:05.370278,12548.4285,12548.4285,0.0,0.0,0.0,0.0,4,0,0,0,0,0,0,0,0.0,0.0,0.0,0.0,0.0,london_ny_overlap,london_ny_overlap
2026-02-09T13:39:06.074069,12548.4285,12548.4285,0.0,0.0,0.0,0.0,4,0,0,0,0,0,0,0,0.0,0.0,0.0,0.0,0.0,london_ny_overlap,london_ny_overlap
2026-02-09T13:40:30.753049,12548.4285,12548.4285,0.0,0.0,0.0,0.0,4,0,0,0,0,0,0,0,0.0,0.0,0.0,0.0,0.0,london_ny_overlap,london_ny_overlap
2026-02-09T13:40:31.393185,12548.4285,12548.4285,0.0,0.0,0.0,0.0,4,0,0,0,0,0,0,0,0.0,0.0,0.0,0.0,0.0,london_ny_overlap,london_ny_overlap
2026-02-09T13:41:52.194079,12548.4285,12548.4285,0.0,0.0,0.0,0.0,4,0,0,0,0,0,0,0,0.0,0.0,0.0,0.0,0.0,london_ny_overlap,london_ny_overlap
2026-02-09T13:41:52.877975,12548.4285,12548.4285,0.0,0.0,0.0,0.0,4,0,0,0,0,0,0,0,0.0,0.0,0.0,0.0,0.0,london_ny_overlap,london_ny_overlap
2026-02-09T13:43:13.021048,12548.4285,12548.4285,0.0,0.0,0.0,0.0,4,0,0,0,0,0,0,0,0.0,0.0,0.0,0.0,0.0,london_ny_overlap,london_ny_overlap
2026-02-09T13:43:13.678634,12548.4285,12548.4285,0.0,0.0,0.0,0.0,4,0,0,0,0,0,0,0,0.0,0.0,0.0,0.0,0.0,london_ny_overlap,london_ny_overlap
2026-02-09T13:44:37.094148,12548.4285,12548.4285,0.0,0.0,0.0,0.0,4,0,0,0,0,0,0,0,0.0,0.0,0.0,0.0,0.0,london_ny_overlap,london_ny_overlap
2026-02-09T13:44:37.805019,12548.4285,12548.4285,0.0,0.0,0.0,0.0,4,0,0,0,0,0,0,0,0.0,0.0,0.0,0.0,0.0,london_ny_overlap,london_ny_overlap
2026-02-09T13:46:00.183981,12548.4285,12548.4285,0.0,0.0,0.0,0.0,4,0,0,0,0,0,0,0,0.0,0.0,0.0,0.0,0.0,london_ny_overlap,london_ny_overlap
2026-02-09T13:46:00.820055,12548.4285,12548.4285,0.0,0.0,0.0,0.0,4,0,0,0,0,0,0,0,0.0,0.0,0.0,0.0,0.0,london_ny_overlap,london_ny_overlap
2026-02-09T13:47:26.241302,12548.4285,12548.4285,0.0,0.0,0.0,0.0,4,0,0,0,0,0,0,0,0.0,0.0,0.0,0.0,0.0,london_ny_overlap,london_ny_overlap
2026-02-09T13:47:26.877159,12548.4285,12548.4285,0.0,0.0,0.0,0.0,4,0,0,0,0,0,0,0,0.0,0.0,0.0,0.0,0.0,london_ny_overlap,london_ny_overlap
2026-02-09T13:49:02.756900,12548.4285,12548.4285,0.0,0.0,0.0,0.0,4,0,0,0,0,0,0,0,0.0,0.0,0.0,0.0,0.0,london_ny_overlap,london_ny_overlap
2026-02-09T13:49:03.468117,12548.4285,12548.4285,0.0,0.0,0.0,0.0,4,0,0,0,0,0,0,0,0.0,0.0,0.0,0.0,0.0,london_ny_overlap,london_ny_overlap
2026-02-09T13:50:32.108430,12548.4285,12548.4285,0.0,0.0,0.0,0.0,4,0,0,0,0,0,0,0,0.0,0.0,0.0,0.0,0.0,london_ny_overlap,london_ny_overlap
2026-02-09T13:50:32.880303,12548.4285,12548.4285,0.0,0.0,0.0,0.0,4,0,0,0,0,0,0,0,0.0,0.0,0.0,0.0,0.0,london_ny_overlap,london_ny_overlap
2026-02-09T13:51:56.795016,12548.4285,12548.4285,0.0,0.0,0.0,0.0,4,0,0,0,0,0,0,0,0.0,0.0,0.0,0.0,0.0,london_ny_overlap,london_ny_overlap
2026-02-09T13:51:57.456040,12548.4285,12548.4285,0.0,0.0,0.0,0.0,4,0,0,0,0,0,0,0,0.0,0.0,0.0,0.0,0.0,london_ny_overlap,london_ny_overlap
2026-02-09T13:53:19.778432,12548.4285,12548.4285,0.0,0.0,0.0,0.0,4,0,0,0,0,0,0,0,0.0,0.0,0.0,0.0,0.0,,
2026-02-09T14:06:41.581731,12548.4285,12548.4285,0.0,0.0,0.0,0.0,4,0,0,0,0,0,0,0,0.0,0.0,0.0,0.0,0.0,london_ny_overlap,london_ny_overlap
2026-02-09T14:06:42.233723,12548.4285,12548.4285,0.0,0.0,0.0,0.0,4,0,0,0,0,0,0,0,0.0,0.0,0.0,0.0,0.0,london_ny_overlap,london_ny_overlap
2026-02-09T14:07:57.998975,12548.4285,12548.4285,0.0,0.0,0.0,0.0,4,0,0,0,0,0,0,0,0.0,0.0,0.0,0.0,0.0,london_ny_overlap,london_ny_overlap
2026-02-09T14:07:58.663010,12548.4285,12548.4285,0.0,0.0,0.0,0.0,4,0,0,0,0,0,0,0,0.0,0.0,0.0,0.0,0.0,london_ny_overlap,london_ny_overlap
2026-02-09T14:09:17.558843,12548.4285,12548.4285,0.0,0.0,0.0,0.0,4,0,0,0,0,0,0,0,0.0,0.0,0.0,0.0,0.0,london_ny_overlap,london_ny_overlap
2026-02-09T14:09:18.216415,12548.4285,12548.4285,0.0,0.0,0.0,0.0,4,0,0,0,0,0,0,0,0.0,0.0,0.0,0.0,0.0,london_ny_overlap,london_ny_overlap
2026-02-09T14:10:46.492234,12548.4285,12548.4285,0.0,0.0,0.0,0.0,4,0,0,0,0,0,0,0,0.0,0.0,0.0,0.0,0.0,london_ny_overlap,london_ny_overlap
2026-02-09T14:10:47.185993,12548.4285,12548.4285,0.0,0.0,0.0,0.0,4,0,0,0,0,0,0,0,0.0,0.0,0.0,0.0,0.0,london_ny_overlap,london_ny_overlap
2026-02-09T14:12:02.340014,12673.6105,12673.6105,0.0,0.0,0.0,0.0,4,1,0,0,0,0,0,0,0.0,0.0,0.0,0.0,0.0,london_ny_overlap,london_ny_overlap
2026-02-09T14:24:55.829716,12673.6105,12673.6105,0.0,0.0,0.0,0.0,4,1,0,0,0,0,0,0,0.0,0.0,0.0,0.0,0.0,london_ny_overlap,london_ny_overlap
2026-02-09T14:24:56.499943,12673.6105,12673.6105,0.0,0.0,0.0,0.0,4,1,0,0,0,0,0,0,0.0,0.0,0.0,0.0,0.0,london_ny_overlap,london_ny_overlap
2026-02-09T14:26:23.396996,12673.6105,12673.6105,0.0,0.0,0.0,0.0,4,0,0,0,0,0,0,0,0.0,0.0,0.0,0.0,0.0,london_ny_overlap,london_ny_overlap
2026-02-09T14:26:24.079998,12673.6105,12673.6105,0.0,0.0,0.0,0.0,4,0,0,0,0,0,0,0,0.0,0.0,0.0,0.0,0.0,london_ny_overlap,london_ny_overlap
2026-02-09T14:27:55.538397,12673.6105,12673.6105,0.0,0.0,0.0,0.0,4,0,0,0,0,0,0,0,0.0,0.0,0.0,0.0,0.0,london_ny_overlap,london_ny_overlap
2026-02-09T14:27:56.185527,12673.6105,12673.6105,0.0,0.0,0.0,0.0,4,0,0,0,0,0,0,0,0.0,0.0,0.0,0.0,0.0,london_ny_overlap,london_ny_overlap
2026-02-09T14:29:19.768018,12673.6105,12673.6105,0.0,0.0,0.0,0.0,4,0,0,0,0,0,0,0,0.0,0.0,0.0,0.0,0.0,london_ny_overlap,london_ny_overlap
2026-02-09T14:29:20.374722,12673.6105,12673.6105,0.0,0.0,0.0,0.0,4,0,0,0,0,0,0,0,0.0,0.0,0.0,0.0,0.0,london_ny_overlap,london_ny_overlap
2026-02-09T14:30:51.212439,12673.6105,12673.6105,0.0,0.0,0.0,0.0,4,0,0,0,0,0,0,0,0.0,0.0,0.0,0.0,0.0,london_ny_overlap,london_ny_overlap
2026-02-09T14:30:51.877927,12673.6105,12673.6105,0.0,0.0,0.0,0.0,4,0,0,0,0,0,0,0,0.0,0.0,0.0,0.0,0.0,london_ny_overlap,london_ny_overlap
2026-02-09T14:32:29.706251,12673.6105,12673.6105,0.0,0.0,0.0,0.0,4,0,0,0,0,0,0,0,0.0,0.0,0.0,0.0,0.0,london_ny_overlap,london_ny_overlap
2026-02-09T14:32:30.328965,12673.6105,12673.6105,0.0,0.0,0.0,0.0,4,0,0,0,0,0,0,0,0.0,0.0,0.0,0.0,0.0,london_ny_overlap,london_ny_overlap
2026-02-09T14:33:55.683584,12673.6105,12673.6105,0.0,0.0,0.0,0.0,4,0,0,0,0,0,0,0,0.0,0.0,0.0,0.0,0.0,london_ny_overlap,london_ny_overlap
2026-02-09T14:33:56.344068,12673.6105,12673.6105,0.0,0.0,0.0,0.0,4,0,0,0,0,0,0,0,0.0,0.0,0.0,0.0,0.0,london_ny_overlap,london_ny_overlap
2026-02-09T14:35:23.758765,12673.6105,12673.6105,0.0,0.0,0.0,0.0,4,0,0,0,0,0,0,0,0.0,0.0,0.0,0.0,0.0,london_ny_overlap,london_ny_overlap
2026-02-09T14:35:24.416994,12673.6105,12673.6105,0.0,0.0,0.0,0.0,4,0,0,0,0,0,0,0,0.0,0.0,0.0,0.0,0.0,london_ny_overlap,london_ny_overlap
2026-02-09T14:37:03.803259,12673.6105,12673.6105,0.0,0.0,0.0,0.0,4,0,0,0,0,0,0,0,0.0,0.0,0.0,0.0,0.0,london_ny_overlap,london_ny_overlap
2026-02-09T14:37:04.445878,12673.6105,12673.6105,0.0,0.0,0.0,0.0,4,0,0,0,0,0,0,0,0.0,0.0,0.0,0.0,0.0,london_ny_overlap,london_ny_overlap
2026-02-09T14:38:30.614952,12673.6105,12673.6105,0.0,0.0,0.0,0.0,4,0,0,0,0,0,0,0,0.0,0.0,0.0,0.0,0.0,london_ny_overlap,london_ny_overlap
2026-02-09T14:38:31.299719,12673.6105,12673.6105,0.0,0.0,0.0,0.0,4,0,0,0,0,0,0,0,0.0,0.0,0.0,0.0,0.0,london_ny_overlap,london_ny_overlap
2026-02-09T14:39:50.069802,12787.2574,12787.2574,0.0,0.0,0.0,0.0,3,0,0,0,0,0,0,0,0.0,0.0,0.0,0.0,0.0,,
2026-02-09T14:52:43.658208,12787.2574,12787.2574,0.0,0.0,0.0,0.0,3,0,0,0,0,0,0,0,0.0,0.0,0.0,0.0,0.0,london_ny_overlap,london_ny_overlap
2026-02-09T14:52:44.220772,12787.2574,12787.2574,0.0,0.0,0.0,0.0,3,0,0,0,0,0,0,0,0.0,0.0,0.0,0.0,0.0,london_ny_overlap,london_ny_overlap
2026-02-09T14:54:03.856898,12787.2574,12787.2574,0.0,0.0,0.0,0.0,3,0,0,0,0,0,0,0,0.0,0.0,0.0,0.0,0.0,london_ny_overlap,london_ny_overlap
2026-02-09T14:54:04.400226,12787.2574,12787.2574,0.0,0.0,0.0,0.0,3,0,0,0,0,0,0,0,0.0,0.0,0.0,0.0,0.0,london_ny_overlap,london_ny_overlap
2026-02-09T14:55:35.467060,12787.2574,12787.2574,0.0,0.0,0.0,0.0,3,0,0,0,0,0,0,0,0.0,0.0,0.0,0.0,0.0,london_ny_overlap,london_ny_overlap
2026-02-09T14:55:36.006657,12787.2574,12787.2574,0.0,0.0,0.0,0.0,3,0,0,0,0,0,0,0,0.0,0.0,0.0,0.0,0.0,london_ny_overlap,london_ny_overlap
2026-02-09T14:57:09.154556,12787.2574,12787.2574,0.0,0.0,0.0,0.0,3,0,0,0,0,0,0,0,0.0,0.0,0.0,0.0,0.0,,
2026-02-09T15:11:14.855480,12787.2574,12787.2574,0.0,0.0,0.0,0.0,4,1,0,0,0,0,0,0,0.0,0.0,0.0,0.0,0.0,london_ny_overlap,london_ny_overlap
2026-02-09T15:11:15.509605,12787.2574,12787.2574,0.0,0.0,0.0,0.0,4,1,0,0,0,0,0,0,0.0,0.0,0.0,0.0,0.0,london_ny_overlap,london_ny_overlap
2026-02-09T15:12:48.633799,12787.2574,12787.2574,0.0,0.0,0.0,0.0,4,0,0,0,0,0,0,0,0.0,0.0,0.0,0.0,0.0,london_ny_overlap,london_ny_overlap
2026-02-09T15:12:49.290727,12787.2574,12787.2574,0.0,0.0,0.0,0.0,4,0,0,0,0,0,0,0,0.0,0.0,0.0,0.0,0.0,london_ny_overlap,london_ny_overlap
2026-02-09T15:14:10.304481,12787.2574,12787.2574,0.0,0.0,0.0,0.0,4,0,0,0,0,0,0,0,0.0,0.0,0.0,0.0,0.0,london_ny_overlap,london_ny_overlap
2026-02-09T15:14:10.995182,12787.2574,12787.2574,0.0,0.0,0.0,0.0,4,0,0,0,0,0,0,0,0.0,0.0,0.0,0.0,0.0,london_ny_overlap,london_ny_overlap
2026-02-09T15:15:31.872823,12787.2574,12787.2574,0.0,0.0,0.0,0.0,4,0,0,0,0,0,0,0,0.0,0.0,0.0,0.0,0.0,london_ny_overlap,london_ny_overlap
2026-02-09T15:15:32.549664,12787.2574,12787.2574,0.0,0.0,0.0,0.0,4,0,0,0,0,0,0,0,0.0,0.0,0.0,0.0,0.0,london_ny_overlap,london_ny_overlap
2026-02-09T15:16:57.013992,12787.2574,12787.2574,0.0,0.0,0.0,0.0,4,0,0,0,0,0,0,0,0.0,0.0,0.0,0.0,0.0,london_ny_overlap,london_ny_overlap
2026-02-09T15:16:57.700044,12787.2574,12787.2574,0.0,0.0,0.0,0.0,4,0,0,0,0,0,0,0,0.0,0.0,0.0,0.0,0.0,london_ny_overlap,london_ny_overlap
2026-02-09T15:18:30.680038,12787.2574,12787.2574,0.0,0.0,0.0,0.0,4,0,0,0,0,0,0,0,0.0,0.0,0.0,0.0,0.0,london_ny_overlap,london_ny_overlap
2026-02-09T15:18:31.335057,12787.2574,12787.2574,0.0,0.0,0.0,0.0,4,0,0,0,0,0,0,0,0.0,0.0,0.0,0.0,0.0,london_ny_overlap,london_ny_overlap
2026-02-09T15:19:53.533591,12787.2574,12787.2574,0.0,0.0,0.0,0.0,4,0,0,0,0,0,0,0,0.0,0.0,0.0,0.0,0.0,london_ny_overlap,london_ny_overlap
2026-02-09T15:19:54.211307,12787.2574,12787.2574,0.0,0.0,0.0,0.0,4,0,0,0,0,0,0,0,0.0,0.0,0.0,0.0,0.0,london_ny_overlap,london_ny_overlap
2026-02-09T15:21:17.137941,12787.2574,12787.2574,0.0,0.0,0.0,0.0,4,0,0,0,0,0,0,0,0.0,0.0,0.0,0.0,0.0,,
2026-02-09T15:34:44.723118,12787.2574,12787.2574,0.0,0.0,0.0,0.0,4,0,0,0,0,0,0,0,0.0,0.0,0.0,0.0,0.0,london_ny_overlap,london_ny_overlap
2026-02-09T15:34:45.477937,12787.2574,12787.2574,0.0,0.0,0.0,0.0,4,0,0,0,0,0,0,0,0.0,0.0,0.0,0.0,0.0,london_ny_overlap,london_ny_overlap
2026-02-09T15:36:13.552435,12787.2574,12787.2574,0.0,0.0,0.0,0.0,4,0,0,0,0,0,0,0,0.0,0.0,0.0,0.0,0.0,london_ny_overlap,london_ny_overlap
2026-02-09T15:36:14.208313,12787.2574,12787.2574,0.0,0.0,0.0,0.0,4,0,0,0,0,0,0,0,0.0,0.0,0.0,0.0,0.0,london_ny_overlap,london_ny_overlap
2026-02-09T15:37:33.284223,12787.2574,12787.2574,0.0,0.0,0.0,0.0,4,0,0,0,0,0,0,0,0.0,0.0,0.0,0.0,0.0,london_ny_overlap,london_ny_overlap
2026-02-09T15:37:34.081193,12787.2574,12787.2574,0.0,0.0,0.0,0.0,4,0,0,0,0,0,0,0,0.0,0.0,0.0,0.0,0.0,london_ny_overlap,london_ny_overlap
2026-02-09T15:38:54.150099,12787.2574,12787.2574,0.0,0.0,0.0,0.0,4,0,0,0,0,0,0,0,0.0,0.0,0.0,0.0,0.0,london_ny_overlap,london_ny_overlap
2026-02-09T15:38:54.791866,12787.2574,12787.2574,0.0,0.0,0.0,0.0,4,0,0,0,0,0,0,0,0.0,0.0,0.0,0.0,0.0,london_ny_overlap,london_ny_overlap
2026-02-09T15:40:15.038012,12787.2574,12787.2574,0.0,0.0,0.0,0.0,4,0,0,0,0,0,0,0,0.0,0.0,0.0,0.0,0.0,london_ny_overlap,london_ny_overlap
2026-02-09T15:40:15.691791,12787.2574,12787.2574,0.0,0.0,0.0,0.0,4,0,0,0,0,0,0,0,0.0,0.0,0.0,0.0,0.0,london_ny_overlap,london_ny_overlap
2026-02-09T15:41:41.180123,12787.2574,12787.2574,0.0,0.0,0.0,0.0,4,0,0,0,0,0,0,0,0.0,0.0,0.0,0.0,0.0,,
2026-02-09T15:54:37.651528,12787.2574,12787.2574,0.0,0.0,0.0,0.0,4,0,0,0,0,0,0,0,0.0,0.0,0.0,0.0,0.0,london_ny_overlap,london_ny_overlap
2026-02-09T15:54:38.322177,12787.2574,12787.2574,0.0,0.0,0.0,0.0,4,0,0,0,0,0,0,0,0.0,0.0,0.0,0.0,0.0,london_ny_overlap,london_ny_overlap
2026-02-09T15:56:01.220100,12787.2574,12787.2574,0.0,0.0,0.0,0.0,4,0,0,0,0,0,0,0,0.0,0.0,0.0,0.0,0.0,london_ny_overlap,london_ny_overlap
2026-02-09T15:56:01.907653,12787.2574,12787.2574,0.0,0.0,0.0,0.0,4,0,0,0,0,0,0,0,0.0,0.0,0.0,0.0,0.0,london_ny_overlap,london_ny_overlap
2026-02-09T15:57:22.550846,12787.2574,12787.2574,0.0,0.0,0.0,0.0,4,0,0,0,0,0,0,0,0.0,0.0,0.0,0.0,0.0,london_ny_overlap,london_ny_overlap
2026-02-09T15:57:23.231757,12787.2574,12787.2574,0.0,0.0,0.0,0.0,4,0,0,0,0,0,0,0,0.0,0.0,0.0,0.0,0.0,london_ny_overlap,london_ny_overlap
2026-02-09T15:58:45.364513,12787.2574,12787.2574,0.0,0.0,0.0,0.0,4,0,0,0,0,0,0,0,0.0,0.0,0.0,0.0,0.0,london_ny_overlap,london_ny_overlap
2026-02-09T15:58:46.022629,12787.2574,12787.2574,0.0,0.0,0.0,0.0,4,0,0,0,0,0,0,0,0.0,0.0,0.0,0.0,0.0,london_ny_overlap,london_ny_overlap
2026-02-09T16:00:06.451998,12787.2574,12787.2574,0.0,0.0,0.0,0.0,4,0,0,0,0,0,0,0,0.0,0.0,0.0,0.0,0.0,london_ny_overlap,london_ny_overlap
2026-02-09T16:00:07.094174,12787.2574,12787.2574,0.0,0.0,0.0,0.0,4,0,0,0,0,0,0,0,0.0,0.0,0.0,0.0,0.0,london_ny_overlap,london_ny_overlap
2026-02-09T16:01:24.717056,12787.2574,12787.2574,0.0,0.0,0.0,0.0,4,0,0,0,0,0,0,0,0.0,0.0,0.0,0.0,0.0,london_ny_overlap,london_ny_overlap
2026-02-09T16:01:25.360051,12787.2574,12787.2574,0.0,0.0,0.0,0.0,4,0,0,0,0,0,0,0,0.0,0.0,0.0,0.0,0.0,london_ny_overlap,london_ny_overlap
2026-02-09T16:02:56.648254,12787.2574,12787.2574,0.0,0.0,0.0,0.0,4,0,0,0,0,0,0,0,0.0,0.0,0.0,0.0,0.0,london_ny_overlap,london_ny_overlap
2026-02-09T16:02:57.368102,12787.2574,12787.2574,0.0,0.0,0.0,0.0,4,0,0,0,0,0,0,0,0.0,0.0,0.0,0.0,0.0,london_ny_overlap,london_ny_overlap
2026-02-09T16:04:14.198104,12787.2574,12787.2574,0.0,0.0,0.0,0.0,4,0,0,0,0,0,0,0,0.0,0.0,0.0,0.0,0.0,london_ny_overlap,london_ny_overlap
2026-02-09T16:04:14.927294,12787.2574,12787.2574,0.0,0.0,0.0,0.0,4,0,0,0,0,0,0,0,0.0,0.0,0.0,0.0,0.0,london_ny_overlap,london_ny_overlap
2026-02-09T16:05:26.886998,12787.2574,12787.2574,0.0,0.0,0.0,0.0,4,0,0,0,0,0,0,0,0.0,0.0,0.0,0.0,0.0,london_ny_overlap,london_ny_overlap
2026-02-09T16:05:27.562746,12787.2574,12787.2574,0.0,0.0,0.0,0.0,4,0,0,0,0,0,0,0,0.0,0.0,0.0,0.0,0.0,london_ny_overlap,london_ny_overlap
2026-02-09T16:06:40.597971,12787.2574,12787.2574,0.0,0.0,0.0,0.0,4,0,0,0,0,0,0,0,0.0,0.0,0.0,0.0,0.0,london_ny_overlap,london_ny_overlap
2026-02-09T16:06:41.294700,12787.2574,12787.2574,0.0,0.0,0.0,0.0,4,0,0,0,0,0,0,0,0.0,0.0,0.0,0.0,0.0,london_ny_overlap,london_ny_overlap
2026-02-09T16:07:58.513378,12787.2574,12787.2574,0.0,0.0,0.0,0.0,4,0,0,0,0,0,0,0,0.0,0.0,0.0,0.0,0.0,london_ny_overlap,london_ny_overlap
2026-02-09T16:07:59.166196,12787.2574,12787.2574,0.0,0.0,0.0,0.0,4,0,0,0,0,0,0,0,0.0,0.0,0.0,0.0,0.0,london_ny_overlap,london_ny_overlap
2026-02-09T16:09:27.919240,12787.2574,12787.2574,0.0,0.0,0.0,0.0,4,0,0,0,0,0,0,0,0.0,0.0,0.0,0.0,0.0,london_ny_overlap,london_ny_overlap
2026-02-09T16:09:28.525132,12787.2574,12787.2574,0.0,0.0,0.0,0.0,4,0,0,0,0,0,0,0,0.0,0.0,0.0,0.0,0.0,london_ny_overlap,london_ny_overlap
2026-02-09T16:10:53.082490,12787.2574,12787.2574,0.0,0.0,0.0,0.0,4,0,0,0,0,0,0,0,0.0,0.0,0.0,0.0,0.0,london_ny_overlap,london_ny_overlap
2026-02-09T16:10:53.770016,12787.2574,12787.2574,0.0,0.0,0.0,0.0,4,0,0,0,0,0,0,0,0.0,0.0,0.0,0.0,0.0,london_ny_overlap,london_ny_overlap
2026-02-09T16:12:11.939221,12787.2574,12787.2574,0.0,0.0,0.0,0.0,4,0,0,0,0,0,0,0,0.0,0.0,0.0,0.0,0.0,london_ny_overlap,london_ny_overlap
2026-02-09T16:12:12.606045,12787.2574,12787.2574,0.0,0.0,0.0,0.0,4,0,0,0,0,0,0,0,0.0,0.0,0.0,0.0,0.0,london_ny_overlap,london_ny_overlap
2026-02-09T16:13:39.370423,12787.2574,12787.2574,0.0,0.0,0.0,0.0,4,0,0,0,0,0,0,0,0.0,0.0,0.0,0.0,0.0,london_ny_overlap,london_ny_overlap
2026-02-09T16:13:40.009647,12787.2574,12787.2574,0.0,0.0,0.0,0.0,4,0,0,0,0,0,0,0,0.0,0.0,0.0,0.0,0.0,london_ny_overlap,london_ny_overlap
2026-02-09T16:15:08.103414,12787.2574,12787.2574,0.0,0.0,0.0,0.0,4,0,0,0,0,0,0,0,0.0,0.0,0.0,0.0,0.0,london_ny_overlap,london_ny_overlap
2026-02-09T16:15:08.789424,12787.2574,12787.2574,0.0,0.0,0.0,0.0,4,0,0,0,0,0,0,0,0.0,0.0,0.0,0.0,0.0,london_ny_overlap,london_ny_overlap
2026-02-09T16:16:19.962025,12787.2574,12787.2574,0.0,0.0,0.0,0.0,4,0,0,0,0,0,0,0,0.0,0.0,0.0,0.0,0.0,london_ny_overlap,london_ny_overlap
2026-02-09T16:16:20.598559,12787.2574,12787.2574,0.0,0.0,0.0,0.0,4,0,0,0,0,0,0,0,0.0,0.0,0.0,0.0,0.0,london_ny_overlap,london_ny_overlap
2026-02-09T16:17:31.470322,12787.2574,12787.2574,0.0,0.0,0.0,0.0,4,0,0,0,0,0,0,0,0.0,0.0,0.0,0.0,0.0,london_ny_overlap,london_ny_overlap
2026-02-09T16:17:32.107354,12787.2574,12787.2574,0.0,0.0,0.0,0.0,4,0,0,0,0,0,0,0,0.0,0.0,0.0,0.0,0.0,london_ny_overlap,london_ny_overlap
2026-02-09T16:18:55.174164,12787.2574,12787.2574,0.0,0.0,0.0,0.0,4,0,0,0,0,0,0,0,0.0,0.0,0.0,0.0,0.0,london_ny_overlap,london_ny_overlap
2026-02-09T16:18:55.849037,12787.2574,12787.2574,0.0,0.0,0.0,0.0,4,0,0,0,0,0,0,0,0.0,0.0,0.0,0.0,0.0,london_ny_overlap,london_ny_overlap
2026-02-09T16:20:16.107750,12787.2574,12787.2574,0.0,0.0,0.0,0.0,4,0,0,0,0,0,0,0,0.0,0.0,0.0,0.0,0.0,london_ny_overlap,london_ny_overlap
2026-02-09T16:20:16.753068,12787.2574,12787.2574,0.0,0.0,0.0,0.0,4,0,0,0,0,0,0,0,0.0,0.0,0.0,0.0,0.0,london_ny_overlap,london_ny_overlap
2026-02-09T16:21:43.520052,12787.2574,12787.2574,0.0,0.0,0.0,0.0,4,0,0,0,0,0,0,0,0.0,0.0,0.0,0.0,0.0,,
2026-02-09T16:34:00.785044,12787.2574,12787.2574,0.0,0.0,0.0,0.0,4,0,0,0,0,0,0,0,0.0,0.0,0.0,0.0,0.0,london_ny_overlap,london_ny_overlap
2026-02-09T16:34:01.466266,12787.2574,12787.2574,0.0,0.0,0.0,0.0,4,0,0,0,0,0,0,0,0.0,0.0,0.0,0.0,0.0,london_ny_overlap,london_ny_overlap
2026-02-09T16:35:25.759657,12787.2574,12787.2574,0.0,0.0,0.0,0.0,4,0,0,0,0,0,0,0,0.0,0.0,0.0,0.0,0.0,london_ny_overlap,london_ny_overlap
2026-02-09T16:35:26.441570,12787.2574,12787.2574,0.0,0.0,0.0,0.0,4,0,0,0,0,0,0,0,0.0,0.0,0.0,0.0,0.0,london_ny_overlap,london_ny_overlap
2026-02-09T16:36:50.716177,12787.2574,12787.2574,0.0,0.0,0.0,0.0,4,0,0,0,0,0,0,0,0.0,0.0,0.0,0.0,0.0,,
2026-02-09T16:50:21.882473,12787.2574,12787.2574,0.0,0.0,0.0,0.0,4,0,0,0,0,0,0,0,0.0,0.0,0.0,0.0,0.0,london_ny_overlap,london_ny_overlap
2026-02-09T16:50:22.518392,12787.2574,12787.2574,0.0,0.0,0.0,0.0,4,0,0,0,0,0,0,0,0.0,0.0,0.0,0.0,0.0,london_ny_overlap,london_ny_overlap
2026-02-09T16:51:51.931353,12787.2574,12787.2574,0.0,0.0,0.0,0.0,4,0,0,0,0,0,0,0,0.0,0.0,0.0,0.0,0.0,london_ny_overlap,london_ny_overlap
2026-02-09T16:51:52.800115,12787.2574,12787.2574,0.0,0.0,0.0,0.0,4,0,0,0,0,0,0,0,0.0,0.0,0.0,0.0,0.0,london_ny_overlap,london_ny_overlap
2026-02-09T16:53:15.118509,12787.2574,12787.2574,0.0,0.0,0.0,0.0,4,0,0,0,0,0,0,0,0.0,0.0,0.0,0.0,0.0,london_ny_overlap,london_ny_overlap
2026-02-09T16:53:15.749126,12787.2574,12787.2574,0.0,0.0,0.0,0.0,4,0,0,0,0,0,0,0,0.0,0.0,0.0,0.0,0.0,london_ny_overlap,london_ny_overlap
2026-02-09T16:54:42.703028,12787.2574,12787.2574,0.0,0.0,0.0,0.0,4,0,0,0,0,0,0,0,0.0,0.0,0.0,0.0,0.0,london_ny_overlap,london_ny_overlap
2026-02-09T16:54:43.409941,12787.2574,12787.2574,0.0,0.0,0.0,0.0,4,0,0,0,0,0,0,0,0.0,0.0,0.0,0.0,0.0,london_ny_overlap,london_ny_overlap
2026-02-09T16:56:10.098306,12787.2574,12787.2574,0.0,0.0,0.0,0.0,4,0,0,0,0,0,0,0,0.0,0.0,0.0,0.0,0.0,,
2026-02-09T17:11:40.746276,12787.2574,12787.2574,0.0,0.0,0.0,0.0,4,0,0,0,0,0,0,0,0.0,0.0,0.0,0.0,0.0,ny,ny
2026-02-09T17:11:41.431362,12787.2574,12787.2574,0.0,0.0,0.0,0.0,4,0,0,0,0,0,0,0,0.0,0.0,0.0,0.0,0.0,ny,ny
2026-02-09T17:12:45.476986,12787.2574,12787.2574,0.0,0.0,0.0,0.0,4,0,0,0,0,0,0,0,0.0,0.0,0.0,0.0,0.0,ny,ny
2026-02-09T17:12:46.117191,12787.2574,12787.2574,0.0,0.0,0.0,0.0,4,0,0,0,0,0,0,0,0.0,0.0,0.0,0.0,0.0,ny,ny
2026-02-09T17:13:53.152536,12787.2574,12787.2574,0.0,0.0,0.0,0.0,4,0,0,0,0,0,0,0,0.0,0.0,0.0,0.0,0.0,ny,ny
2026-02-09T17:13:53.817370,12787.2574,12787.2574,0.0,0.0,0.0,0.0,4,0,0,0,0,0,0,0,0.0,0.0,0.0,0.0,0.0,ny,ny
2026-02-09T17:15:07.668986,12787.2574,12787.2574,0.0,0.0,0.0,0.0,4,0,0,0,0,0,0,0,0.0,0.0,0.0,0.0,0.0,ny,ny
2026-02-09T17:15:08.404088,12787.2574,12787.2574,0.0,0.0,0.0,0.0,4,0,0,0,0,0,0,0,0.0,0.0,0.0,0.0,0.0,ny,ny
2026-02-09T17:16:22.263133,12787.2574,12787.2574,0.0,0.0,0.0,0.0,4,0,0,0,0,0,0,0,0.0,0.0,0.0,0.0,0.0,ny,ny
2026-02-09T17:16:22.949359,12787.2574,12787.2574,0.0,0.0,0.0,0.0,4,0,0,0,0,0,0,0,0.0,0.0,0.0,0.0,0.0,ny,ny
2026-02-09T17:17:36.825586,12787.2574,12787.2574,0.0,0.0,0.0,0.0,4,0,0,0,0,0,0,0,0.0,0.0,0.0,0.0,0.0,ny,ny
2026-02-09T17:17:37.511977,12787.2574,12787.2574,0.0,0.0,0.0,0.0,4,0,0,0,0,0,0,0,0.0,0.0,0.0,0.0,0.0,ny,ny
2026-02-09T17:18:48.569214,12787.2574,12787.2574,0.0,0.0,0.0,0.0,4,0,0,0,0,0,0,0,0.0,0.0,0.0,0.0,0.0,ny,ny
2026-02-09T17:18:49.245915,12787.2574,12787.2574,0.0,0.0,0.0,0.0,4,0,0,0,0,0,0,0,0.0,0.0,0.0,0.0,0.0,ny,ny
2026-02-09T17:20:16.975968,12787.2574,12787.2574,0.0,0.0,0.0,0.0,4,0,0,0,0,0,0,0,0.0,0.0,0.0,0.0,0.0,ny,ny
2026-02-09T17:20:17.628190,12787.2574,12787.2574,0.0,0.0,0.0,0.0,4,0,0,0,0,0,0,0,0.0,0.0,0.0,0.0,0.0,ny,ny
2026-02-09T17:21:45.198107,12787.2574,12787.2574,0.0,0.0,0.0,0.0,4,0,0,0,0,0,0,0,0.0,0.0,0.0,0.0,0.0,ny,ny
2026-02-09T17:21:45.845158,12787.2574,12787.2574,0.0,0.0,0.0,0.0,4,0,0,0,0,0,0,0,0.0,0.0,0.0,0.0,0.0,ny,ny
2026-02-09T17:22:58.279800,12787.2574,12787.2574,0.0,0.0,0.0,0.0,4,0,0,0,0,0,0,0,0.0,0.0,0.0,0.0,0.0,ny,ny
2026-02-09T17:22:58.939351,12787.2574,12787.2574,0.0,0.0,0.0,0.0,4,0,0,0,0,0,0,0,0.0,0.0,0.0,0.0,0.0,ny,ny
2026-02-09T17:24:06.822018,12787.2574,12787.2574,0.0,0.0,0.0,0.0,4,0,0,0,0,0,0,0,0.0,0.0,0.0,0.0,0.0,ny,ny
2026-02-09T17:24:07.481040,12787.2574,12787.2574,0.0,0.0,0.0,0.0,4,0,0,0,0,0,0,0,0.0,0.0,0.0,0.0,0.0,ny,ny
2026-02-09T17:25:27.057960,12787.2574,12787.2574,0.0,0.0,0.0,0.0,4,0,0,0,0,0,0,0,0.0,0.0,0.0,0.0,0.0,ny,ny
2026-02-09T17:25:27.755825,12787.2574,12787.2574,0.0,0.0,0.0,0.0,4,0,0,0,0,0,0,0,0.0,0.0,0.0,0.0,0.0,ny,ny
2026-02-09T17:26:54.567441,12787.2574,12787.2574,0.0,0.0,0.0,0.0,4,0,0,0,0,0,0,0,0.0,0.0,0.0,0.0,0.0,ny,ny
2026-02-09T17:26:55.189099,12787.2574,12787.2574,0.0,0.0,0.0,0.0,4,0,0,0,0,0,0,0,0.0,0.0,0.0,0.0,0.0,ny,ny
2026-02-09T17:28:10.327254,12787.2574,12787.2574,0.0,0.0,0.0,0.0,4,0,0,0,0,0,0,0,0.0,0.0,0.0,0.0,0.0,ny,ny
2026-02-09T17:28:11.012311,12787.2574,12787.2574,0.0,0.0,0.0,0.0,4,0,0,0,0,0,0,0,0.0,0.0,0.0,0.0,0.0,ny,ny
2026-02-09T17:29:19.389013,12787.2574,12787.2574,0.0,0.0,0.0,0.0,4,0,0,0,0,0,0,0,0.0,0.0,0.0,0.0,0.0,ny,ny
2026-02-09T17:29:20.003277,12787.2574,12787.2574,0.0,0.0,0.0,0.0,4,0,0,0,0,0,0,0,0.0,0.0,0.0,0.0,0.0,ny,ny
2026-02-09T17:30:41.021850,12787.2574,12787.2574,0.0,0.0,0.0,0.0,4,0,0,0,0,0,0,0,0.0,0.0,0.0,0.0,0.0,,
2026-02-09T17:48:20.829084,12787.2574,12787.2574,0.0,0.0,0.0,0.0,4,0,0,0,0,0,0,0,0.0,0.0,0.0,0.0,0.0,ny,ny
2026-02-09T17:48:21.483534,12787.2574,12787.2574,0.0,0.0,0.0,0.0,4,0,0,0,0,0,0,0,0.0,0.0,0.0,0.0,0.0,ny,ny
2026-02-09T17:49:48.472542,12787.2574,12787.2574,0.0,0.0,0.0,0.0,4,0,0,0,0,0,0,0,0.0,0.0,0.0,0.0,0.0,,
2026-02-09T18:07:40.925410,12787.2574,12787.2574,0.0,0.0,0.0,0.0,4,3,0,0,0,0,0,0,0.0,0.0,0.0,0.0,0.0,ny,ny
2026-02-09T18:07:41.631000,12787.2574,12787.2574,0.0,0.0,0.0,0.0,4,3,0,0,0,0,0,0,0.0,0.0,0.0,0.0,0.0,ny,ny
2026-02-09T18:09:00.135956,12787.2574,12787.2574,0.0,0.0,0.0,0.0,4,1,0,0,0,0,0,0,0.0,0.0,0.0,0.0,0.0,,
2026-02-09T18:25:19.472215,12787.2574,12787.2574,0.0,0.0,0.0,0.0,5,1,0,0,0,0,0,0,0.0,0.0,0.0,0.0,0.0,,
2026-02-09T18:42:40.025203,12787.2574,12787.2574,0.0,0.0,0.0,0.0,5,1,0,0,0,0,0,0,0.0,0.0,0.0,0.0,0.0,,
2026-02-09T18:59:10.327938,12787.2574,12787.2574,0.0,0.0,0.0,0.0,5,1,0,0,0,0,0,0,0.0,0.0,0.0,0.0,0.0,,
2026-02-09T19:16:21.849806,12787.2574,12787.2574,0.0,0.0,0.0,0.0,5,1,0,0,0,0,0,0,0.0,0.0,0.0,0.0,0.0,,
2026-02-09T19:34:40.345443,12787.2574,12787.2574,0.0,0.0,0.0,0.0,5,1,0,0,0,0,0,0,0.0,0.0,0.0,0.0,0.0,,
2026-02-09T19:51:50.949002,12880.5355,12880.5355,0.0,0.0,93.27809999999954,0.7294613464181893,5,2,0,0,0,0,0,0,0.0,0.0,0.0,0.0,0.0,ny,ny
2026-02-09T19:51:51.924353,12880.5355,12880.5355,0.0,0.0,93.27809999999954,0.7294613464181893,5,2,0,0,0,0,0,0,0.0,0.0,0.0,0.0,0.0,ny,ny
2026-02-09T19:52:55.911045,12880.5355,12880.5355,0.0,0.0,0.0,0.0,5,0,0,0,0,0,0,0,0.0,0.0,0.0,0.0,0.0,,
2026-02-09T20:09:36.736719,12880.5355,12880.5355,0.0,0.0,0.0,0.0,5,0,0,0,0,0,0,0,0.0,0.0,0.0,0.0,0.0,,
2026-02-09T20:27:57.719735,12880.5355,12880.5355,0.0,0.0,0.0,0.0,5,0,0,0,0,0,0,0,0.0,0.0,0.0,0.0,0.0,,
2026-02-09T20:44:28.056039,12880.5355,12880.5355,0.0,0.0,0.0,0.0,5,0,0,0,0,0,0,0,0.0,0.0,0.0,0.0,0.0,,
2026-02-09T21:01:42.822177,12880.5355,12880.5355,0.0,0.0,0.0,0.0,5,0,0,0,0,0,0,0,0.0,0.0,0.0,0.0,0.0,,
2026-02-09T21:18:19.029854,12880.5355,12880.5355,0.0,0.0,0.0,0.0,5,0,0,0,0,0,0,0,0.0,0.0,0.0,0.0,0.0,,
2026-02-09T21:35:03.408070,12880.5355,12880.5355,0.0,0.0,0.0,0.0,5,0,0,0,0,0,0,0,0.0,0.0,0.0,0.0,0.0,,
2026-02-09T21:50:56.894514,12880.5355,12880.5355,0.0,0.0,0.0,0.0,5,0,0,0,0,0,0,0,0.0,0.0,0.0,0.0,0.0,,
2026-02-09T22:18:42.115734,12871.6055,12871.6055,0.0,0.0,-8.930000000000291,-0.06932941569083281,5,0,0,0,0,0,0,0,0.0,0.0006932941569083281,0.0006932941569083281,0.0,0.0,,
2026-02-09T23:14:06.071623,12871.6055,12871.6055,0.0,0.0,-8.930000000000291,-0.06932941569083281,5,0,0,0,0,0,0,0,0.0,0.0006932941569083281,0.0006932941569083281,0.0,0.0,,
2026-02-10T00:05:48.613592,12871.6055,12871.6055,0.0,0.0,-8.930000000000291,-0.06932941569083281,5,0,0,0,0,0,0,0,0.0,0.0006932941569083281,0.0006932941569083281,0.0,0.0,,
2026-02-10T00:22:37.632116,12871.6055,12871.6055,0.0,0.0,-8.930000000000291,-0.06932941569083281,5,0,0,0,0,0,0,0,0.0,0.0006932941569083281,0.0006932941569083281,0.0,0.0,,
2026-02-10T00:39:01.176088,12871.6055,12871.6055,0.0,0.0,-8.930000000000291,-0.06932941569083281,5,0,0,0,0,0,0,0,0.0,0.0006932941569083281,0.0006932941569083281,0.0,0.0,,
2026-02-10T00:55:51.636701,12871.6055,12871.6055,0.0,0.0,-8.930000000000291,-0.06932941569083281,5,0,0,0,0,0,0,0,0.0,0.0006932941569083281,0.0006932941569083281,0.0,0.0,,
2026-02-10T01:12:31.594217,12871.6055,12871.6055,0.0,0.0,-8.930000000000291,-0.06932941569083281,5,0,0,0,0,0,0,0,0.0,0.0006932941569083281,0.0006932941569083281,0.0,0.0,,
2026-02-10T01:29:31.335136,12871.6055,12871.6055,0.0,0.0,-8.930000000000291,-0.06932941569083281,5,0,0,0,0,0,0,0,0.0,0.0006932941569083281,0.0006932941569083281,0.0,0.0,,
2026-02-10T01:46:08.913208,12871.6055,12871.6055,0.0,0.0,-8.930000000000291,-0.06932941569083281,5,0,0,0,0,0,0,0,0.0,0.0006932941569083281,0.0006932941569083281,0.0,0.0,,
2026-02-10T02:03:39.678974,12871.6055,12871.6055,0.0,0.0,-8.930000000000291,-0.06932941569083281,5,0,0,0,0,0,0,0,0.0,0.0006932941569083281,0.0006932941569083281,0.0,0.0,,
2026-02-10T02:21:38.153393,12871.6055,12871.6055,0.0,0.0,-8.930000000000291,-0.06932941569083281,5,0,0,0,0,0,0,0,0.0,0.0006932941569083281,0.0006932941569083281,0.0,0.0,,
2026-02-10T02:39:08.533812,12871.6055,12871.6055,0.0,0.0,-8.930000000000291,-0.06932941569083281,5,0,0,0,0,0,0,0,0.0,0.0006932941569083281,0.0006932941569083281,0.0,0.0,,
2026-02-10T02:56:12.250749,12871.6055,12871.6055,0.0,0.0,-8.930000000000291,-0.06932941569083281,5,0,0,0,0,0,0,0,0.0,0.0006932941569083281,0.0006932941569083281,0.0,0.0,,
2026-02-10T03:13:27.244152,12871.6055,12871.6055,0.0,0.0,-8.930000000000291,-0.06932941569083281,5,0,0,0,0,0,0,0,0.0,0.0006932941569083281,0.0006932941569083281,0.0,0.0,,
2026-02-10T03:31:38.516215,12871.6055,12871.6055,0.0,0.0,-8.930000000000291,-0.06932941569083281,5,0,0,0,0,0,0,0,0.0,0.0006932941569083281,0.0006932941569083281,0.0,0.0,,
2026-02-10T03:49:13.828098,12871.6055,12871.6055,0.0,0.0,-8.930000000000291,-0.06932941569083281,5,0,0,0,0,0,0,0,0.0,0.0006932941569083281,0.0006932941569083281,0.0,0.0,,
2026-02-10T04:06:45.036150,12871.6055,12871.6055,0.0,0.0,-8.930000000000291,-0.06932941569083281,5,0,0,0,0,0,0,0,0.0,0.0006932941569083281,0.0006932941569083281,0.0,0.0,,
2026-02-10T04:24:48.699558,12871.6055,12871.6055,0.0,0.0,-8.930000000000291,-0.06932941569083281,5,0,0,0,0,0,0,0,0.0,0.0006932941569083281,0.0006932941569083281,0.0,0.0,,
2026-02-10T04:42:30.364552,12871.6055,12871.6055,0.0,0.0,-8.930000000000291,-0.06932941569083281,5,0,0,0,0,0,0,0,0.0,0.0006932941569083281,0.0006932941569083281,0.0,0.0,,
2026-02-10T05:00:05.015067,12871.6055,12871.6055,0.0,0.0,-8.930000000000291,-0.06932941569083281,5,0,0,0,0,0,0,0,0.0,0.0006932941569083281,0.0006932941569083281,0.0,0.0,,
2026-02-10T05:17:53.246751,12871.6055,12871.6055,0.0,0.0,-8.930000000000291,-0.06932941569083281,5,0,0,0,0,0,0,0,0.0,0.0006932941569083281,0.0006932941569083281,0.0,0.0,,
2026-02-10T05:35:31.951182,12871.6055,12871.6055,0.0,0.0,-8.930000000000291,-0.06932941569083281,5,0,0,0,0,0,0,0,0.0,0.0006932941569083281,0.0006932941569083281,0.0,0.0,,
2026-02-10T05:52:46.396035,12871.6055,12871.6055,0.0,0.0,-8.930000000000291,-0.06932941569083281,5,0,0,0,0,0,0,0,0.0,0.0006932941569083281,0.0006932941569083281,0.0,0.0,,
2026-02-10T06:10:09.079354,12871.6055,12871.6055,0.0,0.0,-8.930000000000291,-0.06932941569083281,5,0,0,0,0,0,0,0,0.0,0.0006932941569083281,0.0006932941569083281,0.0,0.0,,
2026-02-10T06:27:24.439029,12871.6055,12871.6055,0.0,0.0,-8.930000000000291,-0.06932941569083281,5,0,0,0,0,0,0,0,0.0,0.0006932941569083281,0.0006932941569083281,0.0,0.0,,
2026-02-10T06:45:13.034246,12871.6055,12871.6055,0.0,0.0,-8.930000000000291,-0.06932941569083281,5,0,0,0,0,0,0,0,0.0,0.0006932941569083281,0.0006932941569083281,0.0,0.0,,
2026-02-10T07:02:46.173323,12871.6055,12871.6055,0.0,0.0,-8.930000000000291,-0.06932941569083281,5,0,0,0,0,0,0,0,0.0,0.0006932941569083281,0.0006932941569083281,0.0,0.0,,
2026-02-10T07:19:39.340268,12871.6055,12871.6055,0.0,0.0,-8.930000000000291,-0.06932941569083281,5,0,0,0,0,0,0,0,0.0,0.0006932941569083281,0.0006932941569083281,0.0,0.0,,
2026-02-10T07:35:59.731050,12871.6055,12871.6055,0.0,0.0,-8.930000000000291,-0.06932941569083281,5,0,0,0,0,0,0,0,0.0,0.0006932941569083281,0.0006932941569083281,0.0,0.0,,
2026-02-10T07:53:11.860236,12871.6055,12871.6055,0.0,0.0,-8.930000000000291,-0.06932941569083281,5,0,0,0,0,0,0,0,0.0,0.0006932941569083281,0.0006932941569083281,0.0,0.0,,
2026-02-10T08:11:18.099067,12871.6055,12871.6055,0.0,0.0,-8.930000000000291,-0.06932941569083281,5,0,0,0,0,0,0,0,0.0,0.0006932941569083281,0.0006932941569083281,0.0,0.0,,
2026-02-10T08:28:57.339986,12871.6055,12871.6055,0.0,0.0,-8.930000000000291,-0.06932941569083281,5,0,0,0,0,0,0,0,0.0,0.0006932941569083281,0.0006932941569083281,0.0,0.0,,
2026-02-10T08:46:44.900986,12871.6055,12871.6055,0.0,0.0,-8.930000000000291,-0.06932941569083281,5,0,0,0,0,0,0,0,0.0,0.0006932941569083281,0.0006932941569083281,0.0,0.0,,
2026-02-10T09:04:23.333063,12871.6055,12871.6055,0.0,0.0,-8.930000000000291,-0.06932941569083281,5,0,0,0,0,0,0,0,0.0,0.0006932941569083281,0.0006932941569083281,0.0,0.0,,
2026-02-10T09:17:52.554211,12871.6055,12871.6055,0.0,0.0,-8.930000000000291,-0.06932941569083281,5,0,0,0,0,0,0,0,0.0,0.0006932941569083281,0.0006932941569083281,0.0,0.0,,
2026-02-10T09:31:02.139882,12871.6055,12871.6055,0.0,0.0,-8.930000000000291,-0.06932941569083281,5,0,0,0,0,0,0,0,0.0,0.0006932941569083281,0.0006932941569083281,0.0,0.0,,
2026-02-10T09:44:16.064268,12871.6055,12871.6055,0.0,0.0,-8.930000000000291,-0.06932941569083281,5,0,0,0,0,0,0,0,0.0,0.0006932941569083281,0.0006932941569083281,0.0,0.0,,
2026-02-10T09:57:19.645627,12871.6055,12871.6055,0.0,0.0,-8.930000000000291,-0.06932941569083281,5,0,0,0,0,0,0,0,0.0,0.0006932941569083281,0.0006932941569083281,0.0,0.0,,
2026-02-10T10:10:47.815180,12871.6055,12871.6055,0.0,0.0,-8.930000000000291,-0.06932941569083281,5,0,0,0,0,0,0,0,0.0,0.0006932941569083281,0.0006932941569083281,0.0,0.0,,
2026-02-10T10:24:30.340830,12871.6055,12871.6055,0.0,0.0,-8.930000000000291,-0.06932941569083281,5,0,0,0,0,0,0,0,0.0,0.0006932941569083281,0.0006932941569083281,0.0,0.0,,
2026-02-10T10:38:13.939789,12871.6055,12871.6055,0.0,0.0,-8.930000000000291,-0.06932941569083281,5,0,0,0,0,0,0,0,0.0,0.0006932941569083281,0.0006932941569083281,0.0,0.0,,
2026-02-10T10:50:58.547060,12871.6055,12871.6055,0.0,0.0,-8.930000000000291,-0.06932941569083281,5,0,0,0,0,0,0,0,0.0,0.0006932941569083281,0.0006932941569083281,0.0,0.0,,
2026-02-10T11:04:02.602251,12871.6055,12871.6055,0.0,0.0,-8.930000000000291,-0.06932941569083281,5,0,0,0,0,0,0,0,0.0,0.0006932941569083281,0.0006932941569083281,0.0,0.0,,
2026-02-10T11:16:50.892782,12871.6055,12871.6055,0.0,0.0,-8.930000000000291,-0.06932941569083281,5,0,0,0,0,0,0,0,0.0,0.0006932941569083281,0.0006932941569083281,0.0,0.0,,
2026-02-10T11:29:58.363630,12871.6055,12871.6055,0.0,0.0,-8.930000000000291,-0.06932941569083281,5,0,0,0,0,0,0,0,0.0,0.0006932941569083281,0.0006932941569083281,0.0,0.0,,
2026-02-10T11:43:17.847047,12871.6055,12871.6055,0.0,0.0,-8.930000000000291,-0.06932941569083281,5,0,0,0,0,0,0,0,0.0,0.0006932941569083281,0.0006932941569083281,0.0,0.0,,
2026-02-10T11:56:02.337982,12871.6055,12871.6055,0.0,0.0,-8.930000000000291,-0.06932941569083281,5,0,0,0,0,0,0,0,0.0,0.0006932941569083281,0.0006932941569083281,0.0,0.0,,
2026-02-10T12:09:38.111421,12871.6055,12871.6055,0.0,0.0,-8.930000000000291,-0.06932941569083281,5,0,0,0,0,0,0,0,0.0,0.0006932941569083281,0.0006932941569083281,0.0,0.0,,
2026-02-10T12:23:32.850547,12871.6055,12871.6055,0.0,0.0,-8.930000000000291,-0.06932941569083281,5,0,0,0,0,0,0,0,0.0,0.0006932941569083281,0.0006932941569083281,0.0,0.0,,
2026-02-10T12:37:28.845142,12871.6055,12871.6055,0.0,0.0,-8.930000000000291,-0.06932941569083281,5,0,0,0,0,0,0,0,0.0,0.0006932941569083281,0.0006932941569083281,0.0,0.0,,
2026-02-10T12:50:35.219299,12871.6055,12871.6055,0.0,0.0,-8.930000000000291,-0.06932941569083281,5,0,0,0,0,0,0,0,0.0,0.0006932941569083281,0.0006932941569083281,0.0,0.0,,
2026-02-10T13:04:17.083137,12871.6055,12871.6055,0.0,0.0,-8.930000000000291,-0.06932941569083281,5,0,0,0,0,0,0,0,0.0,0.0006932941569083281,0.0006932941569083281,0.0,0.0,,
2026-02-10T13:17:56.615087,12871.6055,12871.6055,0.0,0.0,-8.930000000000291,-0.06932941569083281,5,0,0,0,0,0,0,0,0.0,0.0006932941569083281,0.0006932941569083281,0.0,0.0,,
2026-02-10T13:30:46.818214,12871.6055,12871.6055,0.0,0.0,-8.930000000000291,-0.06932941569083281,5,0,0,0,0,0,0,0,0.0,0.0006932941569083281,0.0006932941569083281,0.0,0.0,,
2026-02-10T13:44:31.823176,12871.6055,12871.6055,0.0,0.0,-8.930000000000291,-0.06932941569083281,5,0,0,0,0,0,0,0,0.0,0.0006932941569083281,0.0006932941569083281,0.0,0.0,,
2026-02-10T13:58:01.600729,12871.6055,12871.6055,0.0,0.0,-8.930000000000291,-0.06932941569083281,5,0,0,0,0,0,0,0,0.0,0.0006932941569083281,0.0006932941569083281,0.0,0.0,,
2026-02-10T14:11:06.429259,12871.6055,12871.6055,0.0,0.0,-8.930000000000291,-0.06932941569083281,5,0,0,0,0,0,0,0,0.0,0.0006932941569083281,0.0006932941569083281,0.0,0.0,,
2026-02-10T14:24:50.619361,12871.6055,12871.6055,0.0,0.0,-8.930000000000291,-0.06932941569083281,5,0,0,0,0,0,0,0,0.0,0.0006932941569083281,0.0006932941569083281,0.0,0.0,,
2026-02-10T14:38:15.401746,12871.6055,12871.6055,0.0,0.0,-8.930000000000291,-0.06932941569083281,5,0,0,0,0,0,0,0,0.0,0.0006932941569083281,0.0006932941569083281,0.0,0.0,,
2026-02-10T14:52:03.922926,12871.6055,12871.6055,0.0,0.0,-8.930000000000291,-0.06932941569083281,5,0,0,0,0,0,0,0,0.0,0.0006932941569083281,0.0006932941569083281,0.0,0.0,,
2026-02-10T15:05:44.093246,12871.6055,12871.6055,0.0,0.0,-8.930000000000291,-0.06932941569083281,5,0,0,0,0,0,0,0,0.0,0.0006932941569083281,0.0006932941569083281,0.0,0.0,,
2026-02-10T15:18:21.379020,12871.6055,12871.6055,0.0,0.0,-8.930000000000291,-0.06932941569083281,5,0,0,0,0,0,0,0,0.0,0.0006932941569083281,0.0006932941569083281,0.0,0.0,,
2026-02-10T15:31:25.957233,12871.6055,12871.6055,0.0,0.0,-8.930000000000291,-0.06932941569083281,5,0,0,0,0,0,0,0,0.0,0.0006932941569083281,0.0006932941569083281,0.0,0.0,,
2026-02-10T15:45:06.091893,12871.6055,12871.6055,0.0,0.0,-8.930000000000291,-0.06932941569083281,5,0,0,0,0,0,0,0,0.0,0.0006932941569083281,0.0006932941569083281,0.0,0.0,,
2026-02-10T15:58:37.195422,12871.6055,12871.6055,0.0,0.0,-8.930000000000291,-0.06932941569083281,5,0,0,0,0,0,0,0,0.0,0.0006932941569083281,0.0006932941569083281,0.0,0.0,,
2026-02-10T16:11:27.570354,12871.6055,12871.6055,0.0,0.0,-8.930000000000291,-0.06932941569083281,5,0,0,0,0,0,0,0,0.0,0.0006932941569083281,0.0006932941569083281,0.0,0.0,,
2026-02-10T16:24:29.828286,12871.6055,12871.6055,0.0,0.0,-8.930000000000291,-0.06932941569083281,5,0,0,0,0,0,0,0,0.0,0.0006932941569083281,0.0006932941569083281,0.0,0.0,,
2026-02-10T16:37:17.455922,12871.6055,12871.6055,0.0,0.0,-8.930000000000291,-0.06932941569083281,5,0,0,0,0,0,0,0,0.0,0.0006932941569083281,0.0006932941569083281,0.0,0.0,,
2026-02-10T16:49:21.315079,12871.6055,12871.6055,0.0,0.0,-8.930000000000291,-0.06932941569083281,5,0,0,0,0,0,0,0,0.0,0.0006932941569083281,0.0006932941569083281,0.0,0.0,,
2026-02-10T17:01:39.538135,12871.6055,12871.6055,0.0,0.0,-8.930000000000291,-0.06932941569083281,5,0,0,0,0,0,0,0,0.0,0.0006932941569083281,0.0006932941569083281,0.0,0.0,,
2026-02-10T17:18:36.115987,12871.6055,12871.6055,0.0,0.0,-8.930000000000291,-0.06932941569083281,5,0,0,0,0,0,0,0,0.0,0.0006932941569083281,0.0006932941569083281,0.0,0.0,,
2026-02-10T17:35:37.741028,12871.6055,12871.6055,0.0,0.0,-8.930000000000291,-0.06932941569083281,5,0,0,0,0,0,0,0,0.0,0.0006932941569083281,0.0006932941569083281,0.0,0.0,,
2026-02-10T17:53:46.506145,12871.6055,12871.6055,0.0,0.0,-8.930000000000291,-0.06932941569083281,5,0,0,0,0,0,0,0,0.0,0.0006932941569083281,0.0006932941569083281,0.0,0.0,,
2026-02-10T18:11:36.264498,12871.6055,12871.6055,0.0,0.0,-8.930000000000291,-0.06932941569083281,5,0,0,0,0,0,0,0,0.0,0.0006932941569083281,0.0006932941569083281,0.0,0.0,,
2026-02-10T18:29:38.280921,12871.6055,12871.6055,0.0,0.0,-8.930000000000291,-0.06932941569083281,5,0,0,0,0,0,0,0,0.0,0.0006932941569083281,0.0006932941569083281,0.0,0.0,,
2026-02-10T18:47:26.840266,12871.6055,12871.6055,0.0,0.0,-8.930000000000291,-0.06932941569083281,5,0,0,0,0,0,0,0,0.0,0.0006932941569083281,0.0006932941569083281,0.0,0.0,,
2026-02-10T19:05:39.960083,12871.6055,12871.6055,0.0,0.0,-8.930000000000291,-0.06932941569083281,5,0,0,0,0,0,0,0,0.0,0.0006932941569083281,0.0006932941569083281,0.0,0.0,,
2026-02-10T19:23:43.587908,12737.3199,12737.3199,0.0,0.0,-143.21559999999954,-1.111876132789662,5,1,0,0,0,0,0,0,0.0,0.01111876132789662,0.01111876132789662,0.0,0.0,,
2026-02-10T19:41:29.376623,12737.3199,12737.3199,0.0,0.0,-143.21559999999954,-1.111876132789662,5,1,0,0,0,0,0,0,0.0,0.01111876132789662,0.01111876132789662,0.0,0.0,,
2026-02-10T19:59:05.509968,12737.3199,12737.3199,0.0,0.0,-143.21559999999954,-1.111876132789662,5,1,0,0,0,0,0,0,0.0,0.01111876132789662,0.01111876132789662,0.0,0.0,,
2026-02-10T20:16:48.480280,12737.3199,12737.3199,0.0,0.0,-143.21559999999954,-1.111876132789662,5,1,0,0,0,0,0,0,0.0,0.01111876132789662,0.01111876132789662,0.0,0.0,,
2026-02-10T20:34:37.259171,12737.3199,12737.3199,0.0,0.0,-143.21559999999954,-1.111876132789662,5,1,0,0,0,0,0,0,0.0,0.01111876132789662,0.01111876132789662,0.0,0.0,,
2026-02-10T20:52:38.536660,12737.3199,12737.3199,0.0,0.0,-143.21559999999954,-1.111876132789662,5,1,0,0,0,0,0,0,0.0,0.01111876132789662,0.01111876132789662,0.0,0.0,,
2026-02-10T21:10:18.223635,12737.3199,12737.3199,0.0,0.0,-143.21559999999954,-1.111876132789662,5,1,0,0,0,0,0,0,0.0,0.01111876132789662,0.01111876132789662,0.0,0.0,,
2026-02-10T21:27:36.224963,12737.3199,12737.3199,0.0,0.0,-143.21559999999954,-1.111876132789662,5,1,0,0,0,0,0,0,0.0,0.01111876132789662,0.01111876132789662,0.0,0.0,,
2026-02-10T21:44:38.337741,12737.3199,12737.3199,0.0,0.0,-143.21559999999954,-1.111876132789662,5,1,0,0,0,0,0,0,0.0,0.01111876132789662,0.01111876132789662,0.0,0.0,,
2026-02-10T22:01:27.023280,12728.2968,12728.2968,0.0,0.0,-152.23869999999988,-1.1819283445164208,5,1,0,0,0,0,0,0,0.0,0.011819283445164207,0.011819283445164207,0.0,0.0,,
2026-02-10T22:58:01.843423,12728.2968,12728.2968,0.0,0.0,-152.23869999999988,-1.1819283445164208,5,1,0,0,0,0,0,0,0.0,0.011819283445164207,0.011819283445164207,0.0,0.0,,
2026-02-10T23:53:53.003738,12728.2968,12728.2968,0.0,0.0,-152.23869999999988,-1.1819283445164208,5,1,0,0,0,0,0,0,0.0,0.011819283445164207,0.011819283445164207,0.0,0.0,,
2026-02-11T00:19:15.129002,12728.2968,12728.2968,0.0,0.0,-152.23869999999988,-1.1819283445164208,5,1,0,0,0,0,0,0,0.0,0.011819283445164207,0.011819283445164207,0.0,0.0,,
2026-02-11T00:37:25.560815,12728.2968,12728.2968,0.0,0.0,-152.23869999999988,-1.1819283445164208,5,1,0,0,0,0,0,0,0.0,0.011819283445164207,0.011819283445164207,0.0,0.0,,
2026-02-11T00:55:11.917332,12728.2968,12728.2968,0.0,0.0,-152.23869999999988,-1.1819283445164208,5,1,0,0,0,0,0,0,0.0,0.011819283445164207,0.011819283445164207,0.0,0.0,,
2026-02-11T01:13:31.130256,12728.2968,12728.2968,0.0,0.0,-152.23869999999988,-1.1819283445164208,5,1,0,0,0,0,0,0,0.0,0.011819283445164207,0.011819283445164207,0.0,0.0,,
2026-02-11T01:31:28.193235,12728.2968,12728.2968,0.0,0.0,-152.23869999999988,-1.1819283445164208,5,1,0,0,0,0,0,0,0.0,0.011819283445164207,0.011819283445164207,0.0,0.0,,
2026-02-11T01:48:57.972150,12728.2968,12728.2968,0.0,0.0,-152.23869999999988,-1.1819283445164208,5,1,0,0,0,0,0,0,0.0,0.011819283445164207,0.011819283445164207,0.0,0.0,,
2026-02-11T02:06:57.017004,12728.2968,12728.2968,0.0,0.0,-152.23869999999988,-1.1819283445164208,5,1,0,0,0,0,0,0,0.0,0.011819283445164207,0.011819283445164207,0.0,0.0,,
2026-02-11T02:24:19.433989,12728.2968,12728.2968,0.0,0.0,-152.23869999999988,-1.1819283445164208,5,1,0,0,0,0,0,0,0.0,0.011819283445164207,0.011819283445164207,0.0,0.0,,
2026-02-11T02:41:35.169842,12827.2949,12827.2949,0.0,0.0,-53.240599999999176,-0.413341510529583,5,2,0,0,0,0,0,0,0.0,0.011819283445164207,0.00413341510529583,0.0,0.0,tokyo,tokyo
2026-02-11T02:41:36.031029,12827.2949,12827.2949,0.0,0.0,-53.240599999999176,-0.413341510529583,5,2,0,0,0,0,0,0,0.0,0.011819283445164207,0.00413341510529583,0.0,0.0,tokyo,tokyo
2026-02-11T02:42:41.294001,12827.2949,12827.2949,0.0,0.0,0.0,0.0,5,0,0,0,0,0,0,0,0.0,0.0,0.0,0.0,0.0,,
2026-02-11T02:59:38.397820,12827.2949,12827.2949,0.0,0.0,0.0,0.0,5,0,0,0,0,0,0,0,0.0,0.0,0.0,0.0,0.0,,
2026-02-11T03:16:12.463070,12827.2949,12827.2949,0.0,0.0,0.0,0.0,5,0,0,0,0,0,0,0,0.0,0.0,0.0,0.0,0.0,,
2026-02-11T03:33:15.474440,13013.9209,13013.9209,0.0,0.0,186.62599999999838,1.4549131477440218,4,0,0,0,0,0,0,0,0.0,0.0,0.0,0.0,0.0,tokyo,tokyo
2026-02-11T03:33:16.096066,13013.9209,13013.9209,0.0,0.0,186.62599999999838,1.4549131477440218,4,0,0,0,0,0,0,0,0.0,0.0,0.0,0.0,0.0,tokyo,tokyo
2026-02-11T03:34:39.281933,13013.9209,13013.9209,0.0,0.0,0.0,0.0,4,0,0,0,0,0,0,0,0.0,0.0,0.0,0.0,0.0,,
2026-02-11T03:52:58.795535,13013.9209,13013.9209,0.0,0.0,0.0,0.0,4,0,0,0,0,0,0,0,0.0,0.0,0.0,0.0,0.0,tokyo,tokyo
2026-02-11T03:52:59.406438,13013.9209,13013.9209,0.0,0.0,0.0,0.0,4,0,0,0,0,0,0,0,0.0,0.0,0.0,0.0,0.0,tokyo,tokyo
2026-02-11T03:54:19.751743,13013.9209,13013.9209,0.0,0.0,0.0,0.0,4,0,0,0,0,0,0,0,0.0,0.0,0.0,0.0,0.0,tokyo,tokyo
2026-02-11T03:54:20.393022,13013.9209,13013.9209,0.0,0.0,0.0,0.0,4,0,0,0,0,0,0,0,0.0,0.0,0.0,0.0,0.0,tokyo,tokyo
2026-02-11T03:55:41.244718,13013.9209,13013.9209,0.0,0.0,0.0,0.0,4,0,0,0,0,0,0,0,0.0,0.0,0.0,0.0,0.0,tokyo,tokyo
2026-02-11T03:55:41.844037,13013.9209,13013.9209,0.0,0.0,0.0,0.0,4,0,0,0,0,0,0,0,0.0,0.0,0.0,0.0,0.0,tokyo,tokyo
2026-02-11T03:56:50.016965,13013.9209,13013.9209,0.0,0.0,0.0,0.0,4,0,0,0,0,0,0,0,0.0,0.0,0.0,0.0,0.0,tokyo,tokyo
2026-02-11T03:56:50.630805,13013.9209,13013.9209,0.0,0.0,0.0,0.0,4,0,0,0,0,0,0,0,0.0,0.0,0.0,0.0,0.0,tokyo,tokyo
2026-02-11T03:57:59.869826,13013.9209,13013.9209,0.0,0.0,0.0,0.0,4,0,0,0,0,0,0,0,0.0,0.0,0.0,0.0,0.0,tokyo,tokyo
2026-02-11T03:58:00.503031,13013.9209,13013.9209,0.0,0.0,0.0,0.0,4,0,0,0,0,0,0,0,0.0,0.0,0.0,0.0,0.0,tokyo,tokyo
2026-02-11T03:59:08.851073,13013.9209,13013.9209,0.0,0.0,0.0,0.0,4,0,0,0,0,0,0,0,0.0,0.0,0.0,0.0,0.0,tokyo,tokyo
2026-02-11T03:59:09.510126,13013.9209,13013.9209,0.0,0.0,0.0,0.0,4,0,0,0,0,0,0,0,0.0,0.0,0.0,0.0,0.0,tokyo,tokyo
2026-02-11T04:00:32.685087,13013.9209,13013.9209,0.0,0.0,0.0,0.0,4,0,0,0,0,0,0,0,0.0,0.0,0.0,0.0,0.0,tokyo,tokyo
2026-02-11T04:00:33.305942,13013.9209,13013.9209,0.0,0.0,0.0,0.0,4,0,0,0,0,0,0,0,0.0,0.0,0.0,0.0,0.0,tokyo,tokyo
2026-02-11T04:01:55.173274,13013.9209,13013.9209,0.0,0.0,0.0,0.0,4,0,0,0,0,0,0,0,0.0,0.0,0.0,0.0,0.0,tokyo,tokyo
2026-02-11T04:01:55.786214,13013.9209,13013.9209,0.0,0.0,0.0,0.0,4,0,0,0,0,0,0,0,0.0,0.0,0.0,0.0,0.0,tokyo,tokyo
2026-02-11T04:03:07.714080,13013.9209,13013.9209,0.0,0.0,0.0,0.0,4,0,0,0,0,0,0,0,0.0,0.0,0.0,0.0,0.0,tokyo,tokyo
2026-02-11T04:03:08.344012,13013.9209,13013.9209,0.0,0.0,0.0,0.0,4,0,0,0,0,0,0,0,0.0,0.0,0.0,0.0,0.0,tokyo,tokyo
2026-02-11T04:04:19.955047,13013.9209,13013.9209,0.0,0.0,0.0,0.0,4,0,0,0,0,0,0,0,0.0,0.0,0.0,0.0,0.0,tokyo,tokyo
2026-02-11T04:04:20.592699,13013.9209,13013.9209,0.0,0.0,0.0,0.0,4,0,0,0,0,0,0,0,0.0,0.0,0.0,0.0,0.0,tokyo,tokyo
2026-02-11T04:05:44.042306,13013.9209,13013.9209,0.0,0.0,0.0,0.0,4,0,0,0,0,0,0,0,0.0,0.0,0.0,0.0,0.0,tokyo,tokyo
2026-02-11T04:05:44.649063,13013.9209,13013.9209,0.0,0.0,0.0,0.0,4,0,0,0,0,0,0,0,0.0,0.0,0.0,0.0,0.0,tokyo,tokyo
2026-02-11T04:07:07.076661,13013.9209,13013.9209,0.0,0.0,0.0,0.0,4,0,0,0,0,0,0,0,0.0,0.0,0.0,0.0,0.0,tokyo,tokyo
2026-02-11T04:07:07.692064,13013.9209,13013.9209,0.0,0.0,0.0,0.0,4,0,0,0,0,0,0,0,0.0,0.0,0.0,0.0,0.0,tokyo,tokyo
2026-02-11T04:08:34.921025,13013.9209,13013.9209,0.0,0.0,0.0,0.0,4,0,0,0,0,0,0,0,0.0,0.0,0.0,0.0,0.0,tokyo,tokyo
2026-02-11T04:08:35.537263,13013.9209,13013.9209,0.0,0.0,0.0,0.0,4,0,0,0,0,0,0,0,0.0,0.0,0.0,0.0,0.0,tokyo,tokyo
2026-02-11T04:09:58.829412,13013.9209,13013.9209,0.0,0.0,0.0,0.0,4,0,0,0,0,0,0,0,0.0,0.0,0.0,0.0,0.0,tokyo,tokyo
2026-02-11T04:09:59.447128,13013.9209,13013.9209,0.0,0.0,0.0,0.0,4,0,0,0,0,0,0,0,0.0,0.0,0.0,0.0,0.0,tokyo,tokyo
2026-02-11T04:11:13.734629,13013.9209,13013.9209,0.0,0.0,0.0,0.0,4,0,0,0,0,0,0,0,0.0,0.0,0.0,0.0,0.0,tokyo,tokyo
2026-02-11T04:11:14.346981,13013.9209,13013.9209,0.0,0.0,0.0,0.0,4,0,0,0,0,0,0,0,0.0,0.0,0.0,0.0,0.0,tokyo,tokyo
2026-02-11T04:12:35.507212,13013.9209,13013.9209,0.0,0.0,0.0,0.0,4,0,0,0,0,0,0,0,0.0,0.0,0.0,0.0,0.0,tokyo,tokyo
2026-02-11T04:12:36.108179,13013.9209,13013.9209,0.0,0.0,0.0,0.0,4,0,0,0,0,0,0,0,0.0,0.0,0.0,0.0,0.0,tokyo,tokyo
2026-02-11T04:14:02.984563,13013.9209,13013.9209,0.0,0.0,0.0,0.0,4,0,0,0,0,0,0,0,0.0,0.0,0.0,0.0,0.0,tokyo,tokyo
2026-02-11T04:14:03.596873,13013.9209,13013.9209,0.0,0.0,0.0,0.0,4,0,0,0,0,0,0,0,0.0,0.0,0.0,0.0,0.0,tokyo,tokyo
2026-02-11T04:15:25.801589,13013.9209,13013.9209,0.0,0.0,0.0,0.0,4,0,0,0,0,0,0,0,0.0,0.0,0.0,0.0,0.0,tokyo,tokyo
2026-02-11T04:15:26.411654,13013.9209,13013.9209,0.0,0.0,0.0,0.0,4,0,0,0,0,0,0,0,0.0,0.0,0.0,0.0,0.0,tokyo,tokyo
2026-02-11T04:16:37.861320,13013.9209,13013.9209,0.0,0.0,0.0,0.0,4,0,0,0,0,0,0,0,0.0,0.0,0.0,0.0,0.0,tokyo,tokyo
2026-02-11T04:16:38.454083,13013.9209,13013.9209,0.0,0.0,0.0,0.0,4,0,0,0,0,0,0,0,0.0,0.0,0.0,0.0,0.0,tokyo,tokyo
2026-02-11T04:17:59.745020,13013.9209,13013.9209,0.0,0.0,0.0,0.0,4,0,0,0,0,0,0,0,0.0,0.0,0.0,0.0,0.0,tokyo,tokyo
2026-02-11T04:18:00.360085,13013.9209,13013.9209,0.0,0.0,0.0,0.0,4,0,0,0,0,0,0,0,0.0,0.0,0.0,0.0,0.0,tokyo,tokyo
2026-02-11T04:19:20.985695,13013.9209,13013.9209,0.0,0.0,0.0,0.0,4,0,0,0,0,0,0,0,0.0,0.0,0.0,0.0,0.0,tokyo,tokyo
2026-02-11T04:19:21.781812,13013.9209,13013.9209,0.0,0.0,0.0,0.0,4,0,0,0,0,0,0,0,0.0,0.0,0.0,0.0,0.0,tokyo,tokyo
2026-02-11T04:20:32.453962,13013.9209,13013.9209,0.0,0.0,0.0,0.0,4,0,0,0,0,0,0,0,0.0,0.0,0.0,0.0,0.0,tokyo,tokyo
2026-02-11T04:20:33.066387,13013.9209,13013.9209,0.0,0.0,0.0,0.0,4,0,0,0,0,0,0,0,0.0,0.0,0.0,0.0,0.0,tokyo,tokyo
2026-02-11T04:21:44.163045,13013.9209,13013.9209,0.0,0.0,0.0,0.0,4,0,0,0,0,0,0,0,0.0,0.0,0.0,0.0,0.0,tokyo,tokyo
2026-02-11T04:21:44.833871,13013.9209,13013.9209,0.0,0.0,0.0,0.0,4,0,0,0,0,0,0,0,0.0,0.0,0.0,0.0,0.0,tokyo,tokyo
2026-02-11T04:22:57.639103,13013.9209,13013.9209,0.0,0.0,0.0,0.0,4,0,0,0,0,0,0,0,0.0,0.0,0.0,0.0,0.0,tokyo,tokyo
2026-02-11T04:22:58.293320,13013.9209,13013.9209,0.0,0.0,0.0,0.0,4,0,0,0,0,0,0,0,0.0,0.0,0.0,0.0,0.0,tokyo,tokyo
2026-02-11T04:24:19.522217,13013.9209,13013.9209,0.0,0.0,0.0,0.0,4,0,0,0,0,0,0,0,0.0,0.0,0.0,0.0,0.0,tokyo,tokyo
2026-02-11T04:24:20.138022,13013.9209,13013.9209,0.0,0.0,0.0,0.0,4,0,0,0,0,0,0,0,0.0,0.0,0.0,0.0,0.0,tokyo,tokyo
2026-02-11T04:25:39.567507,13013.9209,13013.9209,0.0,0.0,0.0,0.0,4,0,0,0,0,0,0,0,0.0,0.0,0.0,0.0,0.0,tokyo,tokyo
2026-02-11T04:25:40.168961,13013.9209,13013.9209,0.0,0.0,0.0,0.0,4,0,0,0,0,0,0,0,0.0,0.0,0.0,0.0,0.0,tokyo,tokyo
2026-02-11T04:27:03.323223,13013.9209,13013.9209,0.0,0.0,0.0,0.0,4,0,0,0,0,0,0,0,0.0,0.0,0.0,0.0,0.0,tokyo,tokyo
2026-02-11T04:27:03.941196,13013.9209,13013.9209,0.0,0.0,0.0,0.0,4,0,0,0,0,0,0,0,0.0,0.0,0.0,0.0,0.0,tokyo,tokyo
2026-02-11T04:28:28.903590,13013.9209,13013.9209,0.0,0.0,0.0,0.0,4,0,0,0,0,0,0,0,0.0,0.0,0.0,0.0,0.0,tokyo,tokyo
2026-02-11T04:28:29.506934,13013.9209,13013.9209,0.0,0.0,0.0,0.0,4,0,0,0,0,0,0,0,0.0,0.0,0.0,0.0,0.0,tokyo,tokyo
2026-02-11T04:29:42.818883,13013.9209,13013.9209,0.0,0.0,0.0,0.0,4,0,0,0,0,0,0,0,0.0,0.0,0.0,0.0,0.0,tokyo,tokyo
2026-02-11T04:29:43.428880,13013.9209,13013.9209,0.0,0.0,0.0,0.0,4,0,0,0,0,0,0,0,0.0,0.0,0.0,0.0,0.0,tokyo,tokyo
2026-02-11T04:31:07.554126,13013.9209,13013.9209,0.0,0.0,0.0,0.0,4,0,0,0,0,0,0,0,0.0,0.0,0.0,0.0,0.0,tokyo,tokyo
2026-02-11T04:31:08.194687,13013.9209,13013.9209,0.0,0.0,0.0,0.0,4,0,0,0,0,0,0,0,0.0,0.0,0.0,0.0,0.0,tokyo,tokyo
2026-02-11T04:32:34.183012,13013.9209,13013.9209,0.0,0.0,0.0,0.0,4,0,0,0,0,0,0,0,0.0,0.0,0.0,0.0,0.0,tokyo,tokyo
2026-02-11T04:32:34.810080,13013.9209,13013.9209,0.0,0.0,0.0,0.0,4,0,0,0,0,0,0,0,0.0,0.0,0.0,0.0,0.0,tokyo,tokyo
2026-02-11T04:33:54.431977,13013.9209,13013.9209,0.0,0.0,0.0,0.0,4,0,0,0,0,0,0,0,0.0,0.0,0.0,0.0,0.0,tokyo,tokyo
2026-02-11T04:33:55.068875,13013.9209,13013.9209,0.0,0.0,0.0,0.0,4,0,0,0,0,0,0,0,0.0,0.0,0.0,0.0,0.0,tokyo,tokyo
2026-02-11T04:35:16.068102,13013.9209,13013.9209,0.0,0.0,0.0,0.0,4,0,0,0,0,0,0,0,0.0,0.0,0.0,0.0,0.0,tokyo,tokyo
2026-02-11T04:35:16.681819,13013.9209,13013.9209,0.0,0.0,0.0,0.0,4,0,0,0,0,0,0,0,0.0,0.0,0.0,0.0,0.0,tokyo,tokyo
2026-02-11T04:36:33.865634,13013.9209,13013.9209,0.0,0.0,0.0,0.0,4,0,0,0,0,0,0,0,0.0,0.0,0.0,0.0,0.0,tokyo,tokyo
2026-02-11T04:36:34.488240,13013.9209,13013.9209,0.0,0.0,0.0,0.0,4,0,0,0,0,0,0,0,0.0,0.0,0.0,0.0,0.0,tokyo,tokyo
2026-02-11T04:37:58.181066,13013.9209,13013.9209,0.0,0.0,0.0,0.0,4,0,0,0,0,0,0,0,0.0,0.0,0.0,0.0,0.0,tokyo,tokyo
2026-02-11T04:37:58.781985,13013.9209,13013.9209,0.0,0.0,0.0,0.0,4,0,0,0,0,0,0,0,0.0,0.0,0.0,0.0,0.0,tokyo,tokyo
2026-02-11T04:39:10.967185,13013.9209,13013.9209,0.0,0.0,0.0,0.0,4,0,0,0,0,0,0,0,0.0,0.0,0.0,0.0,0.0,tokyo,tokyo
2026-02-11T04:39:11.581757,13013.9209,13013.9209,0.0,0.0,0.0,0.0,4,0,0,0,0,0,0,0,0.0,0.0,0.0,0.0,0.0,tokyo,tokyo
2026-02-11T04:40:23.123204,13013.9209,13013.9209,0.0,0.0,0.0,0.0,4,0,0,0,0,0,0,0,0.0,0.0,0.0,0.0,0.0,tokyo,tokyo
2026-02-11T04:40:23.731573,13013.9209,13013.9209,0.0,0.0,0.0,0.0,4,0,0,0,0,0,0,0,0.0,0.0,0.0,0.0,0.0,tokyo,tokyo
2026-02-11T04:41:42.201157,13013.9209,13013.9209,0.0,0.0,0.0,0.0,4,0,0,0,0,0,0,0,0.0,0.0,0.0,0.0,0.0,tokyo,tokyo
2026-02-11T04:41:42.859104,13013.9209,13013.9209,0.0,0.0,0.0,0.0,4,0,0,0,0,0,0,0,0.0,0.0,0.0,0.0,0.0,tokyo,tokyo
2026-02-11T04:42:55.600940,13013.9209,13013.9209,0.0,0.0,0.0,0.0,4,0,0,0,0,0,0,0,0.0,0.0,0.0,0.0,0.0,tokyo,tokyo
2026-02-11T04:42:56.206968,13013.9209,13013.9209,0.0,0.0,0.0,0.0,4,0,0,0,0,0,0,0,0.0,0.0,0.0,0.0,0.0,tokyo,tokyo
2026-02-11T04:44:12.243134,13013.9209,13013.9209,0.0,0.0,0.0,0.0,4,0,0,0,0,0,0,0,0.0,0.0,0.0,0.0,0.0,tokyo,tokyo
2026-02-11T04:44:12.909019,13013.9209,13013.9209,0.0,0.0,0.0,0.0,4,0,0,0,0,0,0,0,0.0,0.0,0.0,0.0,0.0,tokyo,tokyo
2026-02-11T04:45:34.059586,13013.9209,13013.9209,0.0,0.0,0.0,0.0,4,0,0,0,0,0,0,0,0.0,0.0,0.0,0.0,0.0,tokyo,tokyo
2026-02-11T04:45:34.679971,13013.9209,13013.9209,0.0,0.0,0.0,0.0,4,0,0,0,0,0,0,0,0.0,0.0,0.0,0.0,0.0,tokyo,tokyo
2026-02-11T04:46:57.173680,13013.9209,13013.9209,0.0,0.0,0.0,0.0,4,0,0,0,0,0,0,0,0.0,0.0,0.0,0.0,0.0,tokyo,tokyo
2026-02-11T04:46:57.781975,13013.9209,13013.9209,0.0,0.0,0.0,0.0,4,0,0,0,0,0,0,0,0.0,0.0,0.0,0.0,0.0,tokyo,tokyo
2026-02-11T04:48:10.250657,13013.9209,13013.9209,0.0,0.0,0.0,0.0,4,0,0,0,0,0,0,0,0.0,0.0,0.0,0.0,0.0,tokyo,tokyo
2026-02-11T04:48:10.871781,13013.9209,13013.9209,0.0,0.0,0.0,0.0,4,0,0,0,0,0,0,0,0.0,0.0,0.0,0.0,0.0,tokyo,tokyo
2026-02-11T04:49:28.226975,13013.9209,13013.9209,0.0,0.0,0.0,0.0,4,0,0,0,0,0,0,0,0.0,0.0,0.0,0.0,0.0,tokyo,tokyo
2026-02-11T04:49:28.859986,13013.9209,13013.9209,0.0,0.0,0.0,0.0,4,0,0,0,0,0,0,0,0.0,0.0,0.0,0.0,0.0,tokyo,tokyo
2026-02-11T04:50:51.529101,13013.9209,13013.9209,0.0,0.0,0.0,0.0,4,0,0,0,0,0,0,0,0.0,0.0,0.0,0.0,0.0,tokyo,tokyo
2026-02-11T04:50:52.187698,13013.9209,13013.9209,0.0,0.0,0.0,0.0,4,0,0,0,0,0,0,0,0.0,0.0,0.0,0.0,0.0,tokyo,tokyo
2026-02-11T04:52:19.501028,13013.9209,13013.9209,0.0,0.0,0.0,0.0,4,0,0,0,0,0,0,0,0.0,0.0,0.0,0.0,0.0,tokyo,tokyo
2026-02-11T04:52:20.099843,13013.9209,13013.9209,0.0,0.0,0.0,0.0,4,0,0,0,0,0,0,0,0.0,0.0,0.0,0.0,0.0,tokyo,tokyo
2026-02-11T04:53:37.515875,13013.9209,13013.9209,0.0,0.0,0.0,0.0,4,0,0,0,0,0,0,0,0.0,0.0,0.0,0.0,0.0,tokyo,tokyo
2026-02-11T04:53:38.148736,13013.9209,13013.9209,0.0,0.0,0.0,0.0,4,0,0,0,0,0,0,0,0.0,0.0,0.0,0.0,0.0,tokyo,tokyo
2026-02-11T04:54:54.651238,13013.9209,13013.9209,0.0,0.0,0.0,0.0,4,0,0,0,0,0,0,0,0.0,0.0,0.0,0.0,0.0,tokyo,tokyo
2026-02-11T04:54:55.291989,13013.9209,13013.9209,0.0,0.0,0.0,0.0,4,0,0,0,0,0,0,0,0.0,0.0,0.0,0.0,0.0,tokyo,tokyo
2026-02-11T04:56:16.205105,13013.9209,13013.9209,0.0,0.0,0.0,0.0,4,0,0,0,0,0,0,0,0.0,0.0,0.0,0.0,0.0,tokyo,tokyo
2026-02-11T04:56:16.798592,13013.9209,13013.9209,0.0,0.0,0.0,0.0,4,0,0,0,0,0,0,0,0.0,0.0,0.0,0.0,0.0,tokyo,tokyo
2026-02-11T04:57:39.322924,13013.9209,13013.9209,0.0,0.0,0.0,0.0,4,0,0,0,0,0,0,0,0.0,0.0,0.0,0.0,0.0,tokyo,tokyo
2026-02-11T04:57:39.949960,13013.9209,13013.9209,0.0,0.0,0.0,0.0,4,0,0,0,0,0,0,0,0.0,0.0,0.0,0.0,0.0,tokyo,tokyo
2026-02-11T04:58:52.604965,13013.9209,13013.9209,0.0,0.0,0.0,0.0,4,0,0,0,0,0,0,0,0.0,0.0,0.0,0.0,0.0,tokyo,tokyo
2026-02-11T04:58:53.212992,13013.9209,13013.9209,0.0,0.0,0.0,0.0,4,0,0,0,0,0,0,0,0.0,0.0,0.0,0.0,0.0,tokyo,tokyo
2026-02-11T05:00:04.856069,13013.9209,13013.9209,0.0,0.0,0.0,0.0,4,0,0,0,0,0,0,0,0.0,0.0,0.0,0.0,0.0,tokyo,tokyo
2026-02-11T05:00:05.539761,13013.9209,13013.9209,0.0,0.0,0.0,0.0,4,0,0,0,0,0,0,0,0.0,0.0,0.0,0.0,0.0,tokyo,tokyo
2026-02-11T05:01:18.501486,13013.9209,13013.9209,0.0,0.0,0.0,0.0,4,0,0,0,0,0,0,0,0.0,0.0,0.0,0.0,0.0,tokyo,tokyo
2026-02-11T05:01:19.139999,13013.9209,13013.9209,0.0,0.0,0.0,0.0,4,0,0,0,0,0,0,0,0.0,0.0,0.0,0.0,0.0,tokyo,tokyo
2026-02-11T05:02:34.676011,13013.9209,13013.9209,0.0,0.0,0.0,0.0,4,0,0,0,0,0,0,0,0.0,0.0,0.0,0.0,0.0,tokyo,tokyo
2026-02-11T05:02:35.282138,13013.9209,13013.9209,0.0,0.0,0.0,0.0,4,0,0,0,0,0,0,0,0.0,0.0,0.0,0.0,0.0,tokyo,tokyo
2026-02-11T05:03:50.338990,13013.9209,13013.9209,0.0,0.0,0.0,0.0,4,0,0,0,0,0,0,0,0.0,0.0,0.0,0.0,0.0,tokyo,tokyo
2026-02-11T05:03:50.943984,13013.9209,13013.9209,0.0,0.0,0.0,0.0,4,0,0,0,0,0,0,0,0.0,0.0,0.0,0.0,0.0,tokyo,tokyo
2026-02-11T05:05:04.975595,13013.9209,13013.9209,0.0,0.0,0.0,0.0,4,0,0,0,0,0,0,0,0.0,0.0,0.0,0.0,0.0,tokyo,tokyo
2026-02-11T05:05:05.585689,13013.9209,13013.9209,0.0,0.0,0.0,0.0,4,0,0,0,0,0,0,0,0.0,0.0,0.0,0.0,0.0,tokyo,tokyo
2026-02-11T05:06:24.062961,13013.9209,13013.9209,0.0,0.0,0.0,0.0,4,0,0,0,0,0,0,0,0.0,0.0,0.0,0.0,0.0,tokyo,tokyo
2026-02-11T05:06:24.682528,13013.9209,13013.9209,0.0,0.0,0.0,0.0,4,0,0,0,0,0,0,0,0.0,0.0,0.0,0.0,0.0,tokyo,tokyo
2026-02-11T05:07:50.547641,13013.9209,13013.9209,0.0,0.0,0.0,0.0,4,0,0,0,0,0,0,0,0.0,0.0,0.0,0.0,0.0,tokyo,tokyo
2026-02-11T05:07:51.153598,13013.9209,13013.9209,0.0,0.0,0.0,0.0,4,0,0,0,0,0,0,0,0.0,0.0,0.0,0.0,0.0,tokyo,tokyo
2026-02-11T05:09:03.177608,13013.9209,13013.9209,0.0,0.0,0.0,0.0,4,0,0,0,0,0,0,0,0.0,0.0,0.0,0.0,0.0,tokyo,tokyo
2026-02-11T05:09:03.817302,13013.9209,13013.9209,0.0,0.0,0.0,0.0,4,0,0,0,0,0,0,0,0.0,0.0,0.0,0.0,0.0,tokyo,tokyo
2026-02-11T05:10:18.427120,13013.9209,13013.9209,0.0,0.0,0.0,0.0,4,0,0,0,0,0,0,0,0.0,0.0,0.0,0.0,0.0,tokyo,tokyo
2026-02-11T05:10:19.060556,13013.9209,13013.9209,0.0,0.0,0.0,0.0,4,0,0,0,0,0,0,0,0.0,0.0,0.0,0.0,0.0,tokyo,tokyo
2026-02-11T05:11:39.680643,13013.9209,13013.9209,0.0,0.0,0.0,0.0,4,0,0,0,0,0,0,0,0.0,0.0,0.0,0.0,0.0,tokyo,tokyo
2026-02-11T05:11:40.321976,13013.9209,13013.9209,0.0,0.0,0.0,0.0,4,0,0,0,0,0,0,0,0.0,0.0,0.0,0.0,0.0,tokyo,tokyo
2026-02-11T05:13:05.965999,13013.9209,13013.9209,0.0,0.0,0.0,0.0,4,0,0,0,0,0,0,0,0.0,0.0,0.0,0.0,0.0,tokyo,tokyo
2026-02-11T05:13:06.579586,13013.9209,13013.9209,0.0,0.0,0.0,0.0,4,0,0,0,0,0,0,0,0.0,0.0,0.0,0.0,0.0,tokyo,tokyo
2026-02-11T05:14:26.060344,13013.9209,13013.9209,0.0,0.0,0.0,0.0,4,0,0,0,0,0,0,0,0.0,0.0,0.0,0.0,0.0,tokyo,tokyo
2026-02-11T05:14:26.664768,13013.9209,13013.9209,0.0,0.0,0.0,0.0,4,0,0,0,0,0,0,0,0.0,0.0,0.0,0.0,0.0,tokyo,tokyo
2026-02-11T05:15:50.297643,13013.9209,13013.9209,0.0,0.0,0.0,0.0,4,0,0,0,0,0,0,0,0.0,0.0,0.0,0.0,0.0,tokyo,tokyo
2026-02-11T05:15:50.907916,13013.9209,13013.9209,0.0,0.0,0.0,0.0,4,0,0,0,0,0,0,0,0.0,0.0,0.0,0.0,0.0,tokyo,tokyo
2026-02-11T05:17:19.529198,13013.9209,13013.9209,0.0,0.0,0.0,0.0,4,0,0,0,0,0,0,0,0.0,0.0,0.0,0.0,0.0,tokyo,tokyo
2026-02-11T05:17:20.138247,13013.9209,13013.9209,0.0,0.0,0.0,0.0,4,0,0,0,0,0,0,0,0.0,0.0,0.0,0.0,0.0,tokyo,tokyo
2026-02-11T05:18:40.738420,13013.9209,13013.9209,0.0,0.0,0.0,0.0,4,0,0,0,0,0,0,0,0.0,0.0,0.0,0.0,0.0,tokyo,tokyo
2026-02-11T05:18:41.349191,13013.9209,13013.9209,0.0,0.0,0.0,0.0,4,0,0,0,0,0,0,0,0.0,0.0,0.0,0.0,0.0,tokyo,tokyo
2026-02-11T05:20:01.214750,13013.9209,13013.9209,0.0,0.0,0.0,0.0,4,0,0,0,0,0,0,0,0.0,0.0,0.0,0.0,0.0,tokyo,tokyo
2026-02-11T05:20:01.822836,13013.9209,13013.9209,0.0,0.0,0.0,0.0,4,0,0,0,0,0,0,0,0.0,0.0,0.0,0.0,0.0,tokyo,tokyo
2026-02-11T05:21:27.898038,13013.9209,13013.9209,0.0,0.0,0.0,0.0,4,0,0,0,0,0,0,0,0.0,0.0,0.0,0.0,0.0,tokyo,tokyo
2026-02-11T05:21:28.514632,13013.9209,13013.9209,0.0,0.0,0.0,0.0,4,0,0,0,0,0,0,0,0.0,0.0,0.0,0.0,0.0,tokyo,tokyo
2026-02-11T05:22:49.988281,13013.9209,13013.9209,0.0,0.0,0.0,0.0,4,0,0,0,0,0,0,0,0.0,0.0,0.0,0.0,0.0,tokyo,tokyo
2026-02-11T05:22:50.611992,13013.9209,13013.9209,0.0,0.0,0.0,0.0,4,0,0,0,0,0,0,0,0.0,0.0,0.0,0.0,0.0,tokyo,tokyo
2026-02-11T05:24:13.126361,13013.9209,13013.9209,0.0,0.0,0.0,0.0,4,0,0,0,0,0,0,0,0.0,0.0,0.0,0.0,0.0,tokyo,tokyo
2026-02-11T05:24:13.731979,13013.9209,13013.9209,0.0,0.0,0.0,0.0,4,0,0,0,0,0,0,0,0.0,0.0,0.0,0.0,0.0,tokyo,tokyo
2026-02-11T05:25:32.837626,13013.9209,13013.9209,0.0,0.0,0.0,0.0,4,0,0,0,0,0,0,0,0.0,0.0,0.0,0.0,0.0,tokyo,tokyo
2026-02-11T05:25:33.458000,13013.9209,13013.9209,0.0,0.0,0.0,0.0,4,0,0,0,0,0,0,0,0.0,0.0,0.0,0.0,0.0,tokyo,tokyo
2026-02-11T05:26:47.241047,13013.9209,13013.9209,0.0,0.0,0.0,0.0,4,0,0,0,0,0,0,0,0.0,0.0,0.0,0.0,0.0,tokyo,tokyo
2026-02-11T05:26:47.885348,13013.9209,13013.9209,0.0,0.0,0.0,0.0,4,0,0,0,0,0,0,0,0.0,0.0,0.0,0.0,0.0,tokyo,tokyo
2026-02-11T05:28:08.347333,13013.9209,13013.9209,0.0,0.0,0.0,0.0,4,0,0,0,0,0,0,0,0.0,0.0,0.0,0.0,0.0,tokyo,tokyo
2026-02-11T05:28:08.975275,13013.9209,13013.9209,0.0,0.0,0.0,0.0,4,0,0,0,0,0,0,0,0.0,0.0,0.0,0.0,0.0,tokyo,tokyo
2026-02-11T05:29:39.680028,13013.9209,13013.9209,0.0,0.0,0.0,0.0,4,0,0,0,0,0,0,0,0.0,0.0,0.0,0.0,0.0,tokyo,tokyo
2026-02-11T05:29:40.267484,13013.9209,13013.9209,0.0,0.0,0.0,0.0,4,0,0,0,0,0,0,0,0.0,0.0,0.0,0.0,0.0,tokyo,tokyo
2026-02-11T05:31:01.021340,13013.9209,13013.9209,0.0,0.0,0.0,0.0,4,0,0,0,0,0,0,0,0.0,0.0,0.0,0.0,0.0,tokyo,tokyo
2026-02-11T05:31:01.639983,13013.9209,13013.9209,0.0,0.0,0.0,0.0,4,0,0,0,0,0,0,0,0.0,0.0,0.0,0.0,0.0,tokyo,tokyo
2026-02-11T05:32:20.495597,13013.9209,13013.9209,0.0,0.0,0.0,0.0,4,0,0,0,0,0,0,0,0.0,0.0,0.0,0.0,0.0,tokyo,tokyo
2026-02-11T05:32:21.106439,13013.9209,13013.9209,0.0,0.0,0.0,0.0,4,0,0,0,0,0,0,0,0.0,0.0,0.0,0.0,0.0,tokyo,tokyo
2026-02-11T05:33:46.375422,13013.9209,13013.9209,0.0,0.0,0.0,0.0,4,0,0,0,0,0,0,0,0.0,0.0,0.0,0.0,0.0,tokyo,tokyo
2026-02-11T05:33:47.014607,13013.9209,13013.9209,0.0,0.0,0.0,0.0,4,0,0,0,0,0,0,0,0.0,0.0,0.0,0.0,0.0,tokyo,tokyo
2026-02-11T05:35:13.290272,13013.9209,13013.9209,0.0,0.0,0.0,0.0,4,0,0,0,0,0,0,0,0.0,0.0,0.0,0.0,0.0,tokyo,tokyo
2026-02-11T05:35:13.898918,13013.9209,13013.9209,0.0,0.0,0.0,0.0,4,0,0,0,0,0,0,0,0.0,0.0,0.0,0.0,0.0,tokyo,tokyo
2026-02-11T05:36:27.820600,13013.9209,13013.9209,0.0,0.0,0.0,0.0,4,0,0,0,0,0,0,0,0.0,0.0,0.0,0.0,0.0,tokyo,tokyo
2026-02-11T05:36:28.471006,13013.9209,13013.9209,0.0,0.0,0.0,0.0,4,0,0,0,0,0,0,0,0.0,0.0,0.0,0.0,0.0,tokyo,tokyo
2026-02-11T05:37:46.143963,13013.9209,13013.9209,0.0,0.0,0.0,0.0,4,0,0,0,0,0,0,0,0.0,0.0,0.0,0.0,0.0,tokyo,tokyo
2026-02-11T05:37:46.787958,13013.9209,13013.9209,0.0,0.0,0.0,0.0,4,0,0,0,0,0,0,0,0.0,0.0,0.0,0.0,0.0,tokyo,tokyo
2026-02-11T05:39:09.806382,13013.9209,13013.9209,0.0,0.0,0.0,0.0,4,0,0,0,0,0,0,0,0.0,0.0,0.0,0.0,0.0,tokyo,tokyo
2026-02-11T05:39:10.428018,13013.9209,13013.9209,0.0,0.0,0.0,0.0,4,0,0,0,0,0,0,0,0.0,0.0,0.0,0.0,0.0,tokyo,tokyo
2026-02-11T05:40:33.480127,13013.9209,13013.9209,0.0,0.0,0.0,0.0,4,0,0,0,0,0,0,0,0.0,0.0,0.0,0.0,0.0,tokyo,tokyo
2026-02-11T05:40:34.110558,13013.9209,13013.9209,0.0,0.0,0.0,0.0,4,0,0,0,0,0,0,0,0.0,0.0,0.0,0.0,0.0,tokyo,tokyo
2026-02-11T05:41:49.869069,13013.9209,13013.9209,0.0,0.0,0.0,0.0,4,0,0,0,0,0,0,0,0.0,0.0,0.0,0.0,0.0,tokyo,tokyo
2026-02-11T05:41:50.482864,13013.9209,13013.9209,0.0,0.0,0.0,0.0,4,0,0,0,0,0,0,0,0.0,0.0,0.0,0.0,0.0,tokyo,tokyo
2026-02-11T05:43:08.679694,13013.9209,13013.9209,0.0,0.0,0.0,0.0,4,0,0,0,0,0,0,0,0.0,0.0,0.0,0.0,0.0,tokyo,tokyo
2026-02-11T05:43:09.295289,13013.9209,13013.9209,0.0,0.0,0.0,0.0,4,0,0,0,0,0,0,0,0.0,0.0,0.0,0.0,0.0,tokyo,tokyo
2026-02-11T05:44:23.088174,13013.9209,13013.9209,0.0,0.0,0.0,0.0,4,0,0,0,0,0,0,0,0.0,0.0,0.0,0.0,0.0,tokyo,tokyo
2026-02-11T05:44:23.716844,13013.9209,13013.9209,0.0,0.0,0.0,0.0,4,0,0,0,0,0,0,0,0.0,0.0,0.0,0.0,0.0,tokyo,tokyo
2026-02-11T05:45:34.365997,13013.9209,13013.9209,0.0,0.0,0.0,0.0,4,0,0,0,0,0,0,0,0.0,0.0,0.0,0.0,0.0,tokyo,tokyo
2026-02-11T05:45:34.994679,13013.9209,13013.9209,0.0,0.0,0.0,0.0,4,0,0,0,0,0,0,0,0.0,0.0,0.0,0.0,0.0,tokyo,tokyo
2026-02-11T05:46:47.013069,13013.9209,13013.9209,0.0,0.0,0.0,0.0,4,0,0,0,0,0,0,0,0.0,0.0,0.0,0.0,0.0,tokyo,tokyo
2026-02-11T05:46:47.628997,13013.9209,13013.9209,0.0,0.0,0.0,0.0,4,0,0,0,0,0,0,0,0.0,0.0,0.0,0.0,0.0,tokyo,tokyo
2026-02-11T05:48:09.251180,13013.9209,13013.9209,0.0,0.0,0.0,0.0,4,0,0,0,0,0,0,0,0.0,0.0,0.0,0.0,0.0,tokyo,tokyo
2026-02-11T05:48:09.886994,13013.9209,13013.9209,0.0,0.0,0.0,0.0,4,0,0,0,0,0,0,0,0.0,0.0,0.0,0.0,0.0,tokyo,tokyo
2026-02-11T05:49:25.156992,13013.9209,13013.9209,0.0,0.0,0.0,0.0,4,0,0,0,0,0,0,0,0.0,0.0,0.0,0.0,0.0,tokyo,tokyo
2026-02-11T05:49:25.747991,13013.9209,13013.9209,0.0,0.0,0.0,0.0,4,0,0,0,0,0,0,0,0.0,0.0,0.0,0.0,0.0,tokyo,tokyo
2026-02-11T05:50:36.177786,13013.9209,13013.9209,0.0,0.0,0.0,0.0,4,0,0,0,0,0,0,0,0.0,0.0,0.0,0.0,0.0,tokyo,tokyo
2026-02-11T05:50:36.797973,13013.9209,13013.9209,0.0,0.0,0.0,0.0,4,0,0,0,0,0,0,0,0.0,0.0,0.0,0.0,0.0,tokyo,tokyo
2026-02-11T05:51:44.026066,13013.9209,13013.9209,0.0,0.0,0.0,0.0,4,0,0,0,0,0,0,0,0.0,0.0,0.0,0.0,0.0,tokyo,tokyo
2026-02-11T05:51:44.660375,13013.9209,13013.9209,0.0,0.0,0.0,0.0,4,0,0,0,0,0,0,0,0.0,0.0,0.0,0.0,0.0,tokyo,tokyo
2026-02-11T05:52:56.136995,13013.9209,13013.9209,0.0,0.0,0.0,0.0,4,0,0,0,0,0,0,0,0.0,0.0,0.0,0.0,0.0,tokyo,tokyo
2026-02-11T05:52:56.744839,13013.9209,13013.9209,0.0,0.0,0.0,0.0,4,0,0,0,0,0,0,0,0.0,0.0,0.0,0.0,0.0,tokyo,tokyo
2026-02-11T05:54:14.296282,13013.9209,13013.9209,0.0,0.0,0.0,0.0,4,0,0,0,0,0,0,0,0.0,0.0,0.0,0.0,0.0,tokyo,tokyo
2026-02-11T05:54:14.950018,13013.9209,13013.9209,0.0,0.0,0.0,0.0,4,0,0,0,0,0,0,0,0.0,0.0,0.0,0.0,0.0,tokyo,tokyo
2026-02-11T05:55:37.573739,13013.9209,13013.9209,0.0,0.0,0.0,0.0,4,0,0,0,0,0,0,0,0.0,0.0,0.0,0.0,0.0,tokyo,tokyo
2026-02-11T05:55:38.194932,13013.9209,13013.9209,0.0,0.0,0.0,0.0,4,0,0,0,0,0,0,0,0.0,0.0,0.0,0.0,0.0,tokyo,tokyo
2026-02-11T05:56:47.986130,13013.9209,13013.9209,0.0,0.0,0.0,0.0,4,0,0,0,0,0,0,0,0.0,0.0,0.0,0.0,0.0,tokyo,tokyo
2026-02-11T05:56:48.594085,13013.9209,13013.9209,0.0,0.0,0.0,0.0,4,0,0,0,0,0,0,0,0.0,0.0,0.0,0.0,0.0,tokyo,tokyo
2026-02-11T05:57:58.157408,13013.9209,13013.9209,0.0,0.0,0.0,0.0,4,0,0,0,0,0,0,0,0.0,0.0,0.0,0.0,0.0,tokyo,tokyo
2026-02-11T05:57:58.786975,13013.9209,13013.9209,0.0,0.0,0.0,0.0,4,0,0,0,0,0,0,0,0.0,0.0,0.0,0.0,0.0,tokyo,tokyo
2026-02-11T05:59:04.401019,13013.9209,13013.9209,0.0,0.0,0.0,0.0,4,0,0,0,0,0,0,0,0.0,0.0,0.0,0.0,0.0,tokyo,tokyo
2026-02-11T05:59:05.030079,13013.9209,13013.9209,0.0,0.0,0.0,0.0,4,0,0,0,0,0,0,0,0.0,0.0,0.0,0.0,0.0,tokyo,tokyo
2026-02-11T06:00:12.725362,13013.9209,13013.9209,0.0,0.0,0.0,0.0,4,0,0,0,0,0,0,0,0.0,0.0,0.0,0.0,0.0,tokyo,tokyo
2026-02-11T06:00:13.328382,13013.9209,13013.9209,0.0,0.0,0.0,0.0,4,0,0,0,0,0,0,0,0.0,0.0,0.0,0.0,0.0,tokyo,tokyo
2026-02-11T06:01:26.714171,13013.9209,13013.9209,0.0,0.0,0.0,0.0,4,0,0,0,0,0,0,0,0.0,0.0,0.0,0.0,0.0,tokyo,tokyo
2026-02-11T06:01:27.375596,13013.9209,13013.9209,0.0,0.0,0.0,0.0,4,0,0,0,0,0,0,0,0.0,0.0,0.0,0.0,0.0,tokyo,tokyo
2026-02-11T06:02:41.468740,13013.9209,13013.9209,0.0,0.0,0.0,0.0,4,0,0,0,0,0,0,0,0.0,0.0,0.0,0.0,0.0,tokyo,tokyo
2026-02-11T06:02:42.086363,13013.9209,13013.9209,0.0,0.0,0.0,0.0,4,0,0,0,0,0,0,0,0.0,0.0,0.0,0.0,0.0,tokyo,tokyo
2026-02-11T06:03:55.444386,13013.9209,13013.9209,0.0,0.0,0.0,0.0,4,0,0,0,0,0,0,0,0.0,0.0,0.0,0.0,0.0,tokyo,tokyo
2026-02-11T06:03:56.041069,13013.9209,13013.9209,0.0,0.0,0.0,0.0,4,0,0,0,0,0,0,0,0.0,0.0,0.0,0.0,0.0,tokyo,tokyo
2026-02-11T06:05:12.600948,13013.9209,13013.9209,0.0,0.0,0.0,0.0,4,0,0,0,0,0,0,0,0.0,0.0,0.0,0.0,0.0,tokyo,tokyo
2026-02-11T06:05:13.209256,13013.9209,13013.9209,0.0,0.0,0.0,0.0,4,0,0,0,0,0,0,0,0.0,0.0,0.0,0.0,0.0,tokyo,tokyo
2026-02-11T06:06:37.475216,13013.9209,13013.9209,0.0,0.0,0.0,0.0,4,0,0,0,0,0,0,0,0.0,0.0,0.0,0.0,0.0,tokyo,tokyo
2026-02-11T06:06:38.119940,13013.9209,13013.9209,0.0,0.0,0.0,0.0,4,0,0,0,0,0,0,0,0.0,0.0,0.0,0.0,0.0,tokyo,tokyo
2026-02-11T06:07:59.480986,13013.9209,13013.9209,0.0,0.0,0.0,0.0,4,0,0,0,0,0,0,0,0.0,0.0,0.0,0.0,0.0,tokyo,tokyo
2026-02-11T06:08:00.101412,13013.9209,13013.9209,0.0,0.0,0.0,0.0,4,0,0,0,0,0,0,0,0.0,0.0,0.0,0.0,0.0,tokyo,tokyo
2026-02-11T06:09:08.904119,13013.9209,13013.9209,0.0,0.0,0.0,0.0,4,0,0,0,0,0,0,0,0.0,0.0,0.0,0.0,0.0,tokyo,tokyo
2026-02-11T06:09:09.525831,13013.9209,13013.9209,0.0,0.0,0.0,0.0,4,0,0,0,0,0,0,0,0.0,0.0,0.0,0.0,0.0,tokyo,tokyo
2026-02-11T06:10:16.555031,13013.9209,13013.9209,0.0,0.0,0.0,0.0,4,0,0,0,0,0,0,0,0.0,0.0,0.0,0.0,0.0,tokyo,tokyo
2026-02-11T06:10:17.207253,13013.9209,13013.9209,0.0,0.0,0.0,0.0,4,0,0,0,0,0,0,0,0.0,0.0,0.0,0.0,0.0,tokyo,tokyo
2026-02-11T06:11:28.134023,13013.9209,13013.9209,0.0,0.0,0.0,0.0,4,0,0,0,0,0,0,0,0.0,0.0,0.0,0.0,0.0,tokyo,tokyo
2026-02-11T06:11:28.751033,13013.9209,13013.9209,0.0,0.0,0.0,0.0,4,0,0,0,0,0,0,0,0.0,0.0,0.0,0.0,0.0,tokyo,tokyo
2026-02-11T06:12:49.768231,13013.9209,13013.9209,0.0,0.0,0.0,0.0,4,0,0,0,0,0,0,0,0.0,0.0,0.0,0.0,0.0,tokyo,tokyo
2026-02-11T06:12:50.389246,13013.9209,13013.9209,0.0,0.0,0.0,0.0,4,0,0,0,0,0,0,0,0.0,0.0,0.0,0.0,0.0,tokyo,tokyo
2026-02-11T06:14:13.700360,13013.9209,13013.9209,0.0,0.0,0.0,0.0,4,0,0,0,0,0,0,0,0.0,0.0,0.0,0.0,0.0,tokyo,tokyo
2026-02-11T06:14:14.294972,13013.9209,13013.9209,0.0,0.0,0.0,0.0,4,0,0,0,0,0,0,0,0.0,0.0,0.0,0.0,0.0,tokyo,tokyo
2026-02-11T06:15:28.640607,13013.9209,13013.9209,0.0,0.0,0.0,0.0,4,0,0,0,0,0,0,0,0.0,0.0,0.0,0.0,0.0,tokyo,tokyo
2026-02-11T06:15:29.292651,13013.9209,13013.9209,0.0,0.0,0.0,0.0,4,0,0,0,0,0,0,0,0.0,0.0,0.0,0.0,0.0,tokyo,tokyo
2026-02-11T06:16:42.875020,13013.9209,13013.9209,0.0,0.0,0.0,0.0,4,0,0,0,0,0,0,0,0.0,0.0,0.0,0.0,0.0,tokyo,tokyo
2026-02-11T06:16:43.499005,13013.9209,13013.9209,0.0,0.0,0.0,0.0,4,0,0,0,0,0,0,0,0.0,0.0,0.0,0.0,0.0,tokyo,tokyo
2026-02-11T06:17:51.927160,13013.9209,13013.9209,0.0,0.0,0.0,0.0,4,0,0,0,0,0,0,0,0.0,0.0,0.0,0.0,0.0,tokyo,tokyo
2026-02-11T06:17:52.545160,13013.9209,13013.9209,0.0,0.0,0.0,0.0,4,0,0,0,0,0,0,0,0.0,0.0,0.0,0.0,0.0,tokyo,tokyo
2026-02-11T06:19:01.607977,13013.9209,13013.9209,0.0,0.0,0.0,0.0,4,0,0,0,0,0,0,0,0.0,0.0,0.0,0.0,0.0,tokyo,tokyo
2026-02-11T06:19:02.271163,13013.9209,13013.9209,0.0,0.0,0.0,0.0,4,0,0,0,0,0,0,0,0.0,0.0,0.0,0.0,0.0,tokyo,tokyo
2026-02-11T06:20:15.095081,13013.9209,13013.9209,0.0,0.0,0.0,0.0,4,0,0,0,0,0,0,0,0.0,0.0,0.0,0.0,0.0,tokyo,tokyo
2026-02-11T06:20:15.708298,13013.9209,13013.9209,0.0,0.0,0.0,0.0,4,0,0,0,0,0,0,0,0.0,0.0,0.0,0.0,0.0,tokyo,tokyo
2026-02-11T06:21:25.405356,13013.9209,13013.9209,0.0,0.0,0.0,0.0,4,0,0,0,0,0,0,0,0.0,0.0,0.0,0.0,0.0,tokyo,tokyo
2026-02-11T06:21:26.038802,13013.9209,13013.9209,0.0,0.0,0.0,0.0,4,0,0,0,0,0,0,0,0.0,0.0,0.0,0.0,0.0,tokyo,tokyo
2026-02-11T06:22:41.326756,13013.9209,13013.9209,0.0,0.0,0.0,0.0,4,0,0,0,0,0,0,0,0.0,0.0,0.0,0.0,0.0,tokyo,tokyo
2026-02-11T06:22:41.985952,13013.9209,13013.9209,0.0,0.0,0.0,0.0,4,0,0,0,0,0,0,0,0.0,0.0,0.0,0.0,0.0,tokyo,tokyo
2026-02-11T06:23:52.423890,13013.9209,13013.9209,0.0,0.0,0.0,0.0,4,0,0,0,0,0,0,0,0.0,0.0,0.0,0.0,0.0,tokyo,tokyo
2026-02-11T06:23:53.047163,13013.9209,13013.9209,0.0,0.0,0.0,0.0,4,0,0,0,0,0,0,0,0.0,0.0,0.0,0.0,0.0,tokyo,tokyo
2026-02-11T06:25:16.009768,13013.9209,13013.9209,0.0,0.0,0.0,0.0,4,0,0,0,0,0,0,0,0.0,0.0,0.0,0.0,0.0,tokyo,tokyo
2026-02-11T06:25:16.633026,13013.9209,13013.9209,0.0,0.0,0.0,0.0,4,0,0,0,0,0,0,0,0.0,0.0,0.0,0.0,0.0,tokyo,tokyo
2026-02-11T06:26:42.600660,13013.9209,13013.9209,0.0,0.0,0.0,0.0,4,0,0,0,0,0,0,0,0.0,0.0,0.0,0.0,0.0,tokyo,tokyo
2026-02-11T06:26:43.231963,13013.9209,13013.9209,0.0,0.0,0.0,0.0,4,0,0,0,0,0,0,0,0.0,0.0,0.0,0.0,0.0,tokyo,tokyo
2026-02-11T06:28:00.841323,13013.9209,13013.9209,0.0,0.0,0.0,0.0,4,0,0,0,0,0,0,0,0.0,0.0,0.0,0.0,0.0,tokyo,tokyo
2026-02-11T06:28:01.439818,13013.9209,13013.9209,0.0,0.0,0.0,0.0,4,0,0,0,0,0,0,0,0.0,0.0,0.0,0.0,0.0,tokyo,tokyo
2026-02-11T06:29:12.405367,13013.9209,13013.9209,0.0,0.0,0.0,0.0,4,0,0,0,0,0,0,0,0.0,0.0,0.0,0.0,0.0,tokyo,tokyo
2026-02-11T06:29:13.023410,13013.9209,13013.9209,0.0,0.0,0.0,0.0,4,0,0,0,0,0,0,0,0.0,0.0,0.0,0.0,0.0,tokyo,tokyo
2026-02-11T06:30:33.045831,13013.9209,13013.9209,0.0,0.0,0.0,0.0,4,0,0,0,0,0,0,0,0.0,0.0,0.0,0.0,0.0,tokyo,tokyo
2026-02-11T06:30:33.663737,13013.9209,13013.9209,0.0,0.0,0.0,0.0,4,0,0,0,0,0,0,0,0.0,0.0,0.0,0.0,0.0,tokyo,tokyo
2026-02-11T06:31:57.031967,13013.9209,13013.9209,0.0,0.0,0.0,0.0,4,0,0,0,0,0,0,0,0.0,0.0,0.0,0.0,0.0,tokyo,tokyo
2026-02-11T06:31:57.637009,13013.9209,13013.9209,0.0,0.0,0.0,0.0,4,0,0,0,0,0,0,0,0.0,0.0,0.0,0.0,0.0,tokyo,tokyo
2026-02-11T06:33:09.620270,13013.9209,13013.9209,0.0,0.0,0.0,0.0,4,0,0,0,0,0,0,0,0.0,0.0,0.0,0.0,0.0,tokyo,tokyo
2026-02-11T06:33:10.225885,13013.9209,13013.9209,0.0,0.0,0.0,0.0,4,0,0,0,0,0,0,0,0.0,0.0,0.0,0.0,0.0,tokyo,tokyo
2026-02-11T06:34:24.463165,13013.9209,13013.9209,0.0,0.0,0.0,0.0,4,0,0,0,0,0,0,0,0.0,0.0,0.0,0.0,0.0,tokyo,tokyo
2026-02-11T06:34:25.071191,13013.9209,13013.9209,0.0,0.0,0.0,0.0,4,0,0,0,0,0,0,0,0.0,0.0,0.0,0.0,0.0,tokyo,tokyo
2026-02-11T06:35:42.083066,13013.9209,13013.9209,0.0,0.0,0.0,0.0,4,0,0,0,0,0,0,0,0.0,0.0,0.0,0.0,0.0,tokyo,tokyo
2026-02-11T06:35:42.696937,13013.9209,13013.9209,0.0,0.0,0.0,0.0,4,0,0,0,0,0,0,0,0.0,0.0,0.0,0.0,0.0,tokyo,tokyo
2026-02-11T06:37:06.007992,13013.9209,13013.9209,0.0,0.0,0.0,0.0,4,0,0,0,0,0,0,0,0.0,0.0,0.0,0.0,0.0,tokyo,tokyo
2026-02-11T06:37:06.679395,13013.9209,13013.9209,0.0,0.0,0.0,0.0,4,0,0,0,0,0,0,0,0.0,0.0,0.0,0.0,0.0,tokyo,tokyo
2026-02-11T06:38:26.750997,13013.9209,13013.9209,0.0,0.0,0.0,0.0,4,0,0,0,0,0,0,0,0.0,0.0,0.0,0.0,0.0,tokyo,tokyo
2026-02-11T06:38:27.355028,13013.9209,13013.9209,0.0,0.0,0.0,0.0,4,0,0,0,0,0,0,0,0.0,0.0,0.0,0.0,0.0,tokyo,tokyo
2026-02-11T06:39:39.932983,13013.9209,13013.9209,0.0,0.0,0.0,0.0,4,0,0,0,0,0,0,0,0.0,0.0,0.0,0.0,0.0,tokyo,tokyo
2026-02-11T06:39:40.550408,13013.9209,13013.9209,0.0,0.0,0.0,0.0,4,0,0,0,0,0,0,0,0.0,0.0,0.0,0.0,0.0,tokyo,tokyo
2026-02-11T06:40:58.242773,13013.9209,13013.9209,0.0,0.0,0.0,0.0,4,0,0,0,0,0,0,0,0.0,0.0,0.0,0.0,0.0,tokyo,tokyo
2026-02-11T06:40:58.835790,13013.9209,13013.9209,0.0,0.0,0.0,0.0,4,0,0,0,0,0,0,0,0.0,0.0,0.0,0.0,0.0,tokyo,tokyo
2026-02-11T06:42:17.934830,13013.9209,13013.9209,0.0,0.0,0.0,0.0,4,0,0,0,0,0,0,0,0.0,0.0,0.0,0.0,0.0,tokyo,tokyo
2026-02-11T06:42:18.534609,13013.9209,13013.9209,0.0,0.0,0.0,0.0,4,0,0,0,0,0,0,0,0.0,0.0,0.0,0.0,0.0,tokyo,tokyo
2026-02-11T06:43:24.877982,13013.9209,13013.9209,0.0,0.0,0.0,0.0,4,0,0,0,0,0,0,0,0.0,0.0,0.0,0.0,0.0,tokyo,tokyo
2026-02-11T06:43:25.511178,13013.9209,13013.9209,0.0,0.0,0.0,0.0,4,0,0,0,0,0,0,0,0.0,0.0,0.0,0.0,0.0,tokyo,tokyo
2026-02-11T06:44:34.636468,13013.9209,13013.9209,0.0,0.0,0.0,0.0,4,0,0,0,0,0,0,0,0.0,0.0,0.0,0.0,0.0,tokyo,tokyo
2026-02-11T06:44:35.234743,13013.9209,13013.9209,0.0,0.0,0.0,0.0,4,0,0,0,0,0,0,0,0.0,0.0,0.0,0.0,0.0,tokyo,tokyo
2026-02-11T06:45:42.566727,13013.9209,13013.9209,0.0,0.0,0.0,0.0,4,0,0,0,0,0,0,0,0.0,0.0,0.0,0.0,0.0,tokyo,tokyo
2026-02-11T06:45:43.175006,13013.9209,13013.9209,0.0,0.0,0.0,0.0,4,0,0,0,0,0,0,0,0.0,0.0,0.0,0.0,0.0,tokyo,tokyo
2026-02-11T06:46:58.866750,13013.9209,13013.9209,0.0,0.0,0.0,0.0,4,0,0,0,0,0,0,0,0.0,0.0,0.0,0.0,0.0,tokyo,tokyo
2026-02-11T06:46:59.462595,13013.9209,13013.9209,0.0,0.0,0.0,0.0,4,0,0,0,0,0,0,0,0.0,0.0,0.0,0.0,0.0,tokyo,tokyo
2026-02-11T06:48:16.857904,13013.9209,13013.9209,0.0,0.0,0.0,0.0,4,0,0,0,0,0,0,0,0.0,0.0,0.0,0.0,0.0,tokyo,tokyo
2026-02-11T06:48:17.452663,13013.9209,13013.9209,0.0,0.0,0.0,0.0,4,0,0,0,0,0,0,0,0.0,0.0,0.0,0.0,0.0,tokyo,tokyo
2026-02-11T06:49:24.931896,13013.9209,13013.9209,0.0,0.0,0.0,0.0,4,0,0,0,0,0,0,0,0.0,0.0,0.0,0.0,0.0,tokyo,tokyo
2026-02-11T06:49:25.541317,13013.9209,13013.9209,0.0,0.0,0.0,0.0,4,0,0,0,0,0,0,0,0.0,0.0,0.0,0.0,0.0,tokyo,tokyo
2026-02-11T06:50:31.980717,13013.9209,13013.9209,0.0,0.0,0.0,0.0,4,0,0,0,0,0,0,0,0.0,0.0,0.0,0.0,0.0,tokyo,tokyo
2026-02-11T06:50:32.607851,13013.9209,13013.9209,0.0,0.0,0.0,0.0,4,0,0,0,0,0,0,0,0.0,0.0,0.0,0.0,0.0,tokyo,tokyo
2026-02-11T06:51:39.344969,13013.9209,13013.9209,0.0,0.0,0.0,0.0,4,0,0,0,0,0,0,0,0.0,0.0,0.0,0.0,0.0,tokyo,tokyo
2026-02-11T06:51:39.954064,13013.9209,13013.9209,0.0,0.0,0.0,0.0,4,0,0,0,0,0,0,0,0.0,0.0,0.0,0.0,0.0,tokyo,tokyo
2026-02-11T06:52:47.036997,13013.9209,13013.9209,0.0,0.0,0.0,0.0,4,0,0,0,0,0,0,0,0.0,0.0,0.0,0.0,0.0,tokyo,tokyo
2026-02-11T06:52:47.659033,13013.9209,13013.9209,0.0,0.0,0.0,0.0,4,0,0,0,0,0,0,0,0.0,0.0,0.0,0.0,0.0,tokyo,tokyo
2026-02-11T06:54:04.720856,13013.9209,13013.9209,0.0,0.0,0.0,0.0,4,0,0,0,0,0,0,0,0.0,0.0,0.0,0.0,0.0,tokyo,tokyo
2026-02-11T06:54:05.348404,13013.9209,13013.9209,0.0,0.0,0.0,0.0,4,0,0,0,0,0,0,0,0.0,0.0,0.0,0.0,0.0,tokyo,tokyo
2026-02-11T06:55:27.599231,13013.9209,13013.9209,0.0,0.0,0.0,0.0,4,0,0,0,0,0,0,0,0.0,0.0,0.0,0.0,0.0,tokyo,tokyo
2026-02-11T06:55:28.251128,13013.9209,13013.9209,0.0,0.0,0.0,0.0,4,0,0,0,0,0,0,0,0.0,0.0,0.0,0.0,0.0,tokyo,tokyo
2026-02-11T06:56:37.275965,13013.9209,13013.9209,0.0,0.0,0.0,0.0,4,0,0,0,0,0,0,0,0.0,0.0,0.0,0.0,0.0,tokyo,tokyo
2026-02-11T06:56:37.910025,13013.9209,13013.9209,0.0,0.0,0.0,0.0,4,0,0,0,0,0,0,0,0.0,0.0,0.0,0.0,0.0,tokyo,tokyo
2026-02-11T06:57:45.087004,13013.9209,13013.9209,0.0,0.0,0.0,0.0,4,0,0,0,0,0,0,0,0.0,0.0,0.0,0.0,0.0,tokyo,tokyo
2026-02-11T06:57:45.719227,13013.9209,13013.9209,0.0,0.0,0.0,0.0,4,0,0,0,0,0,0,0,0.0,0.0,0.0,0.0,0.0,tokyo,tokyo
2026-02-11T06:58:52.878984,13013.9209,13013.9209,0.0,0.0,0.0,0.0,4,0,0,0,0,0,0,0,0.0,0.0,0.0,0.0,0.0,tokyo,tokyo
2026-02-11T06:58:53.538258,13013.9209,13013.9209,0.0,0.0,0.0,0.0,4,0,0,0,0,0,0,0,0.0,0.0,0.0,0.0,0.0,tokyo,tokyo
2026-02-11T07:00:00.917973,13013.9209,13013.9209,0.0,0.0,0.0,0.0,4,0,0,0,0,0,0,0,0.0,0.0,0.0,0.0,0.0,tokyo,tokyo
2026-02-11T07:00:01.536394,13013.9209,13013.9209,0.0,0.0,0.0,0.0,4,0,0,0,0,0,0,0,0.0,0.0,0.0,0.0,0.0,tokyo,tokyo
2026-02-11T07:01:09.837619,13013.9209,13013.9209,0.0,0.0,0.0,0.0,4,0,0,0,0,0,0,0,0.0,0.0,0.0,0.0,0.0,,
2026-02-11T07:17:48.057434,13013.9209,13013.9209,0.0,0.0,0.0,0.0,4,0,0,0,0,0,0,0,0.0,0.0,0.0,0.0,0.0,,
2026-02-11T07:34:35.063958,13013.9209,13013.9209,0.0,0.0,0.0,0.0,4,0,0,0,0,0,0,0,0.0,0.0,0.0,0.0,0.0,,
2026-02-11T07:51:09.332964,13013.9209,13013.9209,0.0,0.0,0.0,0.0,4,0,0,0,0,0,0,0,0.0,0.0,0.0,0.0,0.0,,
2026-02-11T08:08:40.540672,13013.9209,13013.9209,0.0,0.0,0.0,0.0,4,0,0,0,0,0,0,0,0.0,0.0,0.0,0.0,0.0,tokyo_london_overlap,tokyo_london_overlap
2026-02-11T08:08:41.192484,13013.9209,13013.9209,0.0,0.0,0.0,0.0,4,0,0,0,0,0,0,0,0.0,0.0,0.0,0.0,0.0,tokyo_london_overlap,tokyo_london_overlap
2026-02-11T08:09:57.228867,13013.9209,13013.9209,0.0,0.0,0.0,0.0,4,0,0,0,0,0,0,0,0.0,0.0,0.0,0.0,0.0,tokyo_london_overlap,tokyo_london_overlap
2026-02-11T08:09:57.859218,13013.9209,13013.9209,0.0,0.0,0.0,0.0,4,0,0,0,0,0,0,0,0.0,0.0,0.0,0.0,0.0,tokyo_london_overlap,tokyo_london_overlap
2026-02-11T08:11:15.883313,13013.9209,13013.9209,0.0,0.0,0.0,0.0,4,0,0,0,0,0,0,0,0.0,0.0,0.0,0.0,0.0,tokyo_london_overlap,tokyo_london_overlap
2026-02-11T08:11:16.509846,13013.9209,13013.9209,0.0,0.0,0.0,0.0,4,0,0,0,0,0,0,0,0.0,0.0,0.0,0.0,0.0,tokyo_london_overlap,tokyo_london_overlap
2026-02-11T08:12:36.536924,13013.9209,13013.9209,0.0,0.0,0.0,0.0,4,0,0,0,0,0,0,0,0.0,0.0,0.0,0.0,0.0,tokyo_london_overlap,tokyo_london_overlap
2026-02-11T08:12:37.182151,13013.9209,13013.9209,0.0,0.0,0.0,0.0,4,0,0,0,0,0,0,0,0.0,0.0,0.0,0.0,0.0,tokyo_london_overlap,tokyo_london_overlap
2026-02-11T08:13:58.980486,13013.9209,13013.9209,0.0,0.0,0.0,0.0,4,0,0,0,0,0,0,0,0.0,0.0,0.0,0.0,0.0,tokyo_london_overlap,tokyo_london_overlap
2026-02-11T08:13:59.574527,13013.9209,13013.9209,0.0,0.0,0.0,0.0,4,0,0,0,0,0,0,0,0.0,0.0,0.0,0.0,0.0,tokyo_london_overlap,tokyo_london_overlap
2026-02-11T08:15:14.141478,13013.9209,13013.9209,0.0,0.0,0.0,0.0,4,0,0,0,0,0,0,0,0.0,0.0,0.0,0.0,0.0,tokyo_london_overlap,tokyo_london_overlap
2026-02-11T08:15:14.750903,13013.9209,13013.9209,0.0,0.0,0.0,0.0,4,0,0,0,0,0,0,0,0.0,0.0,0.0,0.0,0.0,tokyo_london_overlap,tokyo_london_overlap
2026-02-11T08:16:42.803039,13013.9209,13013.9209,0.0,0.0,0.0,0.0,4,0,0,0,0,0,0,0,0.0,0.0,0.0,0.0,0.0,,
2026-02-11T08:34:45.239577,13013.9209,13013.9209,0.0,0.0,0.0,0.0,4,0,0,0,0,0,0,0,0.0,0.0,0.0,0.0,0.0,tokyo_london_overlap,tokyo_london_overlap
2026-02-11T08:34:45.845815,13013.9209,13013.9209,0.0,0.0,0.0,0.0,4,0,0,0,0,0,0,0,0.0,0.0,0.0,0.0,0.0,tokyo_london_overlap,tokyo_london_overlap
2026-02-11T08:36:12.754192,13013.9209,13013.9209,0.0,0.0,0.0,0.0,4,0,0,0,0,0,0,0,0.0,0.0,0.0,0.0,0.0,,
2026-02-11T08:53:53.813042,13013.9209,13013.9209,0.0,0.0,0.0,0.0,4,0,0,0,0,0,0,0,0.0,0.0,0.0,0.0,0.0,tokyo_london_overlap,tokyo_london_overlap
2026-02-11T08:53:54.433043,13013.9209,13013.9209,0.0,0.0,0.0,0.0,4,0,0,0,0,0,0,0,0.0,0.0,0.0,0.0,0.0,tokyo_london_overlap,tokyo_london_overlap
2026-02-11T08:55:17.729171,13013.9209,13013.9209,0.0,0.0,0.0,0.0,4,0,0,0,0,0,0,0,0.0,0.0,0.0,0.0,0.0,,
2026-02-11T09:10:05.604029,13013.9209,13013.9209,0.0,0.0,0.0,0.0,4,0,0,0,0,0,0,0,0.0,0.0,0.0,0.0,0.0,london,london
2026-02-11T09:10:06.209228,13013.9209,13013.9209,0.0,0.0,0.0,0.0,4,0,0,0,0,0,0,0,0.0,0.0,0.0,0.0,0.0,london,london
2026-02-11T09:11:21.403059,13013.9209,13013.9209,0.0,0.0,0.0,0.0,4,0,0,0,0,0,0,0,0.0,0.0,0.0,0.0,0.0,,
2026-02-11T09:23:11.777047,13013.9209,13013.9209,0.0,0.0,0.0,0.0,4,0,0,0,0,0,0,0,0.0,0.0,0.0,0.0,0.0,,
2026-02-11T09:36:23.299067,13013.9209,13013.9209,0.0,0.0,0.0,0.0,4,0,0,0,0,0,0,0,0.0,0.0,0.0,0.0,0.0,,
2026-02-11T09:49:05.780001,13013.9209,13013.9209,0.0,0.0,0.0,0.0,4,0,0,0,0,0,0,0,0.0,0.0,0.0,0.0,0.0,london,london
2026-02-11T09:49:06.387530,13013.9209,13013.9209,0.0,0.0,0.0,0.0,4,0,0,0,0,0,0,0,0.0,0.0,0.0,0.0,0.0,london,london
2026-02-11T09:50:24.789129,13013.9209,13013.9209,0.0,0.0,0.0,0.0,4,0,0,0,0,0,0,0,0.0,0.0,0.0,0.0,0.0,london,london
2026-02-11T09:50:25.389644,13013.9209,13013.9209,0.0,0.0,0.0,0.0,4,0,0,0,0,0,0,0,0.0,0.0,0.0,0.0,0.0,london,london
2026-02-11T09:51:50.720882,13013.9209,13013.9209,0.0,0.0,0.0,0.0,4,0,0,0,0,0,0,0,0.0,0.0,0.0,0.0,0.0,london,london
2026-02-11T09:51:51.353094,13013.9209,13013.9209,0.0,0.0,0.0,0.0,4,0,0,0,0,0,0,0,0.0,0.0,0.0,0.0,0.0,london,london
2026-02-11T09:53:03.451176,13013.9209,13013.9209,0.0,0.0,0.0,0.0,4,0,0,0,0,0,0,0,0.0,0.0,0.0,0.0,0.0,london,london
2026-02-11T09:53:04.071343,13013.9209,13013.9209,0.0,0.0,0.0,0.0,4,0,0,0,0,0,0,0,0.0,0.0,0.0,0.0,0.0,london,london
2026-02-11T09:54:26.183477,13013.9209,13013.9209,0.0,0.0,0.0,0.0,4,0,0,0,0,0,0,0,0.0,0.0,0.0,0.0,0.0,london,london
2026-02-11T09:54:26.864753,13013.9209,13013.9209,0.0,0.0,0.0,0.0,4,0,0,0,0,0,0,0,0.0,0.0,0.0,0.0,0.0,london,london
2026-02-11T09:55:55.531304,13013.9209,13013.9209,0.0,0.0,0.0,0.0,4,0,0,0,0,0,0,0,0.0,0.0,0.0,0.0,0.0,london,london
2026-02-11T09:55:56.182828,13013.9209,13013.9209,0.0,0.0,0.0,0.0,4,0,0,0,0,0,0,0,0.0,0.0,0.0,0.0,0.0,london,london
2026-02-11T09:57:20.543949,13013.9209,13013.9209,0.0,0.0,0.0,0.0,4,0,0,0,0,0,0,0,0.0,0.0,0.0,0.0,0.0,london,london
2026-02-11T09:57:21.236769,13013.9209,13013.9209,0.0,0.0,0.0,0.0,4,0,0,0,0,0,0,0,0.0,0.0,0.0,0.0,0.0,london,london
2026-02-11T09:58:48.191420,13013.9209,13013.9209,0.0,0.0,0.0,0.0,4,0,0,0,0,0,0,0,0.0,0.0,0.0,0.0,0.0,london,london
2026-02-11T09:58:48.921840,13013.9209,13013.9209,0.0,0.0,0.0,0.0,4,0,0,0,0,0,0,0,0.0,0.0,0.0,0.0,0.0,london,london
2026-02-11T10:00:14.177672,13013.9209,13013.9209,0.0,0.0,0.0,0.0,4,0,0,0,0,0,0,0,0.0,0.0,0.0,0.0,0.0,london,london
2026-02-11T10:00:14.807913,13013.9209,13013.9209,0.0,0.0,0.0,0.0,4,0,0,0,0,0,0,0,0.0,0.0,0.0,0.0,0.0,london,london
2026-02-11T10:01:39.207207,13013.9209,13013.9209,0.0,0.0,0.0,0.0,4,0,0,0,0,0,0,0,0.0,0.0,0.0,0.0,0.0,london,london
2026-02-11T10:01:39.928019,13013.9209,13013.9209,0.0,0.0,0.0,0.0,4,0,0,0,0,0,0,0,0.0,0.0,0.0,0.0,0.0,london,london
2026-02-11T10:03:10.483222,13013.9209,13013.9209,0.0,0.0,0.0,0.0,4,0,0,0,0,0,0,0,0.0,0.0,0.0,0.0,0.0,london,london
2026-02-11T10:03:11.092986,13013.9209,13013.9209,0.0,0.0,0.0,0.0,4,0,0,0,0,0,0,0,0.0,0.0,0.0,0.0,0.0,london,london
2026-02-11T10:04:35.910569,13013.9209,13013.9209,0.0,0.0,0.0,0.0,4,0,0,0,0,0,0,0,0.0,0.0,0.0,0.0,0.0,london,london
2026-02-11T10:04:36.648059,13013.9209,13013.9209,0.0,0.0,0.0,0.0,4,0,0,0,0,0,0,0,0.0,0.0,0.0,0.0,0.0,london,london
2026-02-11T10:06:01.812634,13013.9209,13013.9209,0.0,0.0,0.0,0.0,4,0,0,0,0,0,0,0,0.0,0.0,0.0,0.0,0.0,london,london
2026-02-11T10:06:02.483840,13013.9209,13013.9209,0.0,0.0,0.0,0.0,4,0,0,0,0,0,0,0,0.0,0.0,0.0,0.0,0.0,london,london
2026-02-11T10:07:33.934814,13013.9209,13013.9209,0.0,0.0,0.0,0.0,4,0,0,0,0,0,0,0,0.0,0.0,0.0,0.0,0.0,london,london
2026-02-11T10:07:34.567242,13013.9209,13013.9209,0.0,0.0,0.0,0.0,4,0,0,0,0,0,0,0,0.0,0.0,0.0,0.0,0.0,london,london
2026-02-11T10:08:57.902533,13013.9209,13013.9209,0.0,0.0,0.0,0.0,4,0,0,0,0,0,0,0,0.0,0.0,0.0,0.0,0.0,london,london
2026-02-11T10:08:58.615842,13013.9209,13013.9209,0.0,0.0,0.0,0.0,4,0,0,0,0,0,0,0,0.0,0.0,0.0,0.0,0.0,london,london
2026-02-11T10:10:20.718848,13013.9209,13013.9209,0.0,0.0,0.0,0.0,4,0,0,0,0,0,0,0,0.0,0.0,0.0,0.0,0.0,london,london
2026-02-11T10:10:21.371869,13013.9209,13013.9209,0.0,0.0,0.0,0.0,4,0,0,0,0,0,0,0,0.0,0.0,0.0,0.0,0.0,london,london
2026-02-11T10:11:46.899039,13013.9209,13013.9209,0.0,0.0,0.0,0.0,4,0,0,0,0,0,0,0,0.0,0.0,0.0,0.0,0.0,london,london
2026-02-11T10:11:47.642206,13013.9209,13013.9209,0.0,0.0,0.0,0.0,4,0,0,0,0,0,0,0,0.0,0.0,0.0,0.0,0.0,london,london
2026-02-11T10:13:08.943973,13013.9209,13013.9209,0.0,0.0,0.0,0.0,4,0,0,0,0,0,0,0,0.0,0.0,0.0,0.0,0.0,london,london
2026-02-11T10:13:09.679869,13013.9209,13013.9209,0.0,0.0,0.0,0.0,4,0,0,0,0,0,0,0,0.0,0.0,0.0,0.0,0.0,london,london
2026-02-11T10:14:34.969210,13013.9209,13013.9209,0.0,0.0,0.0,0.0,4,0,0,0,0,0,0,0,0.0,0.0,0.0,0.0,0.0,london,london
2026-02-11T10:14:35.584665,13013.9209,13013.9209,0.0,0.0,0.0,0.0,4,0,0,0,0,0,0,0,0.0,0.0,0.0,0.0,0.0,london,london
2026-02-11T10:15:55.406217,13013.9209,13013.9209,0.0,0.0,0.0,0.0,4,0,0,0,0,0,0,0,0.0,0.0,0.0,0.0,0.0,,
2026-02-11T10:28:41.842284,13013.9209,13013.9209,0.0,0.0,0.0,0.0,4,0,0,0,0,0,0,0,0.0,0.0,0.0,0.0,0.0,london,london
2026-02-11T10:28:42.567622,13013.9209,13013.9209,0.0,0.0,0.0,0.0,4,0,0,0,0,0,0,0,0.0,0.0,0.0,0.0,0.0,london,london
2026-02-11T10:30:00.094258,13013.9209,13013.9209,0.0,0.0,0.0,0.0,4,0,0,0,0,0,0,0,0.0,0.0,0.0,0.0,0.0,london,london
2026-02-11T10:30:00.843316,13013.9209,13013.9209,0.0,0.0,0.0,0.0,4,0,0,0,0,0,0,0,0.0,0.0,0.0,0.0,0.0,london,london
2026-02-11T10:31:16.193868,13013.9209,13013.9209,0.0,0.0,0.0,0.0,4,0,0,0,0,0,0,0,0.0,0.0,0.0,0.0,0.0,,
2026-02-11T10:43:50.970679,12880.0594,12880.0594,0.0,0.0,-133.86149999999907,-1.0286023791645997,3,0,0,0,0,0,0,0,0.0,0.010286023791645997,0.010286023791645997,0.0,0.0,,
2026-02-11T10:56:15.944892,12880.0594,12880.0594,0.0,0.0,-133.86149999999907,-1.0286023791645997,4,2,0,0,0,0,0,0,0.0,0.010286023791645997,0.010286023791645997,0.0,0.0,,
2026-02-11T11:08:01.417407,12880.0594,12880.0594,0.0,0.0,-133.86149999999907,-1.0286023791645997,4,2,0,0,0,0,0,0,0.0,0.010286023791645997,0.010286023791645997,0.0,0.0,,
2026-02-11T11:20:49.721312,12880.0594,12880.0594,0.0,0.0,-133.86149999999907,-1.0286023791645997,4,2,0,0,0,0,0,0,0.0,0.010286023791645997,0.010286023791645997,0.0,0.0,,
2026-02-11T11:32:50.020866,12880.0594,12880.0594,0.0,0.0,-133.86149999999907,-1.0286023791645997,4,2,0,0,0,0,0,0,0.0,0.010286023791645997,0.010286023791645997,0.0,0.0,,
2026-02-11T11:45:36.798727,12880.0594,12880.0594,0.0,0.0,-133.86149999999907,-1.0286023791645997,4,2,0,0,0,0,0,0,0.0,0.010286023791645997,0.010286023791645997,0.0,0.0,,
2026-02-11T11:58:27.873802,12880.0594,12880.0594,0.0,0.0,-133.86149999999907,-1.0286023791645997,4,2,0,0,0,0,0,0,0.0,0.010286023791645997,0.010286023791645997,0.0,0.0,,
2026-02-11T12:11:56.486236,12880.0594,12880.0594,0.0,0.0,-133.86149999999907,-1.0286023791645997,4,2,0,0,0,0,0,0,0.0,0.010286023791645997,0.010286023791645997,0.0,0.0,,
2026-02-11T12:24:43.739923,12880.0594,12880.0594,0.0,0.0,-133.86149999999907,-1.0286023791645997,4,2,0,0,0,0,0,0,0.0,0.010286023791645997,0.010286023791645997,0.0,0.0,,
2026-02-11T12:36:56.527628,12880.0594,12880.0594,0.0,0.0,-133.86149999999907,-1.0286023791645997,4,2,0,0,0,0,0,0,0.0,0.010286023791645997,0.010286023791645997,0.0,0.0,,
2026-02-11T12:50:14.561638,12880.0594,12880.0594,0.0,0.0,-133.86149999999907,-1.0286023791645997,4,2,0,0,0,0,0,0,0.0,0.010286023791645997,0.010286023791645997,0.0,0.0,,
2026-02-11T13:03:26.874000,12880.0594,12880.0594,0.0,0.0,-133.86149999999907,-1.0286023791645997,4,2,0,0,0,0,0,0,0.0,0.010286023791645997,0.010286023791645997,0.0,0.0,,
2026-02-11T13:16:45.652133,12880.0594,12880.0594,0.0,0.0,-133.86149999999907,-1.0286023791645997,4,2,0,0,0,0,0,0,0.0,0.010286023791645997,0.010286023791645997,0.0,0.0,,
2026-02-11T13:30:03.462281,12880.0594,12880.0594,0.0,0.0,-133.86149999999907,-1.0286023791645997,3,2,0,0,0,0,0,0,0.0,0.010286023791645997,0.010286023791645997,0.0,0.0,,
2026-02-11T13:43:16.926056,12593.8449,12593.8449,0.0,0.0,-420.0759999999991,-3.2278972895862545,2,2,0,0,0,0,0,0,0.0,0.03227897289586255,0.03227897289586255,0.0,0.0,,
2026-02-11T13:57:03.005118,12593.8449,12593.8449,0.0,0.0,-420.0759999999991,-3.2278972895862545,2,2,0,0,0,0,0,0,0.0,0.03227897289586255,0.03227897289586255,0.0,0.0,,
2026-02-11T14:10:07.790260,12593.8449,12593.8449,0.0,0.0,-420.0759999999991,-3.2278972895862545,5,5,0,0,0,0,0,0,0.0,0.03227897289586255,0.03227897289586255,0.0,0.0,london_ny_overlap,london_ny_overlap
2026-02-11T14:10:08.597554,12593.8449,12593.8449,0.0,0.0,-420.0759999999991,-3.2278972895862545,5,5,0,0,0,0,0,0,0.0,0.03227897289586255,0.03227897289586255,0.0,0.0,london_ny_overlap,london_ny_overlap
2026-02-11T14:11:27.364772,12593.8449,12593.8449,0.0,0.0,0.0,0.0,5,0,0,0,0,0,0,0,0.0,0.0,0.0,0.0,0.0,,
2026-02-11T14:24:56.573727,12593.8449,12593.8449,0.0,0.0,0.0,0.0,5,0,0,0,0,0,0,0,0.0,0.0,0.0,0.0,0.0,,
2026-02-11T14:39:01.715805,12593.8449,12593.8449,0.0,0.0,0.0,0.0,5,0,0,0,0,0,0,0,0.0,0.0,0.0,0.0,0.0,,
2026-02-11T14:52:25.029861,12593.8449,12593.8449,0.0,0.0,0.0,0.0,5,0,0,0,0,0,0,0,0.0,0.0,0.0,0.0,0.0,,
2026-02-11T15:05:35.078153,12593.8449,12593.8449,0.0,0.0,0.0,0.0,5,0,0,0,0,0,0,0,0.0,0.0,0.0,0.0,0.0,,
2026-02-11T15:17:42.484812,12593.8449,12593.8449,0.0,0.0,0.0,0.0,5,0,0,0,0,0,0,0,0.0,0.0,0.0,0.0,0.0,,
2026-02-11T15:30:54.810581,12593.8449,12593.8449,0.0,0.0,0.0,0.0,4,1,0,0,0,0,0,0,0.0,0.0,0.0,0.0,0.0,london_ny_overlap,london_ny_overlap
2026-02-11T15:30:55.481170,12593.8449,12593.8449,0.0,0.0,0.0,0.0,4,1,0,0,0,0,0,0,0.0,0.0,0.0,0.0,0.0,london_ny_overlap,london_ny_overlap
2026-02-11T15:32:20.157648,12693.3889,12693.3889,0.0,0.0,0.0,0.0,5,0,0,0,0,0,0,0,0.0,0.0,0.0,0.0,0.0,,
2026-02-11T15:45:38.291897,12693.3889,12693.3889,0.0,0.0,0.0,0.0,5,0,0,0,0,0,0,0,0.0,0.0,0.0,0.0,0.0,,
2026-02-11T15:58:46.526200,12693.3889,12693.3889,0.0,0.0,0.0,0.0,5,0,0,0,0,0,0,0,0.0,0.0,0.0,0.0,0.0,,
2026-02-11T16:11:28.308876,12693.3889,12693.3889,0.0,0.0,0.0,0.0,5,0,0,0,0,0,0,0,0.0,0.0,0.0,0.0,0.0,,
2026-02-11T16:23:39.005119,12693.3889,12693.3889,0.0,0.0,0.0,0.0,5,0,0,0,0,0,0,0,0.0,0.0,0.0,0.0,0.0,,
2026-02-11T16:36:01.712345,12693.3889,12693.3889,0.0,0.0,0.0,0.0,5,0,0,0,0,0,0,0,0.0,0.0,0.0,0.0,0.0,,
2026-02-11T16:48:33.896859,12693.3889,12693.3889,0.0,0.0,0.0,0.0,5,0,0,0,0,0,0,0,0.0,0.0,0.0,0.0,0.0,,
2026-02-11T17:01:37.565993,12693.3889,12693.3889,0.0,0.0,0.0,0.0,5,0,0,0,0,0,0,0,0.0,0.0,0.0,0.0,0.0,,
2026-02-11T17:19:07.702607,12693.3889,12693.3889,0.0,0.0,0.0,0.0,5,0,0,0,0,0,0,0,0.0,0.0,0.0,0.0,0.0,,
2026-02-11T17:37:04.814741,12547.6638,12547.6638,0.0,0.0,-145.72509999999966,-1.1480393545651126,4,0,0,0,0,0,0,0,0.0,0.011480393545651127,0.011480393545651127,0.0,0.0,ny,ny
2026-02-11T17:37:05.515041,12547.6638,12547.6638,0.0,0.0,-145.72509999999966,-1.1480393545651126,4,0,0,0,0,0,0,0,0.0,0.011480393545651127,0.011480393545651127,0.0,0.0,ny,ny
2026-02-11T17:38:25.836985,12547.6638,12547.6638,0.0,0.0,0.0,0.0,4,0,0,0,0,0,0,0,0.0,0.0,0.0,0.0,0.0,ny,ny
2026-02-11T17:38:26.458916,12547.6638,12547.6638,0.0,0.0,0.0,0.0,4,0,0,0,0,0,0,0,0.0,0.0,0.0,0.0,0.0,ny,ny
2026-02-11T17:39:37.975615,12547.6638,12547.6638,0.0,0.0,0.0,0.0,4,0,0,0,0,0,0,0,0.0,0.0,0.0,0.0,0.0,ny,ny
2026-02-11T17:39:38.626649,12547.6638,12547.6638,0.0,0.0,0.0,0.0,4,0,0,0,0,0,0,0,0.0,0.0,0.0,0.0,0.0,ny,ny
2026-02-11T17:40:50.054195,12547.6638,12547.6638,0.0,0.0,0.0,0.0,4,0,0,0,0,0,0,0,0.0,0.0,0.0,0.0,0.0,ny,ny
2026-02-11T17:40:50.670479,12547.6638,12547.6638,0.0,0.0,0.0,0.0,4,0,0,0,0,0,0,0,0.0,0.0,0.0,0.0,0.0,ny,ny
2026-02-11T17:42:14.341332,12547.6638,12547.6638,0.0,0.0,0.0,0.0,4,0,0,0,0,0,0,0,0.0,0.0,0.0,0.0,0.0,ny,ny
2026-02-11T17:42:14.999058,12547.6638,12547.6638,0.0,0.0,0.0,0.0,4,0,0,0,0,0,0,0,0.0,0.0,0.0,0.0,0.0,ny,ny
2026-02-11T17:43:35.666055,12547.6638,12547.6638,0.0,0.0,0.0,0.0,4,0,0,0,0,0,0,0,0.0,0.0,0.0,0.0,0.0,ny,ny
2026-02-11T17:43:36.303759,12547.6638,12547.6638,0.0,0.0,0.0,0.0,4,0,0,0,0,0,0,0,0.0,0.0,0.0,0.0,0.0,ny,ny
2026-02-11T17:44:46.566171,12547.6638,12547.6638,0.0,0.0,0.0,0.0,4,0,0,0,0,0,0,0,0.0,0.0,0.0,0.0,0.0,ny,ny
2026-02-11T17:44:47.212770,12547.6638,12547.6638,0.0,0.0,0.0,0.0,4,0,0,0,0,0,0,0,0.0,0.0,0.0,0.0,0.0,ny,ny
2026-02-11T17:45:57.173982,12547.6638,12547.6638,0.0,0.0,0.0,0.0,4,0,0,0,0,0,0,0,0.0,0.0,0.0,0.0,0.0,ny,ny
2026-02-11T17:45:57.828920,12547.6638,12547.6638,0.0,0.0,0.0,0.0,4,0,0,0,0,0,0,0,0.0,0.0,0.0,0.0,0.0,ny,ny
2026-02-11T17:47:08.685982,12547.6638,12547.6638,0.0,0.0,0.0,0.0,4,0,0,0,0,0,0,0,0.0,0.0,0.0,0.0,0.0,ny,ny
2026-02-11T17:47:09.328993,12547.6638,12547.6638,0.0,0.0,0.0,0.0,4,0,0,0,0,0,0,0,0.0,0.0,0.0,0.0,0.0,ny,ny
2026-02-11T17:48:27.077070,12547.6638,12547.6638,0.0,0.0,0.0,0.0,4,0,0,0,0,0,0,0,0.0,0.0,0.0,0.0,0.0,ny,ny
2026-02-11T17:48:27.760393,12547.6638,12547.6638,0.0,0.0,0.0,0.0,4,0,0,0,0,0,0,0,0.0,0.0,0.0,0.0,0.0,ny,ny
2026-02-11T17:49:39.612124,12547.6638,12547.6638,0.0,0.0,0.0,0.0,4,0,0,0,0,0,0,0,0.0,0.0,0.0,0.0,0.0,ny,ny
2026-02-11T17:49:40.225418,12547.6638,12547.6638,0.0,0.0,0.0,0.0,4,0,0,0,0,0,0,0,0.0,0.0,0.0,0.0,0.0,ny,ny
2026-02-11T17:51:03.600658,12547.6638,12547.6638,0.0,0.0,0.0,0.0,4,0,0,0,0,0,0,0,0.0,0.0,0.0,0.0,0.0,ny,ny
2026-02-11T17:51:04.232181,12547.6638,12547.6638,0.0,0.0,0.0,0.0,4,0,0,0,0,0,0,0,0.0,0.0,0.0,0.0,0.0,ny,ny
2026-02-11T17:52:18.943956,12547.6638,12547.6638,0.0,0.0,0.0,0.0,4,0,0,0,0,0,0,0,0.0,0.0,0.0,0.0,0.0,ny,ny
2026-02-11T17:52:19.613516,12547.6638,12547.6638,0.0,0.0,0.0,0.0,4,0,0,0,0,0,0,0,0.0,0.0,0.0,0.0,0.0,ny,ny
2026-02-11T17:53:28.666421,12547.6638,12547.6638,0.0,0.0,0.0,0.0,4,0,0,0,0,0,0,0,0.0,0.0,0.0,0.0,0.0,ny,ny
2026-02-11T17:53:29.261580,12547.6638,12547.6638,0.0,0.0,0.0,0.0,4,0,0,0,0,0,0,0,0.0,0.0,0.0,0.0,0.0,ny,ny
2026-02-11T17:54:39.865648,12547.6638,12547.6638,0.0,0.0,0.0,0.0,4,0,0,0,0,0,0,0,0.0,0.0,0.0,0.0,0.0,ny,ny
2026-02-11T17:54:40.510279,12547.6638,12547.6638,0.0,0.0,0.0,0.0,4,0,0,0,0,0,0,0,0.0,0.0,0.0,0.0,0.0,ny,ny
2026-02-11T17:55:52.629222,12547.6638,12547.6638,0.0,0.0,0.0,0.0,4,0,0,0,0,0,0,0,0.0,0.0,0.0,0.0,0.0,ny,ny
2026-02-11T17:55:53.259167,12547.6638,12547.6638,0.0,0.0,0.0,0.0,4,0,0,0,0,0,0,0,0.0,0.0,0.0,0.0,0.0,ny,ny
2026-02-11T17:57:12.131973,12547.6638,12547.6638,0.0,0.0,0.0,0.0,4,0,0,0,0,0,0,0,0.0,0.0,0.0,0.0,0.0,ny,ny
2026-02-11T17:57:12.835774,12547.6638,12547.6638,0.0,0.0,0.0,0.0,4,0,0,0,0,0,0,0,0.0,0.0,0.0,0.0,0.0,ny,ny
2026-02-11T17:58:30.379805,12547.6638,12547.6638,0.0,0.0,0.0,0.0,4,0,0,0,0,0,0,0,0.0,0.0,0.0,0.0,0.0,ny,ny
2026-02-11T17:58:31.019958,12547.6638,12547.6638,0.0,0.0,0.0,0.0,4,0,0,0,0,0,0,0,0.0,0.0,0.0,0.0,0.0,ny,ny
2026-02-11T17:59:45.252709,12547.6638,12547.6638,0.0,0.0,0.0,0.0,4,0,0,0,0,0,0,0,0.0,0.0,0.0,0.0,0.0,ny,ny
2026-02-11T17:59:45.937195,12547.6638,12547.6638,0.0,0.0,0.0,0.0,4,0,0,0,0,0,0,0,0.0,0.0,0.0,0.0,0.0,ny,ny
2026-02-11T18:00:55.606532,12547.6638,12547.6638,0.0,0.0,0.0,0.0,4,0,0,0,0,0,0,0,0.0,0.0,0.0,0.0,0.0,ny,ny
2026-02-11T18:00:56.274504,12547.6638,12547.6638,0.0,0.0,0.0,0.0,4,0,0,0,0,0,0,0,0.0,0.0,0.0,0.0,0.0,ny,ny
2026-02-11T18:02:02.711637,12547.6638,12547.6638,0.0,0.0,0.0,0.0,4,0,0,0,0,0,0,0,0.0,0.0,0.0,0.0,0.0,ny,ny
2026-02-11T18:02:03.350625,12547.6638,12547.6638,0.0,0.0,0.0,0.0,4,0,0,0,0,0,0,0,0.0,0.0,0.0,0.0,0.0,ny,ny
2026-02-11T18:03:25.566960,12547.6638,12547.6638,0.0,0.0,0.0,0.0,4,0,0,0,0,0,0,0,0.0,0.0,0.0,0.0,0.0,ny,ny
2026-02-11T18:03:26.202823,12547.6638,12547.6638,0.0,0.0,0.0,0.0,4,0,0,0,0,0,0,0,0.0,0.0,0.0,0.0,0.0,ny,ny
2026-02-11T18:04:51.114564,12547.6638,12547.6638,0.0,0.0,0.0,0.0,4,0,0,0,0,0,0,0,0.0,0.0,0.0,0.0,0.0,ny,ny
2026-02-11T18:04:51.738975,12547.6638,12547.6638,0.0,0.0,0.0,0.0,4,0,0,0,0,0,0,0,0.0,0.0,0.0,0.0,0.0,ny,ny
2026-02-11T18:05:58.492308,12547.6638,12547.6638,0.0,0.0,0.0,0.0,4,0,0,0,0,0,0,0,0.0,0.0,0.0,0.0,0.0,ny,ny
2026-02-11T18:05:59.124015,12547.6638,12547.6638,0.0,0.0,0.0,0.0,4,0,0,0,0,0,0,0,0.0,0.0,0.0,0.0,0.0,ny,ny
2026-02-11T18:07:07.817433,12547.6638,12547.6638,0.0,0.0,0.0,0.0,4,0,0,0,0,0,0,0,0.0,0.0,0.0,0.0,0.0,ny,ny
2026-02-11T18:07:08.457144,12547.6638,12547.6638,0.0,0.0,0.0,0.0,4,0,0,0,0,0,0,0,0.0,0.0,0.0,0.0,0.0,ny,ny
2026-02-11T18:08:23.779730,12547.6638,12547.6638,0.0,0.0,0.0,0.0,4,0,0,0,0,0,0,0,0.0,0.0,0.0,0.0,0.0,ny,ny
2026-02-11T18:08:24.399671,12547.6638,12547.6638,0.0,0.0,0.0,0.0,4,0,0,0,0,0,0,0,0.0,0.0,0.0,0.0,0.0,ny,ny
2026-02-11T18:09:38.400947,12547.6638,12547.6638,0.0,0.0,0.0,0.0,4,0,0,0,0,0,0,0,0.0,0.0,0.0,0.0,0.0,ny,ny
2026-02-11T18:09:39.046961,12547.6638,12547.6638,0.0,0.0,0.0,0.0,4,0,0,0,0,0,0,0,0.0,0.0,0.0,0.0,0.0,ny,ny
2026-02-11T18:10:44.870563,12547.6638,12547.6638,0.0,0.0,0.0,0.0,4,0,0,0,0,0,0,0,0.0,0.0,0.0,0.0,0.0,,
2026-02-11T18:27:27.002621,12547.6638,12547.6638,0.0,0.0,0.0,0.0,4,0,0,0,0,0,0,0,0.0,0.0,0.0,0.0,0.0,ny,ny
2026-02-11T18:27:27.677654,12547.6638,12547.6638,0.0,0.0,0.0,0.0,4,0,0,0,0,0,0,0,0.0,0.0,0.0,0.0,0.0,ny,ny
2026-02-11T18:28:39.780120,12547.6638,12547.6638,0.0,0.0,0.0,0.0,4,0,0,0,0,0,0,0,0.0,0.0,0.0,0.0,0.0,,
2026-02-11T18:45:53.561858,12547.6638,12547.6638,0.0,0.0,0.0,0.0,4,0,0,0,0,0,0,0,0.0,0.0,0.0,0.0,0.0,ny,ny
2026-02-11T18:45:54.242851,12547.6638,12547.6638,0.0,0.0,0.0,0.0,4,0,0,0,0,0,0,0,0.0,0.0,0.0,0.0,0.0,ny,ny
2026-02-11T18:47:17.230483,12547.6638,12547.6638,0.0,0.0,0.0,0.0,4,0,0,0,0,0,0,0,0.0,0.0,0.0,0.0,0.0,ny,ny
2026-02-11T18:47:17.888709,12547.6638,12547.6638,0.0,0.0,0.0,0.0,4,0,0,0,0,0,0,0,0.0,0.0,0.0,0.0,0.0,ny,ny
2026-02-11T18:48:38.417682,12547.6638,12547.6638,0.0,0.0,0.0,0.0,4,0,0,0,0,0,0,0,0.0,0.0,0.0,0.0,0.0,ny,ny
2026-02-11T18:48:39.069350,12547.6638,12547.6638,0.0,0.0,0.0,0.0,4,0,0,0,0,0,0,0,0.0,0.0,0.0,0.0,0.0,ny,ny
2026-02-11T18:50:02.472425,12547.6638,12547.6638,0.0,0.0,0.0,0.0,4,0,0,0,0,0,0,0,0.0,0.0,0.0,0.0,0.0,ny,ny
2026-02-11T18:50:03.095169,12547.6638,12547.6638,0.0,0.0,0.0,0.0,4,0,0,0,0,0,0,0,0.0,0.0,0.0,0.0,0.0,ny,ny
2026-02-11T18:51:14.229812,12547.6638,12547.6638,0.0,0.0,0.0,0.0,4,0,0,0,0,0,0,0,0.0,0.0,0.0,0.0,0.0,ny,ny
2026-02-11T18:51:14.886426,12547.6638,12547.6638,0.0,0.0,0.0,0.0,4,0,0,0,0,0,0,0,0.0,0.0,0.0,0.0,0.0,ny,ny
2026-02-11T18:52:28.514569,12547.6638,12547.6638,0.0,0.0,0.0,0.0,4,0,0,0,0,0,0,0,0.0,0.0,0.0,0.0,0.0,ny,ny
2026-02-11T18:52:29.158335,12547.6638,12547.6638,0.0,0.0,0.0,0.0,4,0,0,0,0,0,0,0,0.0,0.0,0.0,0.0,0.0,ny,ny
2026-02-11T18:53:54.754032,12547.6638,12547.6638,0.0,0.0,0.0,0.0,4,0,0,0,0,0,0,0,0.0,0.0,0.0,0.0,0.0,ny,ny
2026-02-11T18:53:55.382915,12547.6638,12547.6638,0.0,0.0,0.0,0.0,4,0,0,0,0,0,0,0,0.0,0.0,0.0,0.0,0.0,ny,ny
2026-02-11T18:55:18.075795,12547.6638,12547.6638,0.0,0.0,0.0,0.0,4,0,0,0,0,0,0,0,0.0,0.0,0.0,0.0,0.0,ny,ny
2026-02-11T18:55:18.720497,12547.6638,12547.6638,0.0,0.0,0.0,0.0,4,0,0,0,0,0,0,0,0.0,0.0,0.0,0.0,0.0,ny,ny
2026-02-11T18:56:28.519315,12547.6638,12547.6638,0.0,0.0,0.0,0.0,4,0,0,0,0,0,0,0,0.0,0.0,0.0,0.0,0.0,ny,ny
2026-02-11T18:56:29.240771,12547.6638,12547.6638,0.0,0.0,0.0,0.0,4,0,0,0,0,0,0,0,0.0,0.0,0.0,0.0,0.0,ny,ny
2026-02-11T18:57:42.518967,12547.6638,12547.6638,0.0,0.0,0.0,0.0,4,0,0,0,0,0,0,0,0.0,0.0,0.0,0.0,0.0,ny,ny
2026-02-11T18:57:43.169878,12547.6638,12547.6638,0.0,0.0,0.0,0.0,4,0,0,0,0,0,0,0,0.0,0.0,0.0,0.0,0.0,ny,ny
2026-02-11T18:59:08.763349,12547.6638,12547.6638,0.0,0.0,0.0,0.0,4,0,0,0,0,0,0,0,0.0,0.0,0.0,0.0,0.0,ny,ny
2026-02-11T18:59:09.544513,12547.6638,12547.6638,0.0,0.0,0.0,0.0,4,0,0,0,0,0,0,0,0.0,0.0,0.0,0.0,0.0,ny,ny
2026-02-11T19:00:25.859267,12547.6638,12547.6638,0.0,0.0,0.0,0.0,4,0,0,0,0,0,0,0,0.0,0.0,0.0,0.0,0.0,ny,ny
2026-02-11T19:00:26.519313,12547.6638,12547.6638,0.0,0.0,0.0,0.0,4,0,0,0,0,0,0,0,0.0,0.0,0.0,0.0,0.0,ny,ny
2026-02-11T19:01:39.718813,12547.6638,12547.6638,0.0,0.0,0.0,0.0,4,0,0,0,0,0,0,0,0.0,0.0,0.0,0.0,0.0,ny,ny
2026-02-11T19:01:40.411290,12547.6638,12547.6638,0.0,0.0,0.0,0.0,4,0,0,0,0,0,0,0,0.0,0.0,0.0,0.0,0.0,ny,ny
2026-02-11T19:02:59.182249,12547.6638,12547.6638,0.0,0.0,0.0,0.0,4,0,0,0,0,0,0,0,0.0,0.0,0.0,0.0,0.0,ny,ny
2026-02-11T19:02:59.775280,12547.6638,12547.6638,0.0,0.0,0.0,0.0,4,0,0,0,0,0,0,0,0.0,0.0,0.0,0.0,0.0,ny,ny
2026-02-11T19:04:20.664892,12547.6638,12547.6638,0.0,0.0,0.0,0.0,4,0,0,0,0,0,0,0,0.0,0.0,0.0,0.0,0.0,ny,ny
2026-02-11T19:04:21.309549,12547.6638,12547.6638,0.0,0.0,0.0,0.0,4,0,0,0,0,0,0,0,0.0,0.0,0.0,0.0,0.0,ny,ny
2026-02-11T19:05:41.286328,12547.6638,12547.6638,0.0,0.0,0.0,0.0,4,0,0,0,0,0,0,0,0.0,0.0,0.0,0.0,0.0,ny,ny
2026-02-11T19:05:42.066038,12547.6638,12547.6638,0.0,0.0,0.0,0.0,4,0,0,0,0,0,0,0,0.0,0.0,0.0,0.0,0.0,ny,ny
2026-02-11T19:06:51.423992,12547.6638,12547.6638,0.0,0.0,0.0,0.0,4,0,0,0,0,0,0,0,0.0,0.0,0.0,0.0,0.0,ny,ny
2026-02-11T19:06:52.060002,12547.6638,12547.6638,0.0,0.0,0.0,0.0,4,0,0,0,0,0,0,0,0.0,0.0,0.0,0.0,0.0,ny,ny
2026-02-11T19:08:06.518932,12547.6638,12547.6638,0.0,0.0,0.0,0.0,4,0,0,0,0,0,0,0,0.0,0.0,0.0,0.0,0.0,ny,ny
2026-02-11T19:08:07.144111,12547.6638,12547.6638,0.0,0.0,0.0,0.0,4,0,0,0,0,0,0,0,0.0,0.0,0.0,0.0,0.0,ny,ny
2026-02-11T19:09:25.454636,12547.6638,12547.6638,0.0,0.0,0.0,0.0,4,0,0,0,0,0,0,0,0.0,0.0,0.0,0.0,0.0,ny,ny
2026-02-11T19:09:26.090918,12547.6638,12547.6638,0.0,0.0,0.0,0.0,4,0,0,0,0,0,0,0,0.0,0.0,0.0,0.0,0.0,ny,ny
2026-02-11T19:10:52.036130,12547.6638,12547.6638,0.0,0.0,0.0,0.0,4,0,0,0,0,0,0,0,0.0,0.0,0.0,0.0,0.0,ny,ny
2026-02-11T19:10:52.673296,12547.6638,12547.6638,0.0,0.0,0.0,0.0,4,0,0,0,0,0,0,0,0.0,0.0,0.0,0.0,0.0,ny,ny
2026-02-11T19:12:08.723921,12547.6638,12547.6638,0.0,0.0,0.0,0.0,4,0,0,0,0,0,0,0,0.0,0.0,0.0,0.0,0.0,ny,ny
2026-02-11T19:12:09.504123,12547.6638,12547.6638,0.0,0.0,0.0,0.0,4,0,0,0,0,0,0,0,0.0,0.0,0.0,0.0,0.0,ny,ny
2026-02-11T19:13:20.079625,12547.6638,12547.6638,0.0,0.0,0.0,0.0,4,0,0,0,0,0,0,0,0.0,0.0,0.0,0.0,0.0,ny,ny
2026-02-11T19:13:20.740077,12547.6638,12547.6638,0.0,0.0,0.0,0.0,4,0,0,0,0,0,0,0,0.0,0.0,0.0,0.0,0.0,ny,ny
2026-02-11T19:14:47.250793,12547.6638,12547.6638,0.0,0.0,0.0,0.0,4,0,0,0,0,0,0,0,0.0,0.0,0.0,0.0,0.0,ny,ny
2026-02-11T19:14:47.921387,12547.6638,12547.6638,0.0,0.0,0.0,0.0,4,0,0,0,0,0,0,0,0.0,0.0,0.0,0.0,0.0,ny,ny
2026-02-11T19:16:11.915151,12547.6638,12547.6638,0.0,0.0,0.0,0.0,4,0,0,0,0,0,0,0,0.0,0.0,0.0,0.0,0.0,,
2026-02-11T19:34:42.261912,12547.6638,12547.6638,0.0,0.0,0.0,0.0,4,0,0,0,0,0,0,0,0.0,0.0,0.0,0.0,0.0,,
2026-02-11T19:52:27.574586,12547.6638,12547.6638,0.0,0.0,0.0,0.0,4,0,0,0,0,0,0,0,0.0,0.0,0.0,0.0,0.0,,
2026-02-11T20:09:42.934788,12547.6638,12547.6638,0.0,0.0,0.0,0.0,4,0,0,0,0,0,0,0,0.0,0.0,0.0,0.0,0.0,,
2026-02-11T20:27:36.311182,12547.6638,12547.6638,0.0,0.0,0.0,0.0,4,0,0,0,0,0,0,0,0.0,0.0,0.0,0.0,0.0,,
2026-02-11T20:45:46.135686,12547.6638,12547.6638,0.0,0.0,0.0,0.0,4,0,0,0,0,0,0,0,0.0,0.0,0.0,0.0,0.0,,
2026-02-11T21:04:11.648477,12547.6638,12547.6638,0.0,0.0,0.0,0.0,4,0,0,0,0,0,0,0,0.0,0.0,0.0,0.0,0.0,,
2026-02-11T21:22:02.395154,12547.6638,12547.6638,0.0,0.0,0.0,0.0,4,0,0,0,0,0,0,0,0.0,0.0,0.0,0.0,0.0,,
2026-02-11T21:40:02.021025,12547.6638,12547.6638,0.0,0.0,0.0,0.0,4,0,0,0,0,0,0,0,0.0,0.0,0.0,0.0,0.0,,
2026-02-11T21:58:01.131920,12547.6638,12547.6638,0.0,0.0,0.0,0.0,4,0,0,0,0,0,0,0,0.0,0.0,0.0,0.0,0.0,,
2026-02-11T22:47:11.028906,12545.7908,12545.7908,0.0,0.0,-1.8729999999995925,-0.014927081485874625,4,0,0,0,0,0,0,0,0.0,0.00014927081485874625,0.00014927081485874625,0.0,0.0,,
2026-02-11T23:01:11.130031,12545.7908,12545.7908,0.0,0.0,0.0,0.0,4,0,0,0,0,0,0,0,0.0,0.0,0.0,0.0,0.0,,
2026-02-11T23:02:35.480811,12545.7908,12545.7908,0.0,0.0,0.0,0.0,4,0,0,0,0,0,0,0,0.0,0.0,0.0,0.0,0.0,,
2026-02-11T23:58:32.467176,12545.7908,12545.7908,0.0,0.0,0.0,0.0,4,0,0,0,0,0,0,0,0.0,0.0,0.0,0.0,0.0,,
2026-02-12T00:19:53.257856,12545.7908,12545.7908,0.0,0.0,0.0,0.0,4,0,0,0,0,0,0,0,0.0,0.0,0.0,0.0,0.0,,
2026-02-12T00:37:54.600849,12545.7908,12545.7908,0.0,0.0,0.0,0.0,5,1,0,0,0,0,0,0,0.0,0.0,0.0,0.0,0.0,,
2026-02-12T00:55:44.217216,12545.7908,12545.7908,0.0,0.0,0.0,0.0,5,1,0,0,0,0,0,0,0.0,0.0,0.0,0.0,0.0,,
2026-02-12T01:13:54.774332,12545.7908,12545.7908,0.0,0.0,0.0,0.0,5,1,0,0,0,0,0,0,0.0,0.0,0.0,0.0,0.0,,
2026-02-12T01:31:47.193984,12545.7908,12545.7908,0.0,0.0,0.0,0.0,5,1,0,0,0,0,0,0,0.0,0.0,0.0,0.0,0.0,,
2026-02-12T01:49:32.667611,12545.7908,12545.7908,0.0,0.0,0.0,0.0,5,1,0,0,0,0,0,0,0.0,0.0,0.0,0.0,0.0,,
2026-02-12T02:07:25.993043,12545.7908,12545.7908,0.0,0.0,0.0,0.0,5,1,0,0,0,0,0,0,0.0,0.0,0.0,0.0,0.0,,
2026-02-12T02:24:41.568111,12545.7908,12545.7908,0.0,0.0,0.0,0.0,5,1,0,0,0,0,0,0,0.0,0.0,0.0,0.0,0.0,,
2026-02-12T02:41:43.589795,12545.7908,12545.7908,0.0,0.0,0.0,0.0,5,1,0,0,0,0,0,0,0.0,0.0,0.0,0.0,0.0,,
2026-02-12T02:59:26.256580,12545.7908,12545.7908,0.0,0.0,0.0,0.0,5,1,0,0,0,0,0,0,0.0,0.0,0.0,0.0,0.0,,
2026-02-12T03:17:24.822664,12545.7908,12545.7908,0.0,0.0,0.0,0.0,5,1,0,0,0,0,0,0,0.0,0.0,0.0,0.0,0.0,,
2026-02-12T03:34:51.628710,12545.7908,12545.7908,0.0,0.0,0.0,0.0,5,1,0,0,0,0,0,0,0.0,0.0,0.0,0.0,0.0,,
2026-02-12T03:51:44.426655,12545.7908,12545.7908,0.0,0.0,0.0,0.0,5,1,0,0,0,0,0,0,0.0,0.0,0.0,0.0,0.0,,
2026-02-12T04:09:06.893753,12545.7908,12545.7908,0.0,0.0,0.0,0.0,5,1,0,0,0,0,0,0,0.0,0.0,0.0,0.0,0.0,,
2026-02-12T04:26:32.879432,12545.7908,12545.7908,0.0,0.0,0.0,0.0,5,1,0,0,0,0,0,0,0.0,0.0,0.0,0.0,0.0,,
2026-02-12T04:44:26.377135,12545.7908,12545.7908,0.0,0.0,0.0,0.0,5,1,0,0,0,0,0,0,0.0,0.0,0.0,0.0,0.0,,
2026-02-12T05:02:34.354582,12545.7908,12545.7908,0.0,0.0,0.0,0.0,5,1,0,0,0,0,0,0,0.0,0.0,0.0,0.0,0.0,,
2026-02-12T05:20:31.048077,12545.7908,12545.7908,0.0,0.0,0.0,0.0,5,1,0,0,0,0,0,0,0.0,0.0,0.0,0.0,0.0,,
2026-02-12T05:38:18.259605,12545.7908,12545.7908,0.0,0.0,0.0,0.0,5,1,0,0,0,0,0,0,0.0,0.0,0.0,0.0,0.0,,
2026-02-12T05:56:17.392027,12545.7908,12545.7908,0.0,0.0,0.0,0.0,5,1,0,0,0,0,0,0,0.0,0.0,0.0,0.0,0.0,,
2026-02-12T06:14:10.580939,12545.7908,12545.7908,0.0,0.0,0.0,0.0,5,1,0,0,0,0,0,0,0.0,0.0,0.0,0.0,0.0,,
2026-02-12T06:32:14.324187,12545.7908,12545.7908,0.0,0.0,0.0,0.0,5,1,0,0,0,0,0,0,0.0,0.0,0.0,0.0,0.0,,
2026-02-12T06:50:35.342026,12645.2763,12645.2763,0.0,0.0,99.48549999999886,0.7929791081802421,5,3,0,0,0,0,0,0,0.0,0.0,0.0,0.0,0.0,,
2026-02-12T07:08:18.470702,12645.2763,12645.2763,0.0,0.0,99.48549999999886,0.7929791081802421,5,3,0,0,0,0,0,0,0.0,0.0,0.0,0.0,0.0,,
2026-02-12T07:26:29.156729,12645.2763,12645.2763,0.0,0.0,99.48549999999886,0.7929791081802421,5,3,0,0,0,0,0,0,0.0,0.0,0.0,0.0,0.0,,
2026-02-12T07:44:47.471996,12645.2763,12645.2763,0.0,0.0,99.48549999999886,0.7929791081802421,5,3,0,0,0,0,0,0,0.0,0.0,0.0,0.0,0.0,,
2026-02-12T08:02:35.171075,12645.2763,12645.2763,0.0,0.0,99.48549999999886,0.7929791081802421,5,3,0,0,0,0,0,0,0.0,0.0,0.0,0.0,0.0,,
2026-02-12T08:20:41.101357,12645.2763,12645.2763,0.0,0.0,99.48549999999886,0.7929791081802421,5,3,0,0,0,0,0,0,0.0,0.0,0.0,0.0,0.0,,
2026-02-12T08:38:43.718781,12645.2763,12645.2763,0.0,0.0,99.48549999999886,0.7929791081802421,5,3,0,0,0,0,0,0,0.0,0.0,0.0,0.0,0.0,,
2026-02-12T08:55:50.886680,12645.2763,12645.2763,0.0,0.0,99.48549999999886,0.7929791081802421,5,3,0,0,0,0,0,0,0.0,0.0,0.0,0.0,0.0,,
2026-02-12T09:10:07.920992,12645.2763,12645.2763,0.0,0.0,99.48549999999886,0.7929791081802421,5,3,0,0,0,0,0,0,0.0,0.0,0.0,0.0,0.0,,
2026-02-12T09:23:55.688231,12645.2763,12645.2763,0.0,0.0,99.48549999999886,0.7929791081802421,5,3,0,0,0,0,0,0,0.0,0.0,0.0,0.0,0.0,,
2026-02-12T09:37:39.609020,12645.2763,12645.2763,0.0,0.0,99.48549999999886,0.7929791081802421,5,3,0,0,0,0,0,0,0.0,0.0,0.0,0.0,0.0,,
2026-02-12T09:51:13.358233,12645.2763,12645.2763,0.0,0.0,99.48549999999886,0.7929791081802421,5,3,0,0,0,0,0,0,0.0,0.0,0.0,0.0,0.0,,
2026-02-12T10:04:52.961567,12645.2763,12645.2763,0.0,0.0,99.48549999999886,0.7929791081802421,5,3,0,0,0,0,0,0,0.0,0.0,0.0,0.0,0.0,,
2026-02-12T10:18:22.862020,12645.2763,12645.2763,0.0,0.0,99.48549999999886,0.7929791081802421,5,3,0,0,0,0,0,0,0.0,0.0,0.0,0.0,0.0,,
2026-02-12T10:31:16.466246,12645.2763,12645.2763,0.0,0.0,99.48549999999886,0.7929791081802421,5,3,0,0,0,0,0,0,0.0,0.0,0.0,0.0,0.0,,
2026-02-12T10:44:25.575802,12757.9694,12757.9694,0.0,0.0,212.17859999999928,1.6912333656958416,4,3,0,0,0,0,0,0,0.0,0.0,0.0,0.0,0.0,,
2026-02-12T10:58:06.186995,12757.9694,12757.9694,0.0,0.0,212.17859999999928,1.6912333656958416,4,3,0,0,0,0,0,0,0.0,0.0,0.0,0.0,0.0,,
2026-02-12T11:11:23.662557,12757.9694,12757.9694,0.0,0.0,212.17859999999928,1.6912333656958416,4,3,0,0,0,0,0,0,0.0,0.0,0.0,0.0,0.0,,
2026-02-12T11:24:27.209639,12757.9694,12757.9694,0.0,0.0,212.17859999999928,1.6912333656958416,4,3,0,0,0,0,0,0,0.0,0.0,0.0,0.0,0.0,,
2026-02-12T11:37:19.772029,12757.9694,12757.9694,0.0,0.0,212.17859999999928,1.6912333656958416,4,3,0,0,0,0,0,0,0.0,0.0,0.0,0.0,0.0,,
2026-02-12T11:49:18.113437,12757.9694,12757.9694,0.0,0.0,212.17859999999928,1.6912333656958416,4,3,0,0,0,0,0,0,0.0,0.0,0.0,0.0,0.0,,
2026-02-12T12:01:42.131656,12757.9694,12757.9694,0.0,0.0,212.17859999999928,1.6912333656958416,4,3,0,0,0,0,0,0,0.0,0.0,0.0,0.0,0.0,,
2026-02-12T12:14:24.308343,12757.9694,12757.9694,0.0,0.0,212.17859999999928,1.6912333656958416,4,3,0,0,0,0,0,0,0.0,0.0,0.0,0.0,0.0,,
2026-02-12T12:27:12.450915,12757.9694,12757.9694,0.0,0.0,212.17859999999928,1.6912333656958416,4,3,0,0,0,0,0,0,0.0,0.0,0.0,0.0,0.0,,
2026-02-12T12:40:13.754259,12757.9694,12757.9694,0.0,0.0,212.17859999999928,1.6912333656958416,4,3,0,0,0,0,0,0,0.0,0.0,0.0,0.0,0.0,,
2026-02-12T12:52:44.608236,12757.9694,12757.9694,0.0,0.0,212.17859999999928,1.6912333656958416,4,3,0,0,0,0,0,0,0.0,0.0,0.0,0.0,0.0,,
2026-02-12T13:06:18.900086,12757.9694,12757.9694,0.0,0.0,212.17859999999928,1.6912333656958416,4,3,0,0,0,0,0,0,0.0,0.0,0.0,0.0,0.0,london_ny_overlap,london_ny_overlap
2026-02-12T13:06:19.719031,12757.9694,12757.9694,0.0,0.0,212.17859999999928,1.6912333656958416,4,3,0,0,0,0,0,0,0.0,0.0,0.0,0.0,0.0,london_ny_overlap,london_ny_overlap
2026-02-12T13:07:47.878045,12757.9694,12757.9694,0.0,0.0,0.0,0.0,4,0,0,0,0,0,0,0,0.0,0.0,0.0,0.0,0.0,london_ny_overlap,london_ny_overlap
2026-02-12T13:07:48.650207,12757.9694,12757.9694,0.0,0.0,0.0,0.0,4,0,0,0,0,0,0,0,0.0,0.0,0.0,0.0,0.0,london_ny_overlap,london_ny_overlap
2026-02-12T13:09:19.649279,12757.9694,12757.9694,0.0,0.0,0.0,0.0,4,0,0,0,0,0,0,0,0.0,0.0,0.0,0.0,0.0,london_ny_overlap,london_ny_overlap
2026-02-12T13:09:20.413533,12757.9694,12757.9694,0.0,0.0,0.0,0.0,4,0,0,0,0,0,0,0,0.0,0.0,0.0,0.0,0.0,london_ny_overlap,london_ny_overlap
2026-02-12T13:10:49.341122,12757.9694,12757.9694,0.0,0.0,0.0,0.0,4,0,0,0,0,0,0,0,0.0,0.0,0.0,0.0,0.0,london_ny_overlap,london_ny_overlap
2026-02-12T13:10:50.085994,12757.9694,12757.9694,0.0,0.0,0.0,0.0,4,0,0,0,0,0,0,0,0.0,0.0,0.0,0.0,0.0,london_ny_overlap,london_ny_overlap
2026-02-12T13:12:14.885737,12757.9694,12757.9694,0.0,0.0,0.0,0.0,4,0,0,0,0,0,0,0,0.0,0.0,0.0,0.0,0.0,london_ny_overlap,london_ny_overlap
2026-02-12T13:12:15.635474,12757.9694,12757.9694,0.0,0.0,0.0,0.0,4,0,0,0,0,0,0,0,0.0,0.0,0.0,0.0,0.0,london_ny_overlap,london_ny_overlap
2026-02-12T13:13:37.549199,12757.9694,12757.9694,0.0,0.0,0.0,0.0,4,0,0,0,0,0,0,0,0.0,0.0,0.0,0.0,0.0,london_ny_overlap,london_ny_overlap
2026-02-12T13:13:38.346836,12757.9694,12757.9694,0.0,0.0,0.0,0.0,4,0,0,0,0,0,0,0,0.0,0.0,0.0,0.0,0.0,london_ny_overlap,london_ny_overlap
2026-02-12T13:15:05.351821,12757.9694,12757.9694,0.0,0.0,0.0,0.0,4,0,0,0,0,0,0,0,0.0,0.0,0.0,0.0,0.0,london_ny_overlap,london_ny_overlap
2026-02-12T13:15:06.104827,12757.9694,12757.9694,0.0,0.0,0.0,0.0,4,0,0,0,0,0,0,0,0.0,0.0,0.0,0.0,0.0,london_ny_overlap,london_ny_overlap
2026-02-12T13:16:30.468023,12757.9694,12757.9694,0.0,0.0,0.0,0.0,4,0,0,0,0,0,0,0,0.0,0.0,0.0,0.0,0.0,,
2026-02-12T13:29:59.622116,12757.9694,12757.9694,0.0,0.0,0.0,0.0,4,0,0,0,0,0,0,0,0.0,0.0,0.0,0.0,0.0,,
2026-02-12T13:44:04.212777,12757.9694,12757.9694,0.0,0.0,0.0,0.0,4,0,0,0,0,0,0,0,0.0,0.0,0.0,0.0,0.0,,
2026-02-12T13:57:57.021827,12757.9694,12757.9694,0.0,0.0,0.0,0.0,4,0,0,0,0,0,0,0,0.0,0.0,0.0,0.0,0.0,,
2026-02-12T14:11:38.388574,12757.9694,12757.9694,0.0,0.0,0.0,0.0,4,0,0,0,0,0,0,0,0.0,0.0,0.0,0.0,0.0,,
2026-02-12T14:24:58.098429,12757.9694,12757.9694,0.0,0.0,0.0,0.0,4,0,0,0,0,0,0,0,0.0,0.0,0.0,0.0,0.0,,
2026-02-12T14:38:27.930299,12757.9694,12757.9694,0.0,0.0,0.0,0.0,4,0,0,0,0,0,0,0,0.0,0.0,0.0,0.0,0.0,,
2026-02-12T14:51:43.999034,12757.9694,12757.9694,0.0,0.0,0.0,0.0,4,0,0,0,0,0,0,0,0.0,0.0,0.0,0.0,0.0,,
2026-02-12T15:05:47.683014,12757.9694,12757.9694,0.0,0.0,0.0,0.0,4,0,0,0,0,0,0,0,0.0,0.0,0.0,0.0,0.0,london_ny_overlap,london_ny_overlap
2026-02-12T15:05:48.444018,12757.9694,12757.9694,0.0,0.0,0.0,0.0,4,0,0,0,0,0,0,0,0.0,0.0,0.0,0.0,0.0,london_ny_overlap,london_ny_overlap
2026-02-12T15:07:05.726334,12757.9694,12757.9694,0.0,0.0,0.0,0.0,4,0,0,0,0,0,0,0,0.0,0.0,0.0,0.0,0.0,london_ny_overlap,london_ny_overlap
2026-02-12T15:07:06.570985,12757.9694,12757.9694,0.0,0.0,0.0,0.0,4,0,0,0,0,0,0,0,0.0,0.0,0.0,0.0,0.0,london_ny_overlap,london_ny_overlap
2026-02-12T15:08:26.270007,12757.9694,12757.9694,0.0,0.0,0.0,0.0,4,0,0,0,0,0,0,0,0.0,0.0,0.0,0.0,0.0,london_ny_overlap,london_ny_overlap
2026-02-12T15:08:27.043881,12757.9694,12757.9694,0.0,0.0,0.0,0.0,4,0,0,0,0,0,0,0,0.0,0.0,0.0,0.0,0.0,london_ny_overlap,london_ny_overlap
2026-02-12T15:09:50.972385,12757.9694,12757.9694,0.0,0.0,0.0,0.0,4,0,0,0,0,0,0,0,0.0,0.0,0.0,0.0,0.0,london_ny_overlap,london_ny_overlap
2026-02-12T15:09:51.740227,12757.9694,12757.9694,0.0,0.0,0.0,0.0,4,0,0,0,0,0,0,0,0.0,0.0,0.0,0.0,0.0,london_ny_overlap,london_ny_overlap
2026-02-12T15:11:20.322333,12757.9694,12757.9694,0.0,0.0,0.0,0.0,4,0,0,0,0,0,0,0,0.0,0.0,0.0,0.0,0.0,london_ny_overlap,london_ny_overlap
2026-02-12T15:11:21.082402,12757.9694,12757.9694,0.0,0.0,0.0,0.0,4,0,0,0,0,0,0,0,0.0,0.0,0.0,0.0,0.0,london_ny_overlap,london_ny_overlap
2026-02-12T15:12:48.418807,12757.9694,12757.9694,0.0,0.0,0.0,0.0,4,0,0,0,0,0,0,0,0.0,0.0,0.0,0.0,0.0,london_ny_overlap,london_ny_overlap
2026-02-12T15:12:49.202333,12757.9694,12757.9694,0.0,0.0,0.0,0.0,4,0,0,0,0,0,0,0,0.0,0.0,0.0,0.0,0.0,london_ny_overlap,london_ny_overlap
2026-02-12T15:14:18.909135,12757.9694,12757.9694,0.0,0.0,0.0,0.0,4,0,0,0,0,0,0,0,0.0,0.0,0.0,0.0,0.0,london_ny_overlap,london_ny_overlap
2026-02-12T15:14:19.648232,12757.9694,12757.9694,0.0,0.0,0.0,0.0,4,0,0,0,0,0,0,0,0.0,0.0,0.0,0.0,0.0,london_ny_overlap,london_ny_overlap
2026-02-12T15:15:51.718006,12757.9694,12757.9694,0.0,0.0,0.0,0.0,4,0,0,0,0,0,0,0,0.0,0.0,0.0,0.0,0.0,london_ny_overlap,london_ny_overlap
2026-02-12T15:15:52.496895,12757.9694,12757.9694,0.0,0.0,0.0,0.0,4,0,0,0,0,0,0,0,0.0,0.0,0.0,0.0,0.0,london_ny_overlap,london_ny_overlap
2026-02-12T15:17:25.353806,12757.9694,12757.9694,0.0,0.0,0.0,0.0,4,0,0,0,0,0,0,0,0.0,0.0,0.0,0.0,0.0,london_ny_overlap,london_ny_overlap
2026-02-12T15:17:26.115283,12757.9694,12757.9694,0.0,0.0,0.0,0.0,4,0,0,0,0,0,0,0,0.0,0.0,0.0,0.0,0.0,london_ny_overlap,london_ny_overlap
2026-02-12T15:18:49.874052,12757.9694,12757.9694,0.0,0.0,0.0,0.0,4,0,0,0,0,0,0,0,0.0,0.0,0.0,0.0,0.0,,
2026-02-12T15:32:43.645122,12757.9694,12757.9694,0.0,0.0,0.0,0.0,4,0,0,0,0,0,0,0,0.0,0.0,0.0,0.0,0.0,london_ny_overlap,london_ny_overlap
2026-02-12T15:32:44.498922,12757.9694,12757.9694,0.0,0.0,0.0,0.0,4,0,0,0,0,0,0,0,0.0,0.0,0.0,0.0,0.0,london_ny_overlap,london_ny_overlap
2026-02-12T15:34:16.921831,12757.9694,12757.9694,0.0,0.0,0.0,0.0,4,0,0,0,0,0,0,0,0.0,0.0,0.0,0.0,0.0,london_ny_overlap,london_ny_overlap
2026-02-12T15:34:17.735772,12757.9694,12757.9694,0.0,0.0,0.0,0.0,4,0,0,0,0,0,0,0,0.0,0.0,0.0,0.0,0.0,london_ny_overlap,london_ny_overlap
2026-02-12T15:35:42.542857,12757.9694,12757.9694,0.0,0.0,0.0,0.0,4,0,0,0,0,0,0,0,0.0,0.0,0.0,0.0,0.0,london_ny_overlap,london_ny_overlap
2026-02-12T15:35:43.275438,12757.9694,12757.9694,0.0,0.0,0.0,0.0,4,0,0,0,0,0,0,0,0.0,0.0,0.0,0.0,0.0,london_ny_overlap,london_ny_overlap
2026-02-12T15:36:53.198498,12757.9694,12757.9694,0.0,0.0,0.0,0.0,4,0,0,0,0,0,0,0,0.0,0.0,0.0,0.0,0.0,london_ny_overlap,london_ny_overlap
2026-02-12T15:36:53.925014,12757.9694,12757.9694,0.0,0.0,0.0,0.0,4,0,0,0,0,0,0,0,0.0,0.0,0.0,0.0,0.0,london_ny_overlap,london_ny_overlap
2026-02-12T15:38:08.244441,12757.9694,12757.9694,0.0,0.0,0.0,0.0,4,0,0,0,0,0,0,0,0.0,0.0,0.0,0.0,0.0,london_ny_overlap,london_ny_overlap
2026-02-12T15:38:09.034021,12757.9694,12757.9694,0.0,0.0,0.0,0.0,4,0,0,0,0,0,0,0,0.0,0.0,0.0,0.0,0.0,london_ny_overlap,london_ny_overlap
2026-02-12T15:39:29.608583,12757.9694,12757.9694,0.0,0.0,0.0,0.0,4,0,0,0,0,0,0,0,0.0,0.0,0.0,0.0,0.0,london_ny_overlap,london_ny_overlap
2026-02-12T15:39:30.398293,12757.9694,12757.9694,0.0,0.0,0.0,0.0,4,0,0,0,0,0,0,0,0.0,0.0,0.0,0.0,0.0,london_ny_overlap,london_ny_overlap
2026-02-12T15:41:01.820556,12757.9694,12757.9694,0.0,0.0,0.0,0.0,4,0,0,0,0,0,0,0,0.0,0.0,0.0,0.0,0.0,london_ny_overlap,london_ny_overlap
2026-02-12T15:41:02.587161,12757.9694,12757.9694,0.0,0.0,0.0,0.0,4,0,0,0,0,0,0,0,0.0,0.0,0.0,0.0,0.0,london_ny_overlap,london_ny_overlap
2026-02-12T15:42:27.499183,12757.9694,12757.9694,0.0,0.0,0.0,0.0,4,0,0,0,0,0,0,0,0.0,0.0,0.0,0.0,0.0,london_ny_overlap,london_ny_overlap
2026-02-12T15:42:28.277553,12757.9694,12757.9694,0.0,0.0,0.0,0.0,4,0,0,0,0,0,0,0,0.0,0.0,0.0,0.0,0.0,london_ny_overlap,london_ny_overlap
2026-02-12T15:43:59.825673,12757.9694,12757.9694,0.0,0.0,0.0,0.0,4,0,0,0,0,0,0,0,0.0,0.0,0.0,0.0,0.0,london_ny_overlap,london_ny_overlap
2026-02-12T15:44:00.589104,12757.9694,12757.9694,0.0,0.0,0.0,0.0,4,0,0,0,0,0,0,0,0.0,0.0,0.0,0.0,0.0,london_ny_overlap,london_ny_overlap
2026-02-12T15:45:25.827299,12757.9694,12757.9694,0.0,0.0,0.0,0.0,4,0,0,0,0,0,0,0,0.0,0.0,0.0,0.0,0.0,london_ny_overlap,london_ny_overlap
2026-02-12T15:45:26.574965,12757.9694,12757.9694,0.0,0.0,0.0,0.0,4,0,0,0,0,0,0,0,0.0,0.0,0.0,0.0,0.0,london_ny_overlap,london_ny_overlap
2026-02-12T15:46:45.064729,12757.9694,12757.9694,0.0,0.0,0.0,0.0,4,0,0,0,0,0,0,0,0.0,0.0,0.0,0.0,0.0,london_ny_overlap,london_ny_overlap
2026-02-12T15:46:45.797148,12757.9694,12757.9694,0.0,0.0,0.0,0.0,4,0,0,0,0,0,0,0,0.0,0.0,0.0,0.0,0.0,london_ny_overlap,london_ny_overlap
2026-02-12T15:47:57.777571,12757.9694,12757.9694,0.0,0.0,0.0,0.0,4,0,0,0,0,0,0,0,0.0,0.0,0.0,0.0,0.0,london_ny_overlap,london_ny_overlap
2026-02-12T15:47:58.498771,12757.9694,12757.9694,0.0,0.0,0.0,0.0,4,0,0,0,0,0,0,0,0.0,0.0,0.0,0.0,0.0,london_ny_overlap,london_ny_overlap
2026-02-12T15:49:14.769417,12757.9694,12757.9694,0.0,0.0,0.0,0.0,4,0,0,0,0,0,0,0,0.0,0.0,0.0,0.0,0.0,london_ny_overlap,london_ny_overlap
2026-02-12T15:49:15.505112,12757.9694,12757.9694,0.0,0.0,0.0,0.0,4,0,0,0,0,0,0,0,0.0,0.0,0.0,0.0,0.0,london_ny_overlap,london_ny_overlap
2026-02-12T15:50:40.363952,12757.9694,12757.9694,0.0,0.0,0.0,0.0,4,0,0,0,0,0,0,0,0.0,0.0,0.0,0.0,0.0,london_ny_overlap,london_ny_overlap
2026-02-12T15:50:41.144177,12757.9694,12757.9694,0.0,0.0,0.0,0.0,4,0,0,0,0,0,0,0,0.0,0.0,0.0,0.0,0.0,london_ny_overlap,london_ny_overlap
2026-02-12T15:52:06.703045,12757.9694,12757.9694,0.0,0.0,0.0,0.0,4,0,0,0,0,0,0,0,0.0,0.0,0.0,0.0,0.0,london_ny_overlap,london_ny_overlap
2026-02-12T15:52:07.476528,12757.9694,12757.9694,0.0,0.0,0.0,0.0,4,0,0,0,0,0,0,0,0.0,0.0,0.0,0.0,0.0,london_ny_overlap,london_ny_overlap
2026-02-12T15:53:25.111366,12757.9694,12757.9694,0.0,0.0,0.0,0.0,4,0,0,0,0,0,0,0,0.0,0.0,0.0,0.0,0.0,london_ny_overlap,london_ny_overlap
2026-02-12T15:53:25.880010,12757.9694,12757.9694,0.0,0.0,0.0,0.0,4,0,0,0,0,0,0,0,0.0,0.0,0.0,0.0,0.0,london_ny_overlap,london_ny_overlap
2026-02-12T15:54:47.826815,12757.9694,12757.9694,0.0,0.0,0.0,0.0,4,0,0,0,0,0,0,0,0.0,0.0,0.0,0.0,0.0,london_ny_overlap,london_ny_overlap
2026-02-12T15:54:48.590081,12757.9694,12757.9694,0.0,0.0,0.0,0.0,4,0,0,0,0,0,0,0,0.0,0.0,0.0,0.0,0.0,london_ny_overlap,london_ny_overlap
2026-02-12T15:56:20.314973,12757.9694,12757.9694,0.0,0.0,0.0,0.0,4,0,0,0,0,0,0,0,0.0,0.0,0.0,0.0,0.0,london_ny_overlap,london_ny_overlap
2026-02-12T15:56:21.067002,12757.9694,12757.9694,0.0,0.0,0.0,0.0,4,0,0,0,0,0,0,0,0.0,0.0,0.0,0.0,0.0,london_ny_overlap,london_ny_overlap
2026-02-12T15:57:45.721029,12757.9694,12757.9694,0.0,0.0,0.0,0.0,4,0,0,0,0,0,0,0,0.0,0.0,0.0,0.0,0.0,london_ny_overlap,london_ny_overlap
2026-02-12T15:57:46.511058,12757.9694,12757.9694,0.0,0.0,0.0,0.0,4,0,0,0,0,0,0,0,0.0,0.0,0.0,0.0,0.0,london_ny_overlap,london_ny_overlap
2026-02-12T15:59:10.347275,12757.9694,12757.9694,0.0,0.0,0.0,0.0,4,0,0,0,0,0,0,0,0.0,0.0,0.0,0.0,0.0,london_ny_overlap,london_ny_overlap
2026-02-12T15:59:11.122075,12757.9694,12757.9694,0.0,0.0,0.0,0.0,4,0,0,0,0,0,0,0,0.0,0.0,0.0,0.0,0.0,london_ny_overlap,london_ny_overlap
2026-02-12T16:00:51.764376,12757.9694,12757.9694,0.0,0.0,0.0,0.0,4,0,0,0,0,0,0,0,0.0,0.0,0.0,0.0,0.0,london_ny_overlap,london_ny_overlap
2026-02-12T16:00:52.568262,12757.9694,12757.9694,0.0,0.0,0.0,0.0,4,0,0,0,0,0,0,0,0.0,0.0,0.0,0.0,0.0,london_ny_overlap,london_ny_overlap
2026-02-12T16:02:16.670046,12757.9694,12757.9694,0.0,0.0,0.0,0.0,4,0,0,0,0,0,0,0,0.0,0.0,0.0,0.0,0.0,london_ny_overlap,london_ny_overlap
2026-02-12T16:02:17.467124,12757.9694,12757.9694,0.0,0.0,0.0,0.0,4,0,0,0,0,0,0,0,0.0,0.0,0.0,0.0,0.0,london_ny_overlap,london_ny_overlap
2026-02-12T16:03:41.848948,12757.9694,12757.9694,0.0,0.0,0.0,0.0,4,0,0,0,0,0,0,0,0.0,0.0,0.0,0.0,0.0,london_ny_overlap,london_ny_overlap
2026-02-12T16:03:42.734778,12757.9694,12757.9694,0.0,0.0,0.0,0.0,4,0,0,0,0,0,0,0,0.0,0.0,0.0,0.0,0.0,london_ny_overlap,london_ny_overlap
2026-02-12T16:05:06.554803,12757.9694,12757.9694,0.0,0.0,0.0,0.0,4,0,0,0,0,0,0,0,0.0,0.0,0.0,0.0,0.0,london_ny_overlap,london_ny_overlap
2026-02-12T16:05:07.326063,12757.9694,12757.9694,0.0,0.0,0.0,0.0,4,0,0,0,0,0,0,0,0.0,0.0,0.0,0.0,0.0,london_ny_overlap,london_ny_overlap
2026-02-12T16:06:28.196333,12757.9694,12757.9694,0.0,0.0,0.0,0.0,4,0,0,0,0,0,0,0,0.0,0.0,0.0,0.0,0.0,london_ny_overlap,london_ny_overlap
2026-02-12T16:06:28.953999,12757.9694,12757.9694,0.0,0.0,0.0,0.0,4,0,0,0,0,0,0,0,0.0,0.0,0.0,0.0,0.0,london_ny_overlap,london_ny_overlap
2026-02-12T16:07:53.776539,12757.9694,12757.9694,0.0,0.0,0.0,0.0,4,0,0,0,0,0,0,0,0.0,0.0,0.0,0.0,0.0,london_ny_overlap,london_ny_overlap
2026-02-12T16:07:54.568068,12757.9694,12757.9694,0.0,0.0,0.0,0.0,4,0,0,0,0,0,0,0,0.0,0.0,0.0,0.0,0.0,london_ny_overlap,london_ny_overlap
2026-02-12T16:09:15.338224,12757.9694,12757.9694,0.0,0.0,0.0,0.0,4,0,0,0,0,0,0,0,0.0,0.0,0.0,0.0,0.0,london_ny_overlap,london_ny_overlap
2026-02-12T16:09:16.107983,12757.9694,12757.9694,0.0,0.0,0.0,0.0,4,0,0,0,0,0,0,0,0.0,0.0,0.0,0.0,0.0,london_ny_overlap,london_ny_overlap
2026-02-12T16:10:41.454242,12757.9694,12757.9694,0.0,0.0,0.0,0.0,4,0,0,0,0,0,0,0,0.0,0.0,0.0,0.0,0.0,london_ny_overlap,london_ny_overlap
2026-02-12T16:10:42.199007,12757.9694,12757.9694,0.0,0.0,0.0,0.0,4,0,0,0,0,0,0,0,0.0,0.0,0.0,0.0,0.0,london_ny_overlap,london_ny_overlap
2026-02-12T16:12:17.175782,12757.9694,12757.9694,0.0,0.0,0.0,0.0,3,0,0,0,0,0,0,0,0.0,0.0,0.0,0.0,0.0,london_ny_overlap,london_ny_overlap
2026-02-12T16:12:17.794832,12757.9694,12757.9694,0.0,0.0,0.0,0.0,3,0,0,0,0,0,0,0,0.0,0.0,0.0,0.0,0.0,london_ny_overlap,london_ny_overlap
2026-02-12T16:13:40.437240,12839.7223,12839.7223,0.0,0.0,0.0,0.0,3,0,0,0,0,0,0,0,0.0,0.0,0.0,0.0,0.0,london_ny_overlap,london_ny_overlap
2026-02-12T16:13:41.064516,12839.7223,12839.7223,0.0,0.0,0.0,0.0,3,0,0,0,0,0,0,0,0.0,0.0,0.0,0.0,0.0,london_ny_overlap,london_ny_overlap
2026-02-12T16:15:08.441053,12839.7223,12839.7223,0.0,0.0,0.0,0.0,3,0,0,0,0,0,0,0,0.0,0.0,0.0,0.0,0.0,london_ny_overlap,london_ny_overlap
2026-02-12T16:15:09.132098,12839.7223,12839.7223,0.0,0.0,0.0,0.0,3,0,0,0,0,0,0,0,0.0,0.0,0.0,0.0,0.0,london_ny_overlap,london_ny_overlap
2026-02-12T16:16:46.111842,12839.7223,12839.7223,0.0,0.0,0.0,0.0,3,0,0,0,0,0,0,0,0.0,0.0,0.0,0.0,0.0,london_ny_overlap,london_ny_overlap
2026-02-12T16:16:46.769248,12839.7223,12839.7223,0.0,0.0,0.0,0.0,3,0,0,0,0,0,0,0,0.0,0.0,0.0,0.0,0.0,london_ny_overlap,london_ny_overlap
2026-02-12T16:18:17.939991,12839.7223,12839.7223,0.0,0.0,0.0,0.0,3,0,0,0,0,0,0,0,0.0,0.0,0.0,0.0,0.0,london_ny_overlap,london_ny_overlap
2026-02-12T16:18:18.654283,12839.7223,12839.7223,0.0,0.0,0.0,0.0,3,0,0,0,0,0,0,0,0.0,0.0,0.0,0.0,0.0,london_ny_overlap,london_ny_overlap
2026-02-12T16:19:44.656418,12839.7223,12839.7223,0.0,0.0,0.0,0.0,3,0,0,0,0,0,0,0,0.0,0.0,0.0,0.0,0.0,london_ny_overlap,london_ny_overlap
2026-02-12T16:19:45.325052,12839.7223,12839.7223,0.0,0.0,0.0,0.0,3,0,0,0,0,0,0,0,0.0,0.0,0.0,0.0,0.0,london_ny_overlap,london_ny_overlap
2026-02-12T16:21:23.857547,12839.7223,12839.7223,0.0,0.0,0.0,0.0,3,0,0,0,0,0,0,0,0.0,0.0,0.0,0.0,0.0,london_ny_overlap,london_ny_overlap
2026-02-12T16:21:24.597072,12839.7223,12839.7223,0.0,0.0,0.0,0.0,3,0,0,0,0,0,0,0,0.0,0.0,0.0,0.0,0.0,london_ny_overlap,london_ny_overlap
2026-02-12T16:22:51.237663,12839.7223,12839.7223,0.0,0.0,0.0,0.0,3,0,0,0,0,0,0,0,0.0,0.0,0.0,0.0,0.0,london_ny_overlap,london_ny_overlap
2026-02-12T16:22:51.885245,12839.7223,12839.7223,0.0,0.0,0.0,0.0,3,0,0,0,0,0,0,0,0.0,0.0,0.0,0.0,0.0,london_ny_overlap,london_ny_overlap
2026-02-12T16:24:12.196053,12839.7223,12839.7223,0.0,0.0,0.0,0.0,3,0,0,0,0,0,0,0,0.0,0.0,0.0,0.0,0.0,london_ny_overlap,london_ny_overlap
2026-02-12T16:24:12.820562,12839.7223,12839.7223,0.0,0.0,0.0,0.0,3,0,0,0,0,0,0,0,0.0,0.0,0.0,0.0,0.0,london_ny_overlap,london_ny_overlap
2026-02-12T16:25:33.292852,12839.7223,12839.7223,0.0,0.0,0.0,0.0,3,0,0,0,0,0,0,0,0.0,0.0,0.0,0.0,0.0,london_ny_overlap,london_ny_overlap
2026-02-12T16:25:33.962866,12839.7223,12839.7223,0.0,0.0,0.0,0.0,3,0,0,0,0,0,0,0,0.0,0.0,0.0,0.0,0.0,london_ny_overlap,london_ny_overlap
2026-02-12T16:26:54.165800,12839.7223,12839.7223,0.0,0.0,0.0,0.0,3,0,0,0,0,0,0,0,0.0,0.0,0.0,0.0,0.0,london_ny_overlap,london_ny_overlap
2026-02-12T16:26:54.792816,12839.7223,12839.7223,0.0,0.0,0.0,0.0,3,0,0,0,0,0,0,0,0.0,0.0,0.0,0.0,0.0,london_ny_overlap,london_ny_overlap
2026-02-12T16:28:28.163991,12839.7223,12839.7223,0.0,0.0,0.0,0.0,3,0,0,0,0,0,0,0,0.0,0.0,0.0,0.0,0.0,london_ny_overlap,london_ny_overlap
2026-02-12T16:28:28.817170,12839.7223,12839.7223,0.0,0.0,0.0,0.0,3,0,0,0,0,0,0,0,0.0,0.0,0.0,0.0,0.0,london_ny_overlap,london_ny_overlap
2026-02-12T16:29:55.230267,12839.7223,12839.7223,0.0,0.0,0.0,0.0,3,0,0,0,0,0,0,0,0.0,0.0,0.0,0.0,0.0,london_ny_overlap,london_ny_overlap
2026-02-12T16:29:55.918017,12839.7223,12839.7223,0.0,0.0,0.0,0.0,3,0,0,0,0,0,0,0,0.0,0.0,0.0,0.0,0.0,london_ny_overlap,london_ny_overlap
2026-02-12T16:31:18.862106,12839.7223,12839.7223,0.0,0.0,0.0,0.0,3,0,0,0,0,0,0,0,0.0,0.0,0.0,0.0,0.0,london_ny_overlap,london_ny_overlap
2026-02-12T16:31:19.514884,12839.7223,12839.7223,0.0,0.0,0.0,0.0,3,0,0,0,0,0,0,0,0.0,0.0,0.0,0.0,0.0,london_ny_overlap,london_ny_overlap
2026-02-12T16:32:49.655811,12839.7223,12839.7223,0.0,0.0,0.0,0.0,3,0,0,0,0,0,0,0,0.0,0.0,0.0,0.0,0.0,london_ny_overlap,london_ny_overlap
2026-02-12T16:32:50.361986,12839.7223,12839.7223,0.0,0.0,0.0,0.0,3,0,0,0,0,0,0,0,0.0,0.0,0.0,0.0,0.0,london_ny_overlap,london_ny_overlap
2026-02-12T16:34:18.352132,12839.7223,12839.7223,0.0,0.0,0.0,0.0,3,0,0,0,0,0,0,0,0.0,0.0,0.0,0.0,0.0,london_ny_overlap,london_ny_overlap
2026-02-12T16:34:18.992176,12839.7223,12839.7223,0.0,0.0,0.0,0.0,3,0,0,0,0,0,0,0,0.0,0.0,0.0,0.0,0.0,london_ny_overlap,london_ny_overlap
2026-02-12T16:35:51.818964,12839.7223,12839.7223,0.0,0.0,0.0,0.0,3,0,0,0,0,0,0,0,0.0,0.0,0.0,0.0,0.0,london_ny_overlap,london_ny_overlap
2026-02-12T16:35:52.675293,12839.7223,12839.7223,0.0,0.0,0.0,0.0,3,0,0,0,0,0,0,0,0.0,0.0,0.0,0.0,0.0,london_ny_overlap,london_ny_overlap
2026-02-12T16:37:28.529580,12839.7223,12839.7223,0.0,0.0,0.0,0.0,3,0,0,0,0,0,0,0,0.0,0.0,0.0,0.0,0.0,london_ny_overlap,london_ny_overlap
2026-02-12T16:37:29.176961,12839.7223,12839.7223,0.0,0.0,0.0,0.0,3,0,0,0,0,0,0,0,0.0,0.0,0.0,0.0,0.0,london_ny_overlap,london_ny_overlap
2026-02-12T16:38:55.214572,12839.7223,12839.7223,0.0,0.0,0.0,0.0,3,0,0,0,0,0,0,0,0.0,0.0,0.0,0.0,0.0,london_ny_overlap,london_ny_overlap
2026-02-12T16:38:55.845830,12839.7223,12839.7223,0.0,0.0,0.0,0.0,3,0,0,0,0,0,0,0,0.0,0.0,0.0,0.0,0.0,london_ny_overlap,london_ny_overlap
2026-02-12T16:40:18.815579,12839.7223,12839.7223,0.0,0.0,0.0,0.0,3,0,0,0,0,0,0,0,0.0,0.0,0.0,0.0,0.0,,
2026-02-12T16:54:00.816203,12839.7223,12839.7223,0.0,0.0,0.0,0.0,4,1,0,0,0,0,0,0,0.0,0.0,0.0,0.0,0.0,london_ny_overlap,london_ny_overlap
2026-02-12T16:54:01.557344,12839.7223,12839.7223,0.0,0.0,0.0,0.0,4,1,0,0,0,0,0,0,0.0,0.0,0.0,0.0,0.0,london_ny_overlap,london_ny_overlap
2026-02-12T16:55:36.131193,12839.7223,12839.7223,0.0,0.0,0.0,0.0,4,0,0,0,0,0,0,0,0.0,0.0,0.0,0.0,0.0,,
2026-02-12T17:11:50.418804,12839.7223,12839.7223,0.0,0.0,0.0,0.0,4,0,0,0,0,0,0,0,0.0,0.0,0.0,0.0,0.0,ny,london_ny_overlap
2026-02-12T17:11:51.198011,12839.7223,12839.7223,0.0,0.0,0.0,0.0,4,0,0,0,0,0,0,0,0.0,0.0,0.0,0.0,0.0,ny,london_ny_overlap
2026-02-12T17:12:59.582946,12839.7223,12839.7223,0.0,0.0,0.0,0.0,4,0,0,0,0,0,0,0,0.0,0.0,0.0,0.0,0.0,,
2026-02-12T17:30:12.662157,12839.7223,12839.7223,0.0,0.0,0.0,0.0,4,1,0,0,0,0,0,0,0.0,0.0,0.0,0.0,0.0,,
2026-02-12T17:46:36.300664,12839.7223,12839.7223,0.0,0.0,0.0,0.0,5,1,0,0,0,0,0,0,0.0,0.0,0.0,0.0,0.0,,
2026-02-12T18:03:16.825886,12839.7223,12839.7223,0.0,0.0,0.0,0.0,5,1,0,0,0,0,0,0,0.0,0.0,0.0,0.0,0.0,,
2026-02-12T18:20:05.435746,12839.7223,12839.7223,0.0,0.0,0.0,0.0,5,1,0,0,0,0,0,0,0.0,0.0,0.0,0.0,0.0,,
2026-02-12T18:37:38.598471,12839.7223,12839.7223,0.0,0.0,0.0,0.0,5,1,0,0,0,0,0,0,0.0,0.0,0.0,0.0,0.0,,
2026-02-12T18:54:48.429887,12839.7223,12839.7223,0.0,0.0,0.0,0.0,5,1,0,0,0,0,0,0,0.0,0.0,0.0,0.0,0.0,,
2026-02-12T19:12:04.933569,12839.7223,12839.7223,0.0,0.0,0.0,0.0,5,1,0,0,0,0,0,0,0.0,0.0,0.0,0.0,0.0,,
2026-02-12T19:29:09.516815,12839.7223,12839.7223,0.0,0.0,0.0,0.0,5,1,0,0,0,0,0,0,0.0,0.0,0.0,0.0,0.0,,
2026-02-12T19:47:06.024302,12839.7223,12839.7223,0.0,0.0,0.0,0.0,5,1,0,0,0,0,0,0,0.0,0.0,0.0,0.0,0.0,,
2026-02-12T20:05:04.515848,12839.7223,12839.7223,0.0,0.0,0.0,0.0,5,1,0,0,0,0,0,0,0.0,0.0,0.0,0.0,0.0,,
2026-02-12T20:22:54.590326,12839.7223,12839.7223,0.0,0.0,0.0,0.0,5,1,0,0,0,0,0,0,0.0,0.0,0.0,0.0,0.0,,
2026-02-12T20:41:01.797864,12839.7223,12839.7223,0.0,0.0,0.0,0.0,5,1,0,0,0,0,0,0,0.0,0.0,0.0,0.0,0.0,,
2026-02-12T20:59:02.735961,12839.7223,12839.7223,0.0,0.0,0.0,0.0,5,1,0,0,0,0,0,0,0.0,0.0,0.0,0.0,0.0,,
2026-02-12T21:17:48.311511,12839.7223,12839.7223,0.0,0.0,0.0,0.0,5,1,0,0,0,0,0,0,0.0,0.0,0.0,0.0,0.0,,
2026-02-12T21:36:00.320853,12839.7223,12839.7223,0.0,0.0,0.0,0.0,5,1,0,0,0,0,0,0,0.0,0.0,0.0,0.0,0.0,,
2026-02-12T21:53:07.901471,12839.7223,12839.7223,0.0,0.0,0.0,0.0,5,1,0,0,0,0,0,0,0.0,0.0,0.0,0.0,0.0,,
2026-02-12T22:29:56.467788,12840.1008,12840.1008,0.0,0.0,0.37850000000071304,0.0029478830706542074,5,1,0,0,0,0,0,0,0.0,0.0,0.0,0.0,0.0,,
2026-02-12T23:26:58.572834,12840.1008,12840.1008,0.0,0.0,0.37850000000071304,0.0029478830706542074,5,1,0,0,0,0,0,0,0.0,0.0,0.0,0.0,0.0,,
2026-02-13T00:09:58.909074,12840.1008,12840.1008,0.0,0.0,0.37850000000071304,0.0029478830706542074,5,1,0,0,0,0,0,0,0.0,0.0,0.0,0.0,0.0,,
2026-02-13T00:31:30.032096,12840.1008,12840.1008,0.0,0.0,0.37850000000071304,0.0029478830706542074,5,1,0,0,0,0,0,0,0.0,0.0,0.0,0.0,0.0,,
2026-02-13T05:07:42.361995,12840.1008,12840.1008,0.0,0.0,0.0,0.0,5,0,0,0,0,0,0,0,0.0,0.0,0.0,0.0,0.0,,
2026-02-13T06:02:03.116010,12840.1008,12840.1008,0.0,0.0,0.0,0.0,5,0,0,0,0,0,0,0,0.0,0.0,0.0,0.0,0.0,,
2026-02-13T06:20:41.893972,12714.5446,12714.5446,0.0,0.0,-125.5562000000009,-0.9778443483870538,5,1,0,0,0,0,0,0,0.0,0.009778443483870539,0.009778443483870539,0.0,0.0,tokyo,tokyo
2026-02-13T06:20:42.720464,12714.5446,12714.5446,0.0,0.0,-125.5562000000009,-0.9778443483870538,5,1,0,0,0,0,0,0,0.0,0.009778443483870539,0.009778443483870539,0.0,0.0,tokyo,tokyo
2026-02-13T06:21:56.741155,12714.5446,12714.5446,0.0,0.0,0.0,0.0,5,0,0,0,0,0,0,0,0.0,0.0,0.0,0.0,0.0,,
2026-02-13T06:39:44.875637,12714.5446,12714.5446,0.0,0.0,0.0,0.0,5,0,0,0,0,0,0,0,0.0,0.0,0.0,0.0,0.0,,
2026-02-13T06:59:03.924870,12714.5446,12714.5446,0.0,0.0,0.0,0.0,5,0,0,0,0,0,0,0,0.0,0.0,0.0,0.0,0.0,,
2026-02-13T07:18:09.355932,12714.5446,12714.5446,0.0,0.0,0.0,0.0,5,0,0,0,0,0,0,0,0.0,0.0,0.0,0.0,0.0,,
2026-02-13T07:37:00.553135,12714.5446,12714.5446,0.0,0.0,0.0,0.0,5,0,0,0,0,0,0,0,0.0,0.0,0.0,0.0,0.0,,
2026-02-13T07:54:48.867220,12714.5446,12714.5446,0.0,0.0,0.0,0.0,5,0,0,0,0,0,0,0,0.0,0.0,0.0,0.0,0.0,,
2026-02-13T08:11:04.282064,12714.5446,12714.5446,0.0,0.0,0.0,0.0,5,0,0,0,0,0,0,0,0.0,0.0,0.0,0.0,0.0,,
2026-02-13T08:27:33.877306,12714.5446,12714.5446,0.0,0.0,0.0,0.0,5,0,0,0,0,0,0,0,0.0,0.0,0.0,0.0,0.0,,
2026-02-13T08:44:20.974668,12714.5446,12714.5446,0.0,0.0,0.0,0.0,5,0,0,0,0,0,0,0,0.0,0.0,0.0,0.0,0.0,,
2026-02-13T09:01:39.192393,12714.5446,12714.5446,0.0,0.0,0.0,0.0,5,0,0,0,0,0,0,0,0.0,0.0,0.0,0.0,0.0,,
2026-02-13T09:13:43.702593,12714.5446,12714.5446,0.0,0.0,0.0,0.0,5,0,0,0,0,0,0,0,0.0,0.0,0.0,0.0,0.0,,
2026-02-13T09:25:54.050416,12714.5446,12714.5446,0.0,0.0,0.0,0.0,5,0,0,0,0,0,0,0,0.0,0.0,0.0,0.0,0.0,,
2026-02-13T09:38:31.452248,12714.5446,12714.5446,0.0,0.0,0.0,0.0,5,0,0,0,0,0,0,0,0.0,0.0,0.0,0.0,0.0,,
2026-02-13T09:51:18.653731,12714.5446,12714.5446,0.0,0.0,0.0,0.0,5,0,0,0,0,0,0,0,0.0,0.0,0.0,0.0,0.0,,
2026-02-13T10:03:52.487991,12714.5446,12714.5446,0.0,0.0,0.0,0.0,5,0,0,0,0,0,0,0,0.0,0.0,0.0,0.0,0.0,,
2026-02-13T10:16:27.856354,12714.5446,12714.5446,0.0,0.0,0.0,0.0,5,0,0,0,0,0,0,0,0.0,0.0,0.0,0.0,0.0,,
2026-02-13T10:29:02.571969,12714.5446,12714.5446,0.0,0.0,0.0,0.0,5,0,0,0,0,0,0,0,0.0,0.0,0.0,0.0,0.0,,
2026-02-13T10:41:16.794743,12714.5446,12714.5446,0.0,0.0,0.0,0.0,5,0,0,0,0,0,0,0,0.0,0.0,0.0,0.0,0.0,,
2026-02-13T10:53:41.168996,12714.5446,12714.5446,0.0,0.0,0.0,0.0,5,0,0,0,0,0,0,0,0.0,0.0,0.0,0.0,0.0,,
2026-02-13T11:06:08.657556,12714.5446,12714.5446,0.0,0.0,0.0,0.0,5,0,0,0,0,0,0,0,0.0,0.0,0.0,0.0,0.0,,
2026-02-13T11:19:19.141785,12714.5446,12714.5446,0.0,0.0,0.0,0.0,5,0,0,0,0,0,0,0,0.0,0.0,0.0,0.0,0.0,,
2026-02-13T11:32:42.935033,12714.5446,12714.5446,0.0,0.0,0.0,0.0,5,0,0,0,0,0,0,0,0.0,0.0,0.0,0.0,0.0,,
2026-02-13T11:46:04.723121,12714.5446,12714.5446,0.0,0.0,0.0,0.0,5,0,0,0,0,0,0,0,0.0,0.0,0.0,0.0,0.0,,
2026-02-13T11:59:02.529044,12714.5446,12714.5446,0.0,0.0,0.0,0.0,5,0,0,0,0,0,0,0,0.0,0.0,0.0,0.0,0.0,,
2026-02-13T12:11:23.167394,12714.5446,12714.5446,0.0,0.0,0.0,0.0,5,0,0,0,0,0,0,0,0.0,0.0,0.0,0.0,0.0,,
2026-02-13T12:24:17.160183,12714.5446,12714.5446,0.0,0.0,0.0,0.0,5,0,0,0,0,0,0,0,0.0,0.0,0.0,0.0,0.0,,
2026-02-13T12:37:31.035956,12714.5446,12714.5446,0.0,0.0,0.0,0.0,5,0,0,0,0,0,0,0,0.0,0.0,0.0,0.0,0.0,,
2026-02-13T12:50:29.972043,12714.5446,12714.5446,0.0,0.0,0.0,0.0,5,0,0,0,0,0,0,0,0.0,0.0,0.0,0.0,0.0,,
2026-02-13T13:04:08.368064,12714.5446,12714.5446,0.0,0.0,0.0,0.0,5,0,0,0,0,0,0,0,0.0,0.0,0.0,0.0,0.0,,
2026-02-13T13:17:40.796580,12714.5446,12714.5446,0.0,0.0,0.0,0.0,5,0,0,0,0,0,0,0,0.0,0.0,0.0,0.0,0.0,,
2026-02-13T13:30:32.101011,12714.5446,12714.5446,0.0,0.0,0.0,0.0,5,0,0,0,0,0,0,0,0.0,0.0,0.0,0.0,0.0,,
2026-02-13T13:42:44.068544,12714.5446,12714.5446,0.0,0.0,0.0,0.0,5,0,0,0,0,0,0,0,0.0,0.0,0.0,0.0,0.0,,
2026-02-13T13:55:41.526506,12714.5446,12714.5446,0.0,0.0,0.0,0.0,5,0,0,0,0,0,0,0,0.0,0.0,0.0,0.0,0.0,,
2026-02-13T14:08:21.355039,12714.5446,12714.5446,0.0,0.0,0.0,0.0,5,0,0,0,0,0,0,0,0.0,0.0,0.0,0.0,0.0,,
2026-02-13T14:21:11.670340,12714.5446,12714.5446,0.0,0.0,0.0,0.0,5,0,0,0,0,0,0,0,0.0,0.0,0.0,0.0,0.0,,
2026-02-13T14:34:15.570981,12714.5446,12714.5446,0.0,0.0,0.0,0.0,5,0,0,0,0,0,0,0,0.0,0.0,0.0,0.0,0.0,,
2026-02-13T14:47:44.034987,12714.5446,12714.5446,0.0,0.0,0.0,0.0,5,0,0,0,0,0,0,0,0.0,0.0,0.0,0.0,0.0,,
2026-02-13T15:01:32.457178,12714.5446,12714.5446,0.0,0.0,0.0,0.0,5,0,0,0,0,0,0,0,0.0,0.0,0.0,0.0,0.0,,
2026-02-13T15:15:36.765232,12714.5446,12714.5446,0.0,0.0,0.0,0.0,5,0,0,0,0,0,0,0,0.0,0.0,0.0,0.0,0.0,,
2026-02-13T15:29:43.321889,12714.5446,12714.5446,0.0,0.0,0.0,0.0,5,0,0,0,0,0,0,0,0.0,0.0,0.0,0.0,0.0,,
2026-02-13T15:44:01.186273,12714.5446,12714.5446,0.0,0.0,0.0,0.0,5,0,0,0,0,0,0,0,0.0,0.0,0.0,0.0,0.0,,
2026-02-13T15:56:34.826605,12714.5446,12714.5446,0.0,0.0,0.0,0.0,5,0,0,0,0,0,0,0,0.0,0.0,0.0,0.0,0.0,,
2026-02-13T16:09:19.614903,12714.5446,12714.5446,0.0,0.0,0.0,0.0,5,0,0,0,0,0,0,0,0.0,0.0,0.0,0.0,0.0,,
2026-02-13T16:22:52.419217,12714.5446,12714.5446,0.0,0.0,0.0,0.0,5,0,0,0,0,0,0,0,0.0,0.0,0.0,0.0,0.0,,
2026-02-13T16:36:19.567343,12714.5446,12714.5446,0.0,0.0,0.0,0.0,5,0,0,0,0,0,0,0,0.0,0.0,0.0,0.0,0.0,,
2026-02-13T16:49:22.829056,12714.5446,12714.5446,0.0,0.0,0.0,0.0,5,0,0,0,0,0,0,0,0.0,0.0,0.0,0.0,0.0,,
2026-02-13T17:01:34.455864,12714.5446,12714.5446,0.0,0.0,0.0,0.0,5,0,0,0,0,0,0,0,0.0,0.0,0.0,0.0,0.0,,
2026-02-13T17:18:45.417573,12714.5446,12714.5446,0.0,0.0,0.0,0.0,5,0,0,0,0,0,0,0,0.0,0.0,0.0,0.0,0.0,,
2026-02-13T17:35:39.300074,12714.5446,12714.5446,0.0,0.0,0.0,0.0,5,0,0,0,0,0,0,0,0.0,0.0,0.0,0.0,0.0,,
2026-02-13T17:53:10.478936,12714.5446,12714.5446,0.0,0.0,0.0,0.0,5,0,0,0,0,0,0,0,0.0,0.0,0.0,0.0,0.0,,
2026-02-13T18:11:32.470623,12714.5446,12714.5446,0.0,0.0,0.0,0.0,5,0,0,0,0,0,0,0,0.0,0.0,0.0,0.0,0.0,,
2026-02-13T18:29:26.520933,12714.5446,12714.5446,0.0,0.0,0.0,0.0,5,0,0,0,0,0,0,0,0.0,0.0,0.0,0.0,0.0,,
2026-02-13T18:47:12.103016,12714.5446,12714.5446,0.0,0.0,0.0,0.0,5,0,0,0,0,0,0,0,0.0,0.0,0.0,0.0,0.0,,
2026-02-13T19:04:43.830319,12714.5446,12714.5446,0.0,0.0,0.0,0.0,5,0,0,0,0,0,0,0,0.0,0.0,0.0,0.0,0.0,,
2026-02-13T19:22:24.438347,12714.5446,12714.5446,0.0,0.0,0.0,0.0,5,0,0,0,0,0,0,0,0.0,0.0,0.0,0.0,0.0,,
2026-02-13T19:39:36.513169,12714.5446,12714.5446,0.0,0.0,0.0,0.0,5,0,0,0,0,0,0,0,0.0,0.0,0.0,0.0,0.0,,
2026-02-13T19:57:23.055041,12714.5446,12714.5446,0.0,0.0,0.0,0.0,5,0,0,0,0,0,0,0,0.0,0.0,0.0,0.0,0.0,,
2026-02-13T20:14:52.600655,12714.5446,12714.5446,0.0,0.0,0.0,0.0,5,0,0,0,0,0,0,0,0.0,0.0,0.0,0.0,0.0,,
2026-02-13T20:32:15.105111,12714.5446,12714.5446,0.0,0.0,0.0,0.0,5,0,0,0,0,0,0,0,0.0,0.0,0.0,0.0,0.0,,
2026-02-13T20:49:59.404284,12714.5446,12714.5446,0.0,0.0,0.0,0.0,5,0,0,0,0,0,0,0,0.0,0.0,0.0,0.0,0.0,,
2026-02-13T21:07:39.310916,12714.5446,12714.5446,0.0,0.0,0.0,0.0,5,0,0,0,0,0,0,0,0.0,0.0,0.0,0.0,0.0,,
2026-02-13T21:24:49.457876,12714.5446,12714.5446,0.0,0.0,0.0,0.0,5,0,0,0,0,0,0,0,0.0,0.0,0.0,0.0,0.0,,
2026-02-13T21:41:26.704652,12714.5446,12714.5446,0.0,0.0,0.0,0.0,5,0,0,0,0,0,0,0,0.0,0.0,0.0,0.0,0.0,,
2026-02-13T21:57:39.722489,12714.5446,12714.5446,0.0,0.0,0.0,0.0,5,0,0,0,0,0,0,0,0.0,0.0,0.0,0.0,0.0,,
2026-02-13T22:45:23.126424,12711.5495,12711.5495,0.0,0.0,-2.995100000000093,-0.023556486639718842,5,0,0,0,0,0,0,0,0.0,0.0002355648663971884,0.0002355648663971884,0.0,0.0,,
2026-02-13T23:42:14.327854,12711.5495,12711.5495,0.0,0.0,-2.995100000000093,-0.023556486639718842,5,0,0,0,0,0,0,0,0.0,0.0002355648663971884,0.0002355648663971884,0.0,0.0,,
2026-02-14T00:39:08.797535,12711.5495,12711.5495,0.0,0.0,-2.995100000000093,-0.023556486639718842,5,0,0,0,0,0,0,0,0.0,0.0002355648663971884,0.0002355648663971884,0.0,0.0,,
2026-02-14T01:36:03.233677,12711.5495,12711.5495,0.0,0.0,-2.995100000000093,-0.023556486639718842,5,0,0,0,0,0,0,0,0.0,0.0002355648663971884,0.0002355648663971884,0.0,0.0,,
2026-02-14T02:32:58.909140,12711.5495,12711.5495,0.0,0.0,-2.995100000000093,-0.023556486639718842,5,0,0,0,0,0,0,0,0.0,0.0002355648663971884,0.0002355648663971884,0.0,0.0,,
2026-02-14T03:29:51.530390,12711.5495,12711.5495,0.0,0.0,-2.995100000000093,-0.023556486639718842,5,0,0,0,0,0,0,0,0.0,0.0002355648663971884,0.0002355648663971884,0.0,0.0,,
2026-02-14T04:26:37.088032,12711.5495,12711.5495,0.0,0.0,-2.995100000000093,-0.023556486639718842,5,0,0,0,0,0,0,0,0.0,0.0002355648663971884,0.0002355648663971884,0.0,0.0,,
2026-02-14T05:22:42.355188,12711.5495,12711.5495,0.0,0.0,-2.995100000000093,-0.023556486639718842,5,0,0,0,0,0,0,0,0.0,0.0002355648663971884,0.0002355648663971884,0.0,0.0,,
2026-02-14T06:18:50.579426,12711.5495,12711.5495,0.0,0.0,-2.995100000000093,-0.023556486639718842,5,0,0,0,0,0,0,0,0.0,0.0002355648663971884,0.0002355648663971884,0.0,0.0,,
2026-02-14T07:14:29.467567,12711.5495,12711.5495,0.0,0.0,-2.995100000000093,-0.023556486639718842,5,0,0,0,0,0,0,0,0.0,0.0002355648663971884,0.0002355648663971884,0.0,0.0,,
2026-02-14T08:11:18.789403,12711.5495,12711.5495,0.0,0.0,-2.995100000000093,-0.023556486639718842,5,0,0,0,0,0,0,0,0.0,0.0002355648663971884,0.0002355648663971884,0.0,0.0,,
2026-02-14T09:08:27.421113,12711.5495,12711.5495,0.0,0.0,-2.995100000000093,-0.023556486639718842,5,0,0,0,0,0,0,0,0.0,0.0002355648663971884,0.0002355648663971884,0.0,0.0,,
2026-02-14T10:04:27.995862,12711.5495,12711.5495,0.0,0.0,-2.995100000000093,-0.023556486639718842,5,0,0,0,0,0,0,0,0.0,0.0002355648663971884,0.0002355648663971884,0.0,0.0,,
2026-02-14T10:59:56.823060,12711.5495,12711.5495,0.0,0.0,-2.995100000000093,-0.023556486639718842,5,0,0,0,0,0,0,0,0.0,0.0002355648663971884,0.0002355648663971884,0.0,0.0,,
2026-02-14T11:55:47.483415,12711.5495,12711.5495,0.0,0.0,-2.995100000000093,-0.023556486639718842,5,0,0,0,0,0,0,0,0.0,0.0002355648663971884,0.0002355648663971884,0.0,0.0,,
2026-02-14T12:51:25.872467,12711.5495,12711.5495,0.0,0.0,-2.995100000000093,-0.023556486639718842,5,0,0,0,0,0,0,0,0.0,0.0002355648663971884,0.0002355648663971884,0.0,0.0,,
2026-02-14T13:47:07.520063,12711.5495,12711.5495,0.0,0.0,-2.995100000000093,-0.023556486639718842,5,0,0,0,0,0,0,0,0.0,0.0002355648663971884,0.0002355648663971884,0.0,0.0,,
2026-02-14T14:42:38.810349,12711.5495,12711.5495,0.0,0.0,-2.995100000000093,-0.023556486639718842,5,0,0,0,0,0,0,0,0.0,0.0002355648663971884,0.0002355648663971884,0.0,0.0,,
2026-02-14T15:38:10.688380,12711.5495,12711.5495,0.0,0.0,-2.995100000000093,-0.023556486639718842,5,0,0,0,0,0,0,0,0.0,0.0002355648663971884,0.0002355648663971884,0.0,0.0,,
2026-02-14T16:33:45.116723,12711.5495,12711.5495,0.0,0.0,-2.995100000000093,-0.023556486639718842,5,0,0,0,0,0,0,0,0.0,0.0002355648663971884,0.0002355648663971884,0.0,0.0,,
2026-02-14T17:29:28.838893,12711.5495,12711.5495,0.0,0.0,-2.995100000000093,-0.023556486639718842,5,0,0,0,0,0,0,0,0.0,0.0002355648663971884,0.0002355648663971884,0.0,0.0,,
2026-02-14T18:25:20.118908,12711.5495,12711.5495,0.0,0.0,-2.995100000000093,-0.023556486639718842,5,0,0,0,0,0,0,0,0.0,0.0002355648663971884,0.0002355648663971884,0.0,0.0,,
2026-02-14T19:21:07.157981,12711.5495,12711.5495,0.0,0.0,-2.995100000000093,-0.023556486639718842,5,0,0,0,0,0,0,0,0.0,0.0002355648663971884,0.0002355648663971884,0.0,0.0,,
2026-02-14T20:16:23.491204,12711.5495,12711.5495,0.0,0.0,-2.995100000000093,-0.023556486639718842,5,0,0,0,0,0,0,0,0.0,0.0002355648663971884,0.0002355648663971884,0.0,0.0,,
2026-02-14T21:11:54.324985,12711.5495,12711.5495,0.0,0.0,-2.995100000000093,-0.023556486639718842,5,0,0,0,0,0,0,0,0.0,0.0002355648663971884,0.0002355648663971884,0.0,0.0,,
2026-02-14T22:08:36.156596,12711.5495,12711.5495,0.0,0.0,-2.995100000000093,-0.023556486639718842,5,0,0,0,0,0,0,0,0.0,0.0002355648663971884,0.0002355648663971884,0.0,0.0,,
2026-02-15T10:53:36.490002,12711.5495,12711.5495,0.0,0.0,0.0,0.0,5,0,0,0,0,0,0,0,0.0,0.0,0.0,0.0,0.0,,
2026-02-15T11:48:17.994580,12711.5495,12711.5495,0.0,0.0,0.0,0.0,5,0,0,0,0,0,0,0,0.0,0.0,0.0,0.0,0.0,,
2026-02-15T12:46:46.096468,12711.5495,12711.5495,0.0,0.0,0.0,0.0,5,0,0,0,0,0,0,0,0.0,0.0,0.0,0.0,0.0,,
2026-02-15T13:44:03.295475,12711.5495,12711.5495,0.0,0.0,0.0,0.0,5,0,0,0,0,0,0,0,0.0,0.0,0.0,0.0,0.0,,
2026-02-15T14:41:15.786965,12711.5495,12711.5495,0.0,0.0,0.0,0.0,5,0,0,0,0,0,0,0,0.0,0.0,0.0,0.0,0.0,,
2026-02-15T15:37:37.305746,12711.5495,12711.5495,0.0,0.0,0.0,0.0,5,0,0,0,0,0,0,0,0.0,0.0,0.0,0.0,0.0,,
2026-02-15T16:33:57.002006,12711.5495,12711.5495,0.0,0.0,0.0,0.0,5,0,0,0,0,0,0,0,0.0,0.0,0.0,0.0,0.0,,
2026-02-15T17:30:12.123408,12711.5495,12711.5495,0.0,0.0,0.0,0.0,5,0,0,0,0,0,0,0,0.0,0.0,0.0,0.0,0.0,,
2026-02-15T18:25:58.348466,12711.5495,12711.5495,0.0,0.0,0.0,0.0,5,0,0,0,0,0,0,0,0.0,0.0,0.0,0.0,0.0,,
2026-02-15T19:21:18.837385,12711.5495,12711.5495,0.0,0.0,0.0,0.0,5,0,0,0,0,0,0,0,0.0,0.0,0.0,0.0,0.0,,
2026-02-15T20:16:58.454530,12711.5495,12711.5495,0.0,0.0,0.0,0.0,5,0,0,0,0,0,0,0,0.0,0.0,0.0,0.0,0.0,,
2026-02-15T21:13:02.456413,12711.5495,12711.5495,0.0,0.0,0.0,0.0,5,0,0,0,0,0,0,0,0.0,0.0,0.0,0.0,0.0,,
2026-02-15T22:09:32.514169,12711.5495,12711.5495,0.0,0.0,0.0,0.0,5,0,0,0,0,0,0,0,0.0,0.0,0.0,0.0,0.0,,
2026-02-15T23:06:30.227304,12711.5495,12711.5495,0.0,0.0,0.0,0.0,5,0,0,0,0,0,0,0,0.0,0.0,0.0,0.0,0.0,,
2026-02-16T00:04:50.025482,12711.5495,12711.5495,0.0,0.0,0.0,0.0,5,0,0,0,0,0,0,0,0.0,0.0,0.0,0.0,0.0,,
2026-02-16T00:25:59.424266,12711.5495,12711.5495,0.0,0.0,0.0,0.0,5,0,0,0,0,0,0,0,0.0,0.0,0.0,0.0,0.0,,
2026-02-16T00:42:13.614421,12711.5495,12711.5495,0.0,0.0,0.0,0.0,5,0,0,0,0,0,0,0,0.0,0.0,0.0,0.0,0.0,,
2026-02-16T00:58:10.402851,12711.5495,12711.5495,0.0,0.0,0.0,0.0,5,0,0,0,0,0,0,0,0.0,0.0,0.0,0.0,0.0,,
2026-02-16T01:20:10.202521,12711.5495,12711.5495,0.0,0.0,0.0,0.0,5,0,0,0,0,0,0,0,0.0,0.0,0.0,0.0,0.0,,
2026-02-16T01:37:24.493325,12711.5495,12711.5495,0.0,0.0,0.0,0.0,5,0,0,0,0,0,0,0,0.0,0.0,0.0,0.0,0.0,,
2026-02-16T01:54:07.520123,12711.5495,12711.5495,0.0,0.0,0.0,0.0,5,0,0,0,0,0,0,0,0.0,0.0,0.0,0.0,0.0,,
2026-02-16T02:15:01.365718,12711.5495,12711.5495,0.0,0.0,0.0,0.0,5,0,0,0,0,0,0,0,0.0,0.0,0.0,0.0,0.0,,
2026-02-16T02:37:40.872511,12711.5495,12711.5495,0.0,0.0,0.0,0.0,5,0,0,0,0,0,0,0,0.0,0.0,0.0,0.0,0.0,,
2026-02-16T02:56:49.285697,12711.5495,12711.5495,0.0,0.0,0.0,0.0,5,0,0,0,0,0,0,0,0.0,0.0,0.0,0.0,0.0,,
2026-02-16T03:18:19.482279,12711.5495,12711.5495,0.0,0.0,0.0,0.0,5,0,0,0,0,0,0,0,0.0,0.0,0.0,0.0,0.0,,
2026-02-16T03:36:16.810996,12711.5495,12711.5495,0.0,0.0,0.0,0.0,5,0,0,0,0,0,0,0,0.0,0.0,0.0,0.0,0.0,,
2026-02-16T03:52:57.669261,12711.5495,12711.5495,0.0,0.0,0.0,0.0,5,0,0,0,0,0,0,0,0.0,0.0,0.0,0.0,0.0,,
2026-02-16T04:13:40.345380,12711.5495,12711.5495,0.0,0.0,0.0,0.0,5,0,0,0,0,0,0,0,0.0,0.0,0.0,0.0,0.0,,
2026-02-16T04:31:58.119495,12711.5495,12711.5495,0.0,0.0,0.0,0.0,5,0,0,0,0,0,0,0,0.0,0.0,0.0,0.0,0.0,,
2026-02-16T04:48:20.773373,12711.5495,12711.5495,0.0,0.0,0.0,0.0,5,0,0,0,0,0,0,0,0.0,0.0,0.0,0.0,0.0,,
2026-02-16T05:05:40.299742,12711.5495,12711.5495,0.0,0.0,0.0,0.0,5,0,0,0,0,0,0,0,0.0,0.0,0.0,0.0,0.0,,
2026-02-16T05:26:04.290452,12711.5495,12711.5495,0.0,0.0,0.0,0.0,5,0,0,0,0,0,0,0,0.0,0.0,0.0,0.0,0.0,,
2026-02-16T05:43:07.197287,12711.5495,12711.5495,0.0,0.0,0.0,0.0,5,0,0,0,0,0,0,0,0.0,0.0,0.0,0.0,0.0,,
2026-02-16T06:00:41.867285,12711.5495,12711.5495,0.0,0.0,0.0,0.0,5,0,0,0,0,0,0,0,0.0,0.0,0.0,0.0,0.0,,
2026-02-16T06:22:35.005301,12711.5495,12711.5495,0.0,0.0,0.0,0.0,5,0,0,0,0,0,0,0,0.0,0.0,0.0,0.0,0.0,,
2026-02-16T06:43:34.984927,12711.5495,12711.5495,0.0,0.0,0.0,0.0,5,0,0,0,0,0,0,0,0.0,0.0,0.0,0.0,0.0,,
2026-02-16T07:00:33.856169,12711.5495,12711.5495,0.0,0.0,0.0,0.0,5,0,0,0,0,0,0,0,0.0,0.0,0.0,0.0,0.0,,
2026-02-16T07:23:13.569308,12711.5495,12711.5495,0.0,0.0,0.0,0.0,5,0,0,0,0,0,0,0,0.0,0.0,0.0,0.0,0.0,,
2026-02-16T07:41:22.171442,12711.5495,12711.5495,0.0,0.0,0.0,0.0,5,0,0,0,0,0,0,0,0.0,0.0,0.0,0.0,0.0,,
2026-02-16T08:01:58.804807,12711.5495,12711.5495,0.0,0.0,0.0,0.0,5,0,0,0,0,0,0,0,0.0,0.0,0.0,0.0,0.0,,
2026-02-16T08:24:05.958287,12711.5495,12711.5495,0.0,0.0,0.0,0.0,5,0,0,0,0,0,0,0,0.0,0.0,0.0,0.0,0.0,,
2026-02-16T08:42:28.526423,12711.5495,12711.5495,0.0,0.0,0.0,0.0,5,0,0,0,0,0,0,0,0.0,0.0,0.0,0.0,0.0,,
2026-02-16T08:59:42.133954,12711.5495,12711.5495,0.0,0.0,0.0,0.0,5,0,0,0,0,0,0,0,0.0,0.0,0.0,0.0,0.0,,
2026-02-16T09:19:09.823288,12711.5495,12711.5495,0.0,0.0,0.0,0.0,5,0,0,0,0,0,0,0,0.0,0.0,0.0,0.0,0.0,,
2026-02-16T09:34:06.467533,12711.5495,12711.5495,0.0,0.0,0.0,0.0,5,0,0,0,0,0,0,0,0.0,0.0,0.0,0.0,0.0,,
2026-02-16T09:46:34.424904,12711.5495,12711.5495,0.0,0.0,0.0,0.0,5,0,0,0,0,0,0,0,0.0,0.0,0.0,0.0,0.0,,
2026-02-16T09:59:51.748979,12711.5495,12711.5495,0.0,0.0,0.0,0.0,5,0,0,0,0,0,0,0,0.0,0.0,0.0,0.0,0.0,,
2026-02-16T10:18:15.085252,12711.5495,12711.5495,0.0,0.0,0.0,0.0,5,0,0,0,0,0,0,0,0.0,0.0,0.0,0.0,0.0,,
2026-02-16T10:37:19.255451,12711.5495,12711.5495,0.0,0.0,0.0,0.0,5,0,0,0,0,0,0,0,0.0,0.0,0.0,0.0,0.0,,
2026-02-16T10:53:29.665302,12711.5495,12711.5495,0.0,0.0,0.0,0.0,5,0,0,0,0,0,0,0,0.0,0.0,0.0,0.0,0.0,,
2026-02-16T11:10:17.574323,12711.5495,12711.5495,0.0,0.0,0.0,0.0,5,0,0,0,0,0,0,0,0.0,0.0,0.0,0.0,0.0,,
2026-02-16T11:28:21.979266,12711.5495,12711.5495,0.0,0.0,0.0,0.0,5,0,0,0,0,0,0,0,0.0,0.0,0.0,0.0,0.0,,
2026-02-16T11:41:27.593314,12711.5495,12711.5495,0.0,0.0,0.0,0.0,5,0,0,0,0,0,0,0,0.0,0.0,0.0,0.0,0.0,,
2026-02-16T11:52:49.116684,12711.5495,12711.5495,0.0,0.0,0.0,0.0,5,0,0,0,0,0,0,0,0.0,0.0,0.0,0.0,0.0,,
2026-02-16T12:07:26.069287,12711.5495,12711.5495,0.0,0.0,0.0,0.0,5,0,0,0,0,0,0,0,0.0,0.0,0.0,0.0,0.0,,
2026-02-16T12:25:43.961641,12711.5495,12711.5495,0.0,0.0,0.0,0.0,5,0,0,0,0,0,0,0,0.0,0.0,0.0,0.0,0.0,,
2026-02-16T12:38:13.245151,12711.5495,12711.5495,0.0,0.0,0.0,0.0,5,0,0,0,0,0,0,0,0.0,0.0,0.0,0.0,0.0,,
2026-02-16T12:50:46.541346,12711.5495,12711.5495,0.0,0.0,0.0,0.0,5,0,0,0,0,0,0,0,0.0,0.0,0.0,0.0,0.0,,
2026-02-16T13:05:23.443281,12711.5495,12711.5495,0.0,0.0,0.0,0.0,5,0,0,0,0,0,0,0,0.0,0.0,0.0,0.0,0.0,,
2026-02-16T13:23:13.994517,12711.5495,12711.5495,0.0,0.0,0.0,0.0,5,0,0,0,0,0,0,0,0.0,0.0,0.0,0.0,0.0,,
2026-02-16T13:35:12.566108,12711.5495,12711.5495,0.0,0.0,0.0,0.0,5,0,0,0,0,0,0,0,0.0,0.0,0.0,0.0,0.0,,
2026-02-16T13:47:36.706136,12711.5495,12711.5495,0.0,0.0,0.0,0.0,5,0,0,0,0,0,0,0,0.0,0.0,0.0,0.0,0.0,,
2026-02-16T14:00:56.089295,12711.5495,12711.5495,0.0,0.0,0.0,0.0,5,0,0,0,0,0,0,0,0.0,0.0,0.0,0.0,0.0,,
2026-02-16T14:19:17.094019,12711.5495,12711.5495,0.0,0.0,0.0,0.0,5,0,0,0,0,0,0,0,0.0,0.0,0.0,0.0,0.0,,
2026-02-16T14:35:48.248302,12711.5495,12711.5495,0.0,0.0,0.0,0.0,5,0,0,0,0,0,0,0,0.0,0.0,0.0,0.0,0.0,,
2026-02-16T14:52:14.831388,12711.5495,12711.5495,0.0,0.0,0.0,0.0,5,0,0,0,0,0,0,0,0.0,0.0,0.0,0.0,0.0,,
2026-02-16T15:07:10.229303,12711.5495,12711.5495,0.0,0.0,0.0,0.0,5,0,0,0,0,0,0,0,0.0,0.0,0.0,0.0,0.0,,
2026-02-16T15:24:59.497382,12711.5495,12711.5495,0.0,0.0,0.0,0.0,5,0,0,0,0,0,0,0,0.0,0.0,0.0,0.0,0.0,,
2026-02-16T15:37:21.074799,12711.5495,12711.5495,0.0,0.0,0.0,0.0,5,0,0,0,0,0,0,0,0.0,0.0,0.0,0.0,0.0,,
2026-02-16T15:50:03.804601,12711.5495,12711.5495,0.0,0.0,0.0,0.0,5,0,0,0,0,0,0,0,0.0,0.0,0.0,0.0,0.0,,
2026-02-16T16:03:59.602317,12711.5495,12711.5495,0.0,0.0,0.0,0.0,5,0,0,0,0,0,0,0,0.0,0.0,0.0,0.0,0.0,,
2026-02-16T16:21:35.918269,12711.5495,12711.5495,0.0,0.0,0.0,0.0,5,0,0,0,0,0,0,0,0.0,0.0,0.0,0.0,0.0,,
2026-02-16T16:34:52.774608,12711.5495,12711.5495,0.0,0.0,0.0,0.0,5,0,0,0,0,0,0,0,0.0,0.0,0.0,0.0,0.0,,
2026-02-16T16:46:59.482975,12711.5495,12711.5495,0.0,0.0,0.0,0.0,5,0,0,0,0,0,0,0,0.0,0.0,0.0,0.0,0.0,,
2026-02-16T17:00:05.402260,12711.5495,12711.5495,0.0,0.0,0.0,0.0,5,0,0,0,0,0,0,0,0.0,0.0,0.0,0.0,0.0,,
2026-02-16T17:23:01.016009,12711.5495,12711.5495,0.0,0.0,0.0,0.0,5,0,0,0,0,0,0,0,0.0,0.0,0.0,0.0,0.0,,
2026-02-16T17:40:49.716001,12711.5495,12711.5495,0.0,0.0,0.0,0.0,5,0,0,0,0,0,0,0,0.0,0.0,0.0,0.0,0.0,,
2026-02-16T17:57:58.897831,12711.5495,12711.5495,0.0,0.0,0.0,0.0,5,0,0,0,0,0,0,0,0.0,0.0,0.0,0.0,0.0,,
2026-02-16T18:19:57.088288,12711.5495,12711.5495,0.0,0.0,0.0,0.0,5,0,0,0,0,0,0,0,0.0,0.0,0.0,0.0,0.0,,
2026-02-16T18:41:05.392350,12711.5495,12711.5495,0.0,0.0,0.0,0.0,5,0,0,0,0,0,0,0,0.0,0.0,0.0,0.0,0.0,,
2026-02-16T18:58:40.930106,12711.5495,12711.5495,0.0,0.0,0.0,0.0,5,0,0,0,0,0,0,0,0.0,0.0,0.0,0.0,0.0,,
2026-02-16T19:20:22.628297,12711.5495,12711.5495,0.0,0.0,0.0,0.0,5,0,0,0,0,0,0,0,0.0,0.0,0.0,0.0,0.0,,
2026-02-16T19:37:32.630657,12711.5495,12711.5495,0.0,0.0,0.0,0.0,5,0,0,0,0,0,0,0,0.0,0.0,0.0,0.0,0.0,,
2026-02-16T19:54:01.323881,12711.5495,12711.5495,0.0,0.0,0.0,0.0,5,0,0,0,0,0,0,0,0.0,0.0,0.0,0.0,0.0,,
2026-02-16T20:13:41.794382,12711.5495,12711.5495,0.0,0.0,0.0,0.0,5,0,0,0,0,0,0,0,0.0,0.0,0.0,0.0,0.0,,
2026-02-16T20:32:30.954379,12711.5495,12711.5495,0.0,0.0,0.0,0.0,5,0,0,0,0,0,0,0,0.0,0.0,0.0,0.0,0.0,,
2026-02-16T20:49:43.278370,12711.5495,12711.5495,0.0,0.0,0.0,0.0,5,0,0,0,0,0,0,0,0.0,0.0,0.0,0.0,0.0,,
2026-02-16T21:08:37.919283,12711.5495,12711.5495,0.0,0.0,0.0,0.0,5,0,0,0,0,0,0,0,0.0,0.0,0.0,0.0,0.0,,
2026-02-16T21:28:03.307351,12711.5495,12711.5495,0.0,0.0,0.0,0.0,5,0,0,0,0,0,0,0,0.0,0.0,0.0,0.0,0.0,,
2026-02-16T21:44:00.828301,12711.5495,12711.5495,0.0,0.0,0.0,0.0,5,0,0,0,0,0,0,0,0.0,0.0,0.0,0.0,0.0,,
2026-02-16T21:59:43.466573,12711.5495,12711.5495,0.0,0.0,0.0,0.0,5,0,0,0,0,0,0,0,0.0,0.0,0.0,0.0,0.0,,
2026-02-16T22:54:27.742437,12708.8866,12708.8866,0.0,0.0,-2.662899999999354,-0.020948665620972123,5,0,0,0,0,0,0,0,0.0,0.00020948665620972124,0.00020948665620972124,0.0,0.0,,
2026-02-16T23:51:46.515475,12708.8866,12708.8866,0.0,0.0,-2.662899999999354,-0.020948665620972123,5,0,0,0,0,0,0,0,0.0,0.00020948665620972124,0.00020948665620972124,0.0,0.0,,
2026-02-17T00:21:19.876315,12708.8866,12708.8866,0.0,0.0,-2.662899999999354,-0.020948665620972123,5,0,0,0,0,0,0,0,0.0,0.00020948665620972124,0.00020948665620972124,0.0,0.0,,
2026-02-17T00:38:36.164841,12708.8866,12708.8866,0.0,0.0,-2.662899999999354,-0.020948665620972123,5,0,0,0,0,0,0,0,0.0,0.00020948665620972124,0.00020948665620972124,0.0,0.0,,
2026-02-17T00:54:47.114166,12708.8866,12708.8866,0.0,0.0,-2.662899999999354,-0.020948665620972123,5,0,0,0,0,0,0,0,0.0,0.00020948665620972124,0.00020948665620972124,0.0,0.0,,
2026-02-17T01:16:27.213326,12708.8866,12708.8866,0.0,0.0,-2.662899999999354,-0.020948665620972123,5,0,0,0,0,0,0,0,0.0,0.00020948665620972124,0.00020948665620972124,0.0,0.0,,
2026-02-17T01:36:10.589464,12708.8866,12708.8866,0.0,0.0,-2.662899999999354,-0.020948665620972123,5,0,0,0,0,0,0,0,0.0,0.00020948665620972124,0.00020948665620972124,0.0,0.0,,
2026-02-17T01:53:50.042287,12708.8866,12708.8866,0.0,0.0,-2.662899999999354,-0.020948665620972123,5,0,0,0,0,0,0,0,0.0,0.00020948665620972124,0.00020948665620972124,0.0,0.0,,
2026-02-17T02:00:13.202388,12708.8866,12708.8866,0.0,0.0,-2.662899999999354,-0.020948665620972123,5,0,0,0,0,0,0,0,0.0,0.00020948665620972124,0.00020948665620972124,0.0,0.0,,
2026-02-17T02:02:11.786302,12708.8866,12708.8866,0.0,0.0,0.0,0.0,5,0,0,0,0,0,0,0,0.0,0.0,0.0,0.0,0.0,,
2026-02-17T02:25:26.827370,12708.8866,12708.8866,0.0,0.0,0.0,0.0,5,0,0,0,0,0,0,0,0.0,0.0,0.0,0.0,0.0,,
2026-02-17T02:47:02.231922,12708.8866,12708.8866,0.0,0.0,0.0,0.0,5,0,0,0,0,0,0,0,0.0,0.0,0.0,0.0,0.0,,
2026-02-17T03:04:43.310320,12708.8866,12708.8866,0.0,0.0,0.0,0.0,5,0,0,0,0,0,0,0,0.0,0.0,0.0,0.0,0.0,,
2026-02-17T03:26:41.199862,12708.8866,12708.8866,0.0,0.0,0.0,0.0,5,0,0,0,0,0,0,0,0.0,0.0,0.0,0.0,0.0,,
2026-02-17T03:43:56.159831,12708.8866,12708.8866,0.0,0.0,0.0,0.0,5,0,0,0,0,0,0,0,0.0,0.0,0.0,0.0,0.0,,
2026-02-17T04:01:10.303309,12708.8866,12708.8866,0.0,0.0,0.0,0.0,5,0,0,0,0,0,0,0,0.0,0.0,0.0,0.0,0.0,,
2026-02-17T04:23:58.135281,12708.8866,12708.8866,0.0,0.0,0.0,0.0,5,0,0,0,0,0,0,0,0.0,0.0,0.0,0.0,0.0,,
2026-02-17T04:41:29.559179,12708.8866,12708.8866,0.0,0.0,0.0,0.0,5,0,0,0,0,0,0,0,0.0,0.0,0.0,0.0,0.0,,
2026-02-17T04:59:07.097091,12708.8866,12708.8866,0.0,0.0,0.0,0.0,5,0,0,0,0,0,0,0,0.0,0.0,0.0,0.0,0.0,,
2026-02-17T05:23:17.557026,12708.8866,12708.8866,0.0,0.0,0.0,0.0,5,0,0,0,0,0,0,0,0.0,0.0,0.0,0.0,0.0,,
2026-02-17T05:41:28.240292,12708.8866,12708.8866,0.0,0.0,0.0,0.0,5,0,0,0,0,0,0,0,0.0,0.0,0.0,0.0,0.0,,
2026-02-17T05:59:41.759236,12708.8866,12708.8866,0.0,0.0,0.0,0.0,5,0,0,0,0,0,0,0,0.0,0.0,0.0,0.0,0.0,,
2026-02-17T06:19:11.071012,12708.8866,12708.8866,0.0,0.0,0.0,0.0,5,0,0,0,0,0,0,0,0.0,0.0,0.0,0.0,0.0,,
2026-02-17T06:41:05.895037,12708.8866,12708.8866,0.0,0.0,0.0,0.0,5,0,0,0,0,0,0,0,0.0,0.0,0.0,0.0,0.0,,
2026-02-17T06:59:31.807324,12708.8866,12708.8866,0.0,0.0,0.0,0.0,5,0,0,0,0,0,0,0,0.0,0.0,0.0,0.0,0.0,,
2026-02-17T07:23:42.826209,12880.4423,12880.4423,0.0,0.0,171.5557000000008,1.3498877234454258,5,1,0,0,0,0,0,0,0.0,0.0,0.0,0.0,0.0,tokyo,tokyo
2026-02-17T07:23:43.547726,12880.4423,12880.4423,0.0,0.0,171.5557000000008,1.3498877234454258,5,1,0,0,0,0,0,0,0.0,0.0,0.0,0.0,0.0,tokyo,tokyo
2026-02-17T07:25:06.699291,12880.4423,12880.4423,0.0,0.0,0.0,0.0,5,0,0,0,0,0,0,0,0.0,0.0,0.0,0.0,0.0,,
2026-02-17T07:44:09.616075,12880.4423,12880.4423,0.0,0.0,0.0,0.0,5,0,0,0,0,0,0,0,0.0,0.0,0.0,0.0,0.0,,
2026-02-17T08:04:42.785282,12880.4423,12880.4423,0.0,0.0,0.0,0.0,5,0,0,0,0,0,0,0,0.0,0.0,0.0,0.0,0.0,,
2026-02-17T08:28:15.524995,12880.4423,12880.4423,0.0,0.0,0.0,0.0,5,0,0,0,0,0,0,0,0.0,0.0,0.0,0.0,0.0,,
2026-02-17T08:45:46.918850,12880.4423,12880.4423,0.0,0.0,0.0,0.0,5,0,0,0,0,0,0,0,0.0,0.0,0.0,0.0,0.0,,
2026-02-17T09:03:54.372340,12880.4423,12880.4423,0.0,0.0,0.0,0.0,5,0,0,0,0,0,0,0,0.0,0.0,0.0,0.0,0.0,,
2026-02-17T09:24:00.980537,12880.4423,12880.4423,0.0,0.0,0.0,0.0,5,0,0,0,0,0,0,0,0.0,0.0,0.0,0.0,0.0,,
2026-02-17T09:38:49.326426,12880.4423,12880.4423,0.0,0.0,0.0,0.0,5,0,0,0,0,0,0,0,0.0,0.0,0.0,0.0,0.0,,
2026-02-17T09:52:14.410090,12880.4423,12880.4423,0.0,0.0,0.0,0.0,5,0,0,0,0,0,0,0,0.0,0.0,0.0,0.0,0.0,,
2026-02-17T10:08:42.613300,12880.4423,12880.4423,0.0,0.0,0.0,0.0,5,0,0,0,0,0,0,0,0.0,0.0,0.0,0.0,0.0,,
2026-02-17T10:28:54.047679,12880.4423,12880.4423,0.0,0.0,0.0,0.0,5,0,0,0,0,0,0,0,0.0,0.0,0.0,0.0,0.0,,
2026-02-17T10:48:43.760293,12880.4423,12880.4423,0.0,0.0,0.0,0.0,5,0,0,0,0,0,0,0,0.0,0.0,0.0,0.0,0.0,,
2026-02-17T11:03:55.639568,12880.4423,12880.4423,0.0,0.0,0.0,0.0,5,0,0,0,0,0,0,0,0.0,0.0,0.0,0.0,0.0,,
2026-02-17T11:22:55.434477,12880.4423,12880.4423,0.0,0.0,0.0,0.0,5,0,0,0,0,0,0,0,0.0,0.0,0.0,0.0,0.0,,
2026-02-17T11:36:42.401029,12880.4423,12880.4423,0.0,0.0,0.0,0.0,5,0,0,0,0,0,0,0,0.0,0.0,0.0,0.0,0.0,,
2026-02-17T11:50:19.439297,12880.4423,12880.4423,0.0,0.0,0.0,0.0,5,0,0,0,0,0,0,0,0.0,0.0,0.0,0.0,0.0,,
2026-02-17T12:06:28.705872,12880.4423,12880.4423,0.0,0.0,0.0,0.0,5,0,0,0,0,0,0,0,0.0,0.0,0.0,0.0,0.0,,
2026-02-17T12:27:34.991203,12880.4423,12880.4423,0.0,0.0,0.0,0.0,5,0,0,0,0,0,0,0,0.0,0.0,0.0,0.0,0.0,,
2026-02-17T12:40:37.675587,12880.4423,12880.4423,0.0,0.0,0.0,0.0,5,0,0,0,0,0,0,0,0.0,0.0,0.0,0.0,0.0,,
2026-02-17T12:53:27.485068,12977.9277,12977.9277,0.0,0.0,97.48539999999957,0.7568482333871374,4,0,0,0,0,0,0,0,0.0,0.0,0.0,0.0,0.0,,
2026-02-17T13:09:19.463891,12977.9277,12977.9277,0.0,0.0,97.48539999999957,0.7568482333871374,4,0,0,0,0,0,0,0,0.0,0.0,0.0,0.0,0.0,,
2026-02-17T13:28:00.384086,12977.9277,12977.9277,0.0,0.0,97.48539999999957,0.7568482333871374,4,0,0,0,0,0,0,0,0.0,0.0,0.0,0.0,0.0,,
2026-02-17T13:41:09.198358,12977.9277,12977.9277,0.0,0.0,97.48539999999957,0.7568482333871374,4,0,0,0,0,0,0,0,0.0,0.0,0.0,0.0,0.0,,
2026-02-17T13:54:08.400882,13164.936,13164.936,0.0,0.0,284.4936999999991,2.2087261708396384,4,2,0,0,0,0,0,0,0.0,0.0,0.0,0.0,0.0,,
2026-02-17T14:11:39.094301,13164.936,13164.936,0.0,0.0,284.4936999999991,2.2087261708396384,5,3,0,0,0,0,0,0,0.0,0.0,0.0,0.0,0.0,,
2026-02-17T14:32:07.894784,13164.936,13164.936,0.0,0.0,284.4936999999991,2.2087261708396384,5,3,0,0,0,0,0,0,0.0,0.0,0.0,0.0,0.0,,
2026-02-17T14:52:49.651329,13164.936,13164.936,0.0,0.0,284.4936999999991,2.2087261708396384,5,3,0,0,0,0,0,0,0.0,0.0,0.0,0.0,0.0,,
2026-02-17T15:10:45.837928,13164.936,13164.936,0.0,0.0,284.4936999999991,2.2087261708396384,5,3,0,0,0,0,0,0,0.0,0.0,0.0,0.0,0.0,,
2026-02-17T15:30:19.160876,13164.936,13164.936,0.0,0.0,284.4936999999991,2.2087261708396384,5,3,0,0,0,0,0,0,0.0,0.0,0.0,0.0,0.0,,
2026-02-17T15:44:51.250264,13164.936,13164.936,0.0,0.0,284.4936999999991,2.2087261708396384,5,3,0,0,0,0,0,0,0.0,0.0,0.0,0.0,0.0,,
2026-02-17T15:59:13.245016,13164.936,13164.936,0.0,0.0,284.4936999999991,2.2087261708396384,5,3,0,0,0,0,0,0,0.0,0.0,0.0,0.0,0.0,,
2026-02-17T16:20:03.319312,13164.936,13164.936,0.0,0.0,284.4936999999991,2.2087261708396384,5,3,0,0,0,0,0,0,0.0,0.0,0.0,0.0,0.0,,
2026-02-17T16:35:13.034335,13164.936,13164.936,0.0,0.0,284.4936999999991,2.2087261708396384,5,3,0,0,0,0,0,0,0.0,0.0,0.0,0.0,0.0,,
2026-02-17T16:50:54.446636,13164.936,13164.936,0.0,0.0,284.4936999999991,2.2087261708396384,5,3,0,0,0,0,0,0,0.0,0.0,0.0,0.0,0.0,,
2026-02-17T17:08:14.451372,13164.936,13164.936,0.0,0.0,284.4936999999991,2.2087261708396384,5,3,0,0,0,0,0,0,0.0,0.0,0.0,0.0,0.0,,
2026-02-17T17:26:37.501171,13164.936,13164.936,0.0,0.0,284.4936999999991,2.2087261708396384,5,3,0,0,0,0,0,0,0.0,0.0,0.0,0.0,0.0,,
2026-02-17T17:47:01.213233,13164.936,13164.936,0.0,0.0,284.4936999999991,2.2087261708396384,5,3,0,0,0,0,0,0,0.0,0.0,0.0,0.0,0.0,,
2026-02-17T18:07:56.654925,13164.936,13164.936,0.0,0.0,284.4936999999991,2.2087261708396384,5,3,0,0,0,0,0,0,0.0,0.0,0.0,0.0,0.0,,
2026-02-17T18:28:53.210072,13164.936,13164.936,0.0,0.0,284.4936999999991,2.2087261708396384,5,3,0,0,0,0,0,0,0.0,0.0,0.0,0.0,0.0,,
2026-02-17T18:50:07.294345,13164.936,13164.936,0.0,0.0,284.4936999999991,2.2087261708396384,5,3,0,0,0,0,0,0,0.0,0.0,0.0,0.0,0.0,,
2026-02-17T19:10:56.353283,13164.936,13164.936,0.0,0.0,284.4936999999991,2.2087261708396384,5,3,0,0,0,0,0,0,0.0,0.0,0.0,0.0,0.0,,
2026-02-17T19:31:46.148225,13164.936,13164.936,0.0,0.0,284.4936999999991,2.2087261708396384,5,3,0,0,0,0,0,0,0.0,0.0,0.0,0.0,0.0,,
2026-02-17T19:51:53.276321,13164.936,13164.936,0.0,0.0,284.4936999999991,2.2087261708396384,5,3,0,0,0,0,0,0,0.0,0.0,0.0,0.0,0.0,,
2026-02-17T20:12:19.169308,13164.936,13164.936,0.0,0.0,284.4936999999991,2.2087261708396384,5,3,0,0,0,0,0,0,0.0,0.0,0.0,0.0,0.0,,
2026-02-17T20:32:16.277331,13164.936,13164.936,0.0,0.0,284.4936999999991,2.2087261708396384,5,3,0,0,0,0,0,0,0.0,0.0,0.0,0.0,0.0,,
2026-02-17T20:51:15.984320,13164.936,13164.936,0.0,0.0,284.4936999999991,2.2087261708396384,5,3,0,0,0,0,0,0,0.0,0.0,0.0,0.0,0.0,,
2026-02-17T21:11:00.212314,13164.936,13164.936,0.0,0.0,284.4936999999991,2.2087261708396384,5,3,0,0,0,0,0,0,0.0,0.0,0.0,0.0,0.0,,
2026-02-17T21:29:23.044295,13164.936,13164.936,0.0,0.0,284.4936999999991,2.2087261708396384,5,3,0,0,0,0,0,0,0.0,0.0,0.0,0.0,0.0,,
2026-02-17T21:46:25.008609,13164.936,13164.936,0.0,0.0,284.4936999999991,2.2087261708396384,5,3,0,0,0,0,0,0,0.0,0.0,0.0,0.0,0.0,,
2026-02-17T22:08:01.262414,13162.9647,13162.9647,0.0,0.0,282.52239999999983,2.1934215721769106,5,3,0,0,0,0,0,0,0.0,0.00014973866944732934,0.00014973866944732934,0.0,0.0,,
2026-02-17T22:25:09.689781,13162.9647,13162.9647,0.0,0.0,282.52239999999983,2.1934215721769106,5,3,0,0,0,0,0,0,0.0,0.00014973866944732934,0.00014973866944732934,0.0,0.0,,
2026-02-17T22:26:07.811326,13162.9647,13162.9647,0.0,0.0,0.0,0.0,5,0,0,0,0,0,0,0,0.0,0.0,0.0,0.0,0.0,,
2026-02-17T23:28:14.509493,13162.9647,13162.9647,0.0,0.0,0.0,0.0,5,0,0,0,0,0,0,0,0.0,0.0,0.0,0.0,0.0,,
2026-02-17T23:53:42.387783,13162.9647,13162.9647,0.0,0.0,0.0,0.0,5,0,0,0,0,0,0,0,0.0,0.0,0.0,0.0,0.0,,
2026-02-17T23:55:00.288608,13162.9647,13162.9647,0.0,0.0,0.0,0.0,5,0,0,0,0,0,0,0,0.0,0.0,0.0,0.0,0.0,,
2026-02-18T00:22:59.649349,13162.9647,13162.9647,0.0,0.0,0.0,0.0,5,0,0,0,0,0,0,0,0.0,0.0,0.0,0.0,0.0,,
2026-02-18T00:42:19.561307,13162.9647,13162.9647,0.0,0.0,0.0,0.0,5,0,0,0,0,0,0,0,0.0,0.0,0.0,0.0,0.0,,
2026-02-18T01:00:50.663319,13162.9647,13162.9647,0.0,0.0,0.0,0.0,5,0,0,0,0,0,0,0,0.0,0.0,0.0,0.0,0.0,,
2026-02-18T05:17:55.864313,13162.9647,13162.9647,0.0,0.0,0.0,0.0,5,0,0,0,0,0,0,0,0.0,0.0,0.0,0.0,0.0,,
2026-02-18T05:40:53.932335,13162.9647,13162.9647,0.0,0.0,0.0,0.0,5,0,0,0,0,0,0,0,0.0,0.0,0.0,0.0,0.0,,
2026-02-18T06:06:15.891507,13162.9647,13162.9647,0.0,0.0,0.0,0.0,5,0,0,0,0,0,0,0,0.0,0.0,0.0,0.0,0.0,,
2026-02-18T06:23:14.775701,13162.9647,13162.9647,0.0,0.0,0.0,0.0,5,0,0,0,0,0,0,0,0.0,0.0,0.0,0.0,0.0,,
2026-02-18T06:41:52.999481,13162.9647,13162.9647,0.0,0.0,0.0,0.0,5,0,0,0,0,0,0,0,0.0,0.0,0.0,0.0,0.0,,
2026-02-18T06:58:22.457297,13162.9647,13162.9647,0.0,0.0,0.0,0.0,5,0,0,0,0,0,0,0,0.0,0.0,0.0,0.0,0.0,,
2026-02-18T07:22:07.286610,13162.9647,13162.9647,0.0,0.0,0.0,0.0,5,0,0,0,0,0,0,0,0.0,0.0,0.0,0.0,0.0,,
2026-02-18T07:42:15.989328,13162.9647,13162.9647,0.0,0.0,0.0,0.0,5,0,0,0,0,0,0,0,0.0,0.0,0.0,0.0,0.0,,
2026-02-18T08:01:24.052333,13162.9647,13162.9647,0.0,0.0,0.0,0.0,5,0,0,0,0,0,0,0,0.0,0.0,0.0,0.0,0.0,,
2026-02-18T08:24:14.486143,13162.9647,13162.9647,0.0,0.0,0.0,0.0,5,0,0,0,0,0,0,0,0.0,0.0,0.0,0.0,0.0,,
2026-02-18T08:41:24.012855,13162.9647,13162.9647,0.0,0.0,0.0,0.0,5,0,0,0,0,0,0,0,0.0,0.0,0.0,0.0,0.0,,
2026-02-18T08:59:09.373183,13162.9647,13162.9647,0.0,0.0,0.0,0.0,5,0,0,0,0,0,0,0,0.0,0.0,0.0,0.0,0.0,,
2026-02-18T09:19:35.010303,13162.9647,13162.9647,0.0,0.0,0.0,0.0,5,0,0,0,0,0,0,0,0.0,0.0,0.0,0.0,0.0,,
2026-02-18T09:34:39.131782,13162.9647,13162.9647,0.0,0.0,0.0,0.0,5,0,0,0,0,0,0,0,0.0,0.0,0.0,0.0,0.0,,
2026-02-18T09:48:12.895599,13162.9647,13162.9647,0.0,0.0,0.0,0.0,5,0,0,0,0,0,0,0,0.0,0.0,0.0,0.0,0.0,,
2026-02-18T10:03:29.957561,13162.9647,13162.9647,0.0,0.0,0.0,0.0,5,0,0,0,0,0,0,0,0.0,0.0,0.0,0.0,0.0,,
2026-02-18T10:23:51.093443,13162.9647,13162.9647,0.0,0.0,0.0,0.0,5,0,0,0,0,0,0,0,0.0,0.0,0.0,0.0,0.0,,
2026-02-18T10:41:24.036792,13162.9647,13162.9647,0.0,0.0,0.0,0.0,5,0,0,0,0,0,0,0,0.0,0.0,0.0,0.0,0.0,,
2026-02-18T10:54:55.083296,13162.9647,13162.9647,0.0,0.0,0.0,0.0,5,0,0,0,0,0,0,0,0.0,0.0,0.0,0.0,0.0,,
2026-02-18T11:12:05.789316,13162.9647,13162.9647,0.0,0.0,0.0,0.0,5,0,0,0,0,0,0,0,0.0,0.0,0.0,0.0,0.0,,
2026-02-18T11:29:06.786467,13162.9647,13162.9647,0.0,0.0,0.0,0.0,5,0,0,0,0,0,0,0,0.0,0.0,0.0,0.0,0.0,,
2026-02-18T11:42:01.448159,13162.9647,13162.9647,0.0,0.0,0.0,0.0,5,0,0,0,0,0,0,0,0.0,0.0,0.0,0.0,0.0,,
2026-02-18T11:55:05.721417,13162.9647,13162.9647,0.0,0.0,0.0,0.0,5,0,0,0,0,0,0,0,0.0,0.0,0.0,0.0,0.0,,
2026-02-18T12:12:29.871300,13162.9647,13162.9647,0.0,0.0,0.0,0.0,5,0,0,0,0,0,0,0,0.0,0.0,0.0,0.0,0.0,,
2026-02-18T12:29:28.559327,13162.9647,13162.9647,0.0,0.0,0.0,0.0,5,0,0,0,0,0,0,0,0.0,0.0,0.0,0.0,0.0,,
2026-02-18T12:43:52.471195,13162.9647,13162.9647,0.0,0.0,0.0,0.0,5,0,0,0,0,0,0,0,0.0,0.0,0.0,0.0,0.0,,
2026-02-18T12:56:44.263740,13162.9647,13162.9647,0.0,0.0,0.0,0.0,5,0,0,0,0,0,0,0,0.0,0.0,0.0,0.0,0.0,,
2026-02-18T13:14:51.066347,13162.9647,13162.9647,0.0,0.0,0.0,0.0,5,0,0,0,0,0,0,0,0.0,0.0,0.0,0.0,0.0,,
2026-02-18T13:19:05.971285,13162.9647,13162.9647,0.0,0.0,0.0,0.0,5,0,0,0,0,0,0,0,0.0,0.0,0.0,0.0,0.0,,
2026-02-18T13:20:36.967629,13162.9647,13162.9647,0.0,0.0,0.0,0.0,5,0,0,0,0,0,0,0,0.0,0.0,0.0,0.0,0.0,london_ny_overlap,london_ny_overlap
2026-02-18T13:20:37.798448,13162.9647,13162.9647,0.0,0.0,0.0,0.0,5,0,0,0,0,0,0,0,0.0,0.0,0.0,0.0,0.0,london_ny_overlap,london_ny_overlap
2026-02-18T13:22:35.978414,13162.9647,13162.9647,0.0,0.0,0.0,0.0,5,0,0,0,0,0,0,0,0.0,0.0,0.0,0.0,0.0,,
2026-02-18T13:37:09.560501,13162.9647,13162.9647,0.0,0.0,0.0,0.0,5,0,0,0,0,0,0,0,0.0,0.0,0.0,0.0,0.0,london_ny_overlap,london_ny_overlap
2026-02-18T13:37:10.406833,13162.9647,13162.9647,0.0,0.0,0.0,0.0,5,0,0,0,0,0,0,0,0.0,0.0,0.0,0.0,0.0,london_ny_overlap,london_ny_overlap
2026-02-18T13:38:35.808180,13162.9647,13162.9647,0.0,0.0,0.0,0.0,5,0,0,0,0,0,0,0,0.0,0.0,0.0,0.0,0.0,,
2026-02-18T13:51:38.910724,13162.9647,13162.9647,0.0,0.0,0.0,0.0,5,0,0,0,0,0,0,0,0.0,0.0,0.0,0.0,0.0,london_ny_overlap,london_ny_overlap
2026-02-18T13:51:39.676219,13162.9647,13162.9647,0.0,0.0,0.0,0.0,5,0,0,0,0,0,0,0,0.0,0.0,0.0,0.0,0.0,london_ny_overlap,london_ny_overlap
2026-02-18T13:52:50.751219,13162.9647,13162.9647,0.0,0.0,0.0,0.0,5,0,0,0,0,0,0,0,0.0,0.0,0.0,0.0,0.0,london_ny_overlap,london_ny_overlap
2026-02-18T13:52:51.501367,13162.9647,13162.9647,0.0,0.0,0.0,0.0,5,0,0,0,0,0,0,0,0.0,0.0,0.0,0.0,0.0,london_ny_overlap,london_ny_overlap
2026-02-18T13:54:11.697729,13162.9647,13162.9647,0.0,0.0,0.0,0.0,5,0,0,0,0,0,0,0,0.0,0.0,0.0,0.0,0.0,london_ny_overlap,london_ny_overlap
2026-02-18T13:54:12.458019,13162.9647,13162.9647,0.0,0.0,0.0,0.0,5,0,0,0,0,0,0,0,0.0,0.0,0.0,0.0,0.0,london_ny_overlap,london_ny_overlap
2026-02-18T13:55:33.397366,13162.9647,13162.9647,0.0,0.0,0.0,0.0,5,0,0,0,0,0,0,0,0.0,0.0,0.0,0.0,0.0,london_ny_overlap,london_ny_overlap
2026-02-18T13:55:34.113241,13162.9647,13162.9647,0.0,0.0,0.0,0.0,5,0,0,0,0,0,0,0,0.0,0.0,0.0,0.0,0.0,london_ny_overlap,london_ny_overlap
2026-02-18T13:56:52.691259,13162.9647,13162.9647,0.0,0.0,0.0,0.0,5,0,0,0,0,0,0,0,0.0,0.0,0.0,0.0,0.0,london_ny_overlap,london_ny_overlap
2026-02-18T13:56:53.478073,13162.9647,13162.9647,0.0,0.0,0.0,0.0,5,0,0,0,0,0,0,0,0.0,0.0,0.0,0.0,0.0,london_ny_overlap,london_ny_overlap
2026-02-18T13:58:17.778663,13162.9647,13162.9647,0.0,0.0,0.0,0.0,5,0,0,0,0,0,0,0,0.0,0.0,0.0,0.0,0.0,london_ny_overlap,london_ny_overlap
2026-02-18T13:58:18.493168,13162.9647,13162.9647,0.0,0.0,0.0,0.0,5,0,0,0,0,0,0,0,0.0,0.0,0.0,0.0,0.0,london_ny_overlap,london_ny_overlap
2026-02-18T13:59:37.337262,13162.9647,13162.9647,0.0,0.0,0.0,0.0,5,0,0,0,0,0,0,0,0.0,0.0,0.0,0.0,0.0,london_ny_overlap,london_ny_overlap
2026-02-18T13:59:38.145351,13162.9647,13162.9647,0.0,0.0,0.0,0.0,5,0,0,0,0,0,0,0,0.0,0.0,0.0,0.0,0.0,london_ny_overlap,london_ny_overlap
2026-02-18T14:01:47.833275,13162.9647,13162.9647,0.0,0.0,0.0,0.0,5,0,0,0,0,0,0,0,0.0,0.0,0.0,0.0,0.0,london_ny_overlap,london_ny_overlap
2026-02-18T14:01:48.618631,13162.9647,13162.9647,0.0,0.0,0.0,0.0,5,0,0,0,0,0,0,0,0.0,0.0,0.0,0.0,0.0,london_ny_overlap,london_ny_overlap
2026-02-18T14:04:02.075566,13162.9647,13162.9647,0.0,0.0,0.0,0.0,5,0,0,0,0,0,0,0,0.0,0.0,0.0,0.0,0.0,london_ny_overlap,london_ny_overlap
2026-02-18T14:04:02.879402,13162.9647,13162.9647,0.0,0.0,0.0,0.0,5,0,0,0,0,0,0,0,0.0,0.0,0.0,0.0,0.0,london_ny_overlap,london_ny_overlap
2026-02-18T14:06:14.987330,13162.9647,13162.9647,0.0,0.0,0.0,0.0,5,0,0,0,0,0,0,0,0.0,0.0,0.0,0.0,0.0,london_ny_overlap,london_ny_overlap
2026-02-18T14:06:15.782345,13162.9647,13162.9647,0.0,0.0,0.0,0.0,5,0,0,0,0,0,0,0,0.0,0.0,0.0,0.0,0.0,london_ny_overlap,london_ny_overlap
2026-02-18T14:08:26.975287,13162.9647,13162.9647,0.0,0.0,0.0,0.0,5,0,0,0,0,0,0,0,0.0,0.0,0.0,0.0,0.0,london_ny_overlap,london_ny_overlap
2026-02-18T14:08:27.788265,13162.9647,13162.9647,0.0,0.0,0.0,0.0,5,0,0,0,0,0,0,0,0.0,0.0,0.0,0.0,0.0,london_ny_overlap,london_ny_overlap
2026-02-18T14:10:42.033281,13162.9647,13162.9647,0.0,0.0,0.0,0.0,5,0,0,0,0,0,0,0,0.0,0.0,0.0,0.0,0.0,london_ny_overlap,london_ny_overlap
2026-02-18T14:10:42.834441,13162.9647,13162.9647,0.0,0.0,0.0,0.0,5,0,0,0,0,0,0,0,0.0,0.0,0.0,0.0,0.0,london_ny_overlap,london_ny_overlap
2026-02-18T14:12:51.316260,13162.9647,13162.9647,0.0,0.0,0.0,0.0,5,0,0,0,0,0,0,0,0.0,0.0,0.0,0.0,0.0,london_ny_overlap,london_ny_overlap
2026-02-18T14:12:52.163476,13162.9647,13162.9647,0.0,0.0,0.0,0.0,5,0,0,0,0,0,0,0,0.0,0.0,0.0,0.0,0.0,london_ny_overlap,london_ny_overlap
2026-02-18T14:14:55.656374,13162.9647,13162.9647,0.0,0.0,0.0,0.0,5,0,0,0,0,0,0,0,0.0,0.0,0.0,0.0,0.0,london_ny_overlap,london_ny_overlap
2026-02-18T14:14:56.476617,13162.9647,13162.9647,0.0,0.0,0.0,0.0,5,0,0,0,0,0,0,0,0.0,0.0,0.0,0.0,0.0,london_ny_overlap,london_ny_overlap
2026-02-18T14:17:08.484410,13162.9647,13162.9647,0.0,0.0,0.0,0.0,5,0,0,0,0,0,0,0,0.0,0.0,0.0,0.0,0.0,london_ny_overlap,london_ny_overlap
2026-02-18T14:17:09.243318,13162.9647,13162.9647,0.0,0.0,0.0,0.0,5,0,0,0,0,0,0,0,0.0,0.0,0.0,0.0,0.0,london_ny_overlap,london_ny_overlap
2026-02-18T14:19:17.853296,13162.9647,13162.9647,0.0,0.0,0.0,0.0,5,0,0,0,0,0,0,0,0.0,0.0,0.0,0.0,0.0,london_ny_overlap,london_ny_overlap
2026-02-18T14:19:18.670397,13162.9647,13162.9647,0.0,0.0,0.0,0.0,5,0,0,0,0,0,0,0,0.0,0.0,0.0,0.0,0.0,london_ny_overlap,london_ny_overlap
2026-02-18T14:21:30.790308,13162.9647,13162.9647,0.0,0.0,0.0,0.0,5,0,0,0,0,0,0,0,0.0,0.0,0.0,0.0,0.0,london_ny_overlap,london_ny_overlap
2026-02-18T14:21:31.610349,13162.9647,13162.9647,0.0,0.0,0.0,0.0,5,0,0,0,0,0,0,0,0.0,0.0,0.0,0.0,0.0,london_ny_overlap,london_ny_overlap
2026-02-18T14:23:43.372681,13162.9647,13162.9647,0.0,0.0,0.0,0.0,5,0,0,0,0,0,0,0,0.0,0.0,0.0,0.0,0.0,london_ny_overlap,london_ny_overlap
2026-02-18T14:23:44.199395,13162.9647,13162.9647,0.0,0.0,0.0,0.0,5,0,0,0,0,0,0,0,0.0,0.0,0.0,0.0,0.0,london_ny_overlap,london_ny_overlap
2026-02-18T14:25:58.055666,13162.9647,13162.9647,0.0,0.0,0.0,0.0,5,0,0,0,0,0,0,0,0.0,0.0,0.0,0.0,0.0,london_ny_overlap,london_ny_overlap
2026-02-18T14:25:58.844398,13162.9647,13162.9647,0.0,0.0,0.0,0.0,5,0,0,0,0,0,0,0,0.0,0.0,0.0,0.0,0.0,london_ny_overlap,london_ny_overlap
2026-02-18T14:28:11.800315,13162.9647,13162.9647,0.0,0.0,0.0,0.0,5,0,0,0,0,0,0,0,0.0,0.0,0.0,0.0,0.0,london_ny_overlap,london_ny_overlap
2026-02-18T14:28:12.754587,13162.9647,13162.9647,0.0,0.0,0.0,0.0,5,0,0,0,0,0,0,0,0.0,0.0,0.0,0.0,0.0,london_ny_overlap,london_ny_overlap
2026-02-18T14:30:27.436147,13162.9647,13162.9647,0.0,0.0,0.0,0.0,5,0,0,0,0,0,0,0,0.0,0.0,0.0,0.0,0.0,london_ny_overlap,london_ny_overlap
2026-02-18T14:30:28.257352,13162.9647,13162.9647,0.0,0.0,0.0,0.0,5,0,0,0,0,0,0,0,0.0,0.0,0.0,0.0,0.0,london_ny_overlap,london_ny_overlap
2026-02-18T14:32:46.756369,13162.9647,13162.9647,0.0,0.0,0.0,0.0,5,0,0,0,0,0,0,0,0.0,0.0,0.0,0.0,0.0,london_ny_overlap,london_ny_overlap
2026-02-18T14:32:47.550528,13162.9647,13162.9647,0.0,0.0,0.0,0.0,5,0,0,0,0,0,0,0,0.0,0.0,0.0,0.0,0.0,london_ny_overlap,london_ny_overlap
2026-02-18T14:34:58.018450,13162.9647,13162.9647,0.0,0.0,0.0,0.0,5,0,0,0,0,0,0,0,0.0,0.0,0.0,0.0,0.0,london_ny_overlap,london_ny_overlap
2026-02-18T14:34:58.794384,13162.9647,13162.9647,0.0,0.0,0.0,0.0,5,0,0,0,0,0,0,0,0.0,0.0,0.0,0.0,0.0,london_ny_overlap,london_ny_overlap
2026-02-18T14:37:08.668341,13162.9647,13162.9647,0.0,0.0,0.0,0.0,5,0,0,0,0,0,0,0,0.0,0.0,0.0,0.0,0.0,london_ny_overlap,london_ny_overlap
2026-02-18T14:37:09.437338,13162.9647,13162.9647,0.0,0.0,0.0,0.0,5,0,0,0,0,0,0,0,0.0,0.0,0.0,0.0,0.0,london_ny_overlap,london_ny_overlap
2026-02-18T14:39:36.750309,13162.9647,13162.9647,0.0,0.0,0.0,0.0,5,0,0,0,0,0,0,0,0.0,0.0,0.0,0.0,0.0,london_ny_overlap,london_ny_overlap
2026-02-18T14:39:37.536296,13162.9647,13162.9647,0.0,0.0,0.0,0.0,5,0,0,0,0,0,0,0,0.0,0.0,0.0,0.0,0.0,london_ny_overlap,london_ny_overlap
2026-02-18T14:42:08.590197,13162.9647,13162.9647,0.0,0.0,0.0,0.0,5,0,0,0,0,0,0,0,0.0,0.0,0.0,0.0,0.0,london_ny_overlap,london_ny_overlap
2026-02-18T14:42:09.396825,13162.9647,13162.9647,0.0,0.0,0.0,0.0,5,0,0,0,0,0,0,0,0.0,0.0,0.0,0.0,0.0,london_ny_overlap,london_ny_overlap
2026-02-18T14:44:40.063284,13162.9647,13162.9647,0.0,0.0,0.0,0.0,5,0,0,0,0,0,0,0,0.0,0.0,0.0,0.0,0.0,london_ny_overlap,london_ny_overlap
2026-02-18T14:44:40.893274,13162.9647,13162.9647,0.0,0.0,0.0,0.0,5,0,0,0,0,0,0,0,0.0,0.0,0.0,0.0,0.0,london_ny_overlap,london_ny_overlap
2026-02-18T14:47:15.479463,13162.9647,13162.9647,0.0,0.0,0.0,0.0,5,0,0,0,0,0,0,0,0.0,0.0,0.0,0.0,0.0,london_ny_overlap,london_ny_overlap
2026-02-18T14:47:16.268351,13162.9647,13162.9647,0.0,0.0,0.0,0.0,5,0,0,0,0,0,0,0,0.0,0.0,0.0,0.0,0.0,london_ny_overlap,london_ny_overlap
2026-02-18T14:49:50.185381,13162.9647,13162.9647,0.0,0.0,0.0,0.0,5,0,0,0,0,0,0,0,0.0,0.0,0.0,0.0,0.0,london_ny_overlap,london_ny_overlap
2026-02-18T14:49:51.021468,13162.9647,13162.9647,0.0,0.0,0.0,0.0,5,0,0,0,0,0,0,0,0.0,0.0,0.0,0.0,0.0,london_ny_overlap,london_ny_overlap
2026-02-18T14:51:45.499339,13162.9647,13162.9647,0.0,0.0,0.0,0.0,5,0,0,0,0,0,0,0,0.0,0.0,0.0,0.0,0.0,london_ny_overlap,london_ny_overlap
2026-02-18T14:51:46.287441,13162.9647,13162.9647,0.0,0.0,0.0,0.0,5,0,0,0,0,0,0,0,0.0,0.0,0.0,0.0,0.0,london_ny_overlap,london_ny_overlap
2026-02-18T14:53:24.918639,13162.9647,13162.9647,0.0,0.0,0.0,0.0,5,0,0,0,0,0,0,0,0.0,0.0,0.0,0.0,0.0,london_ny_overlap,london_ny_overlap
2026-02-18T14:53:25.698636,13162.9647,13162.9647,0.0,0.0,0.0,0.0,5,0,0,0,0,0,0,0,0.0,0.0,0.0,0.0,0.0,london_ny_overlap,london_ny_overlap
2026-02-18T14:55:06.371544,13162.9647,13162.9647,0.0,0.0,0.0,0.0,5,0,0,0,0,0,0,0,0.0,0.0,0.0,0.0,0.0,london_ny_overlap,london_ny_overlap
2026-02-18T14:55:07.127452,13162.9647,13162.9647,0.0,0.0,0.0,0.0,5,0,0,0,0,0,0,0,0.0,0.0,0.0,0.0,0.0,london_ny_overlap,london_ny_overlap
2026-02-18T14:56:49.302318,13162.9647,13162.9647,0.0,0.0,0.0,0.0,5,0,0,0,0,0,0,0,0.0,0.0,0.0,0.0,0.0,london_ny_overlap,london_ny_overlap
2026-02-18T14:56:50.004327,13162.9647,13162.9647,0.0,0.0,0.0,0.0,5,0,0,0,0,0,0,0,0.0,0.0,0.0,0.0,0.0,london_ny_overlap,london_ny_overlap
2026-02-18T14:58:33.110477,13162.9647,13162.9647,0.0,0.0,0.0,0.0,5,0,0,0,0,0,0,0,0.0,0.0,0.0,0.0,0.0,london_ny_overlap,london_ny_overlap
2026-02-18T14:58:33.888316,13162.9647,13162.9647,0.0,0.0,0.0,0.0,5,0,0,0,0,0,0,0,0.0,0.0,0.0,0.0,0.0,london_ny_overlap,london_ny_overlap
2026-02-18T15:00:34.460320,13162.9647,13162.9647,0.0,0.0,0.0,0.0,5,0,0,0,0,0,0,0,0.0,0.0,0.0,0.0,0.0,london_ny_overlap,london_ny_overlap
2026-02-18T15:00:35.252277,13162.9647,13162.9647,0.0,0.0,0.0,0.0,5,0,0,0,0,0,0,0,0.0,0.0,0.0,0.0,0.0,london_ny_overlap,london_ny_overlap
2026-02-18T15:03:20.190301,13162.9647,13162.9647,0.0,0.0,0.0,0.0,5,0,0,0,0,0,0,0,0.0,0.0,0.0,0.0,0.0,london_ny_overlap,london_ny_overlap
2026-02-18T15:03:20.984315,13162.9647,13162.9647,0.0,0.0,0.0,0.0,5,0,0,0,0,0,0,0,0.0,0.0,0.0,0.0,0.0,london_ny_overlap,london_ny_overlap
2026-02-18T15:06:15.371344,13162.9647,13162.9647,0.0,0.0,0.0,0.0,5,0,0,0,0,0,0,0,0.0,0.0,0.0,0.0,0.0,london_ny_overlap,london_ny_overlap
2026-02-18T15:06:16.192492,13162.9647,13162.9647,0.0,0.0,0.0,0.0,5,0,0,0,0,0,0,0,0.0,0.0,0.0,0.0,0.0,london_ny_overlap,london_ny_overlap
2026-02-18T15:08:48.675765,13162.9647,13162.9647,0.0,0.0,0.0,0.0,5,0,0,0,0,0,0,0,0.0,0.0,0.0,0.0,0.0,london_ny_overlap,london_ny_overlap
2026-02-18T15:08:49.453355,13162.9647,13162.9647,0.0,0.0,0.0,0.0,5,0,0,0,0,0,0,0,0.0,0.0,0.0,0.0,0.0,london_ny_overlap,london_ny_overlap
2026-02-18T15:11:21.483329,13162.9647,13162.9647,0.0,0.0,0.0,0.0,5,0,0,0,0,0,0,0,0.0,0.0,0.0,0.0,0.0,london_ny_overlap,london_ny_overlap
2026-02-18T15:11:22.280311,13162.9647,13162.9647,0.0,0.0,0.0,0.0,5,0,0,0,0,0,0,0,0.0,0.0,0.0,0.0,0.0,london_ny_overlap,london_ny_overlap
2026-02-18T15:14:07.581128,13162.9647,13162.9647,0.0,0.0,0.0,0.0,5,0,0,0,0,0,0,0,0.0,0.0,0.0,0.0,0.0,london_ny_overlap,london_ny_overlap
2026-02-18T15:14:08.446297,13162.9647,13162.9647,0.0,0.0,0.0,0.0,5,0,0,0,0,0,0,0,0.0,0.0,0.0,0.0,0.0,london_ny_overlap,london_ny_overlap
2026-02-18T15:16:46.061369,13162.9647,13162.9647,0.0,0.0,0.0,0.0,5,0,0,0,0,0,0,0,0.0,0.0,0.0,0.0,0.0,london_ny_overlap,london_ny_overlap
2026-02-18T15:16:46.785297,13162.9647,13162.9647,0.0,0.0,0.0,0.0,5,0,0,0,0,0,0,0,0.0,0.0,0.0,0.0,0.0,london_ny_overlap,london_ny_overlap
2026-02-18T15:19:21.685319,13162.9647,13162.9647,0.0,0.0,0.0,0.0,5,0,0,0,0,0,0,0,0.0,0.0,0.0,0.0,0.0,london_ny_overlap,london_ny_overlap
2026-02-18T15:19:22.477353,13162.9647,13162.9647,0.0,0.0,0.0,0.0,5,0,0,0,0,0,0,0,0.0,0.0,0.0,0.0,0.0,london_ny_overlap,london_ny_overlap
2026-02-18T15:22:01.624536,13162.9647,13162.9647,0.0,0.0,0.0,0.0,5,0,0,0,0,0,0,0,0.0,0.0,0.0,0.0,0.0,london_ny_overlap,london_ny_overlap
2026-02-18T15:22:02.452372,13162.9647,13162.9647,0.0,0.0,0.0,0.0,5,0,0,0,0,0,0,0,0.0,0.0,0.0,0.0,0.0,london_ny_overlap,london_ny_overlap
2026-02-18T15:24:37.366120,13162.9647,13162.9647,0.0,0.0,0.0,0.0,5,0,0,0,0,0,0,0,0.0,0.0,0.0,0.0,0.0,london_ny_overlap,london_ny_overlap
2026-02-18T15:24:38.178025,13162.9647,13162.9647,0.0,0.0,0.0,0.0,5,0,0,0,0,0,0,0,0.0,0.0,0.0,0.0,0.0,london_ny_overlap,london_ny_overlap
2026-02-18T15:26:53.657710,13162.9647,13162.9647,0.0,0.0,0.0,0.0,5,0,0,0,0,0,0,0,0.0,0.0,0.0,0.0,0.0,london_ny_overlap,london_ny_overlap
2026-02-18T15:26:54.375048,13162.9647,13162.9647,0.0,0.0,0.0,0.0,5,0,0,0,0,0,0,0,0.0,0.0,0.0,0.0,0.0,london_ny_overlap,london_ny_overlap
2026-02-18T15:28:37.666111,13162.9647,13162.9647,0.0,0.0,0.0,0.0,5,0,0,0,0,0,0,0,0.0,0.0,0.0,0.0,0.0,london_ny_overlap,london_ny_overlap
2026-02-18T15:28:38.403357,13162.9647,13162.9647,0.0,0.0,0.0,0.0,5,0,0,0,0,0,0,0,0.0,0.0,0.0,0.0,0.0,london_ny_overlap,london_ny_overlap
2026-02-18T15:30:30.532484,13162.9647,13162.9647,0.0,0.0,0.0,0.0,5,0,0,0,0,0,0,0,0.0,0.0,0.0,0.0,0.0,london_ny_overlap,london_ny_overlap
2026-02-18T15:30:31.409499,13162.9647,13162.9647,0.0,0.0,0.0,0.0,5,0,0,0,0,0,0,0,0.0,0.0,0.0,0.0,0.0,london_ny_overlap,london_ny_overlap
2026-02-18T15:32:05.427907,13162.9647,13162.9647,0.0,0.0,0.0,0.0,5,0,0,0,0,0,0,0,0.0,0.0,0.0,0.0,0.0,london_ny_overlap,london_ny_overlap
2026-02-18T15:32:06.239556,13162.9647,13162.9647,0.0,0.0,0.0,0.0,5,0,0,0,0,0,0,0,0.0,0.0,0.0,0.0,0.0,london_ny_overlap,london_ny_overlap
2026-02-18T15:33:51.976948,13162.9647,13162.9647,0.0,0.0,0.0,0.0,5,0,0,0,0,0,0,0,0.0,0.0,0.0,0.0,0.0,london_ny_overlap,london_ny_overlap
2026-02-18T15:33:52.725118,13162.9647,13162.9647,0.0,0.0,0.0,0.0,5,0,0,0,0,0,0,0,0.0,0.0,0.0,0.0,0.0,london_ny_overlap,london_ny_overlap
2026-02-18T15:35:27.485108,13162.9647,13162.9647,0.0,0.0,0.0,0.0,5,0,0,0,0,0,0,0,0.0,0.0,0.0,0.0,0.0,london_ny_overlap,london_ny_overlap
2026-02-18T15:35:28.254952,13162.9647,13162.9647,0.0,0.0,0.0,0.0,5,0,0,0,0,0,0,0,0.0,0.0,0.0,0.0,0.0,london_ny_overlap,london_ny_overlap
2026-02-18T15:37:02.865462,13162.9647,13162.9647,0.0,0.0,0.0,0.0,5,0,0,0,0,0,0,0,0.0,0.0,0.0,0.0,0.0,london_ny_overlap,london_ny_overlap
2026-02-18T15:37:03.681310,13162.9647,13162.9647,0.0,0.0,0.0,0.0,5,0,0,0,0,0,0,0,0.0,0.0,0.0,0.0,0.0,london_ny_overlap,london_ny_overlap
2026-02-18T15:38:42.644214,13162.9647,13162.9647,0.0,0.0,0.0,0.0,5,0,0,0,0,0,0,0,0.0,0.0,0.0,0.0,0.0,london_ny_overlap,london_ny_overlap
2026-02-18T15:38:43.447352,13162.9647,13162.9647,0.0,0.0,0.0,0.0,5,0,0,0,0,0,0,0,0.0,0.0,0.0,0.0,0.0,london_ny_overlap,london_ny_overlap
2026-02-18T15:40:27.914008,13162.9647,13162.9647,0.0,0.0,0.0,0.0,5,0,0,0,0,0,0,0,0.0,0.0,0.0,0.0,0.0,london_ny_overlap,london_ny_overlap
2026-02-18T15:40:28.653318,13162.9647,13162.9647,0.0,0.0,0.0,0.0,5,0,0,0,0,0,0,0,0.0,0.0,0.0,0.0,0.0,london_ny_overlap,london_ny_overlap
2026-02-18T15:42:09.836251,13162.9647,13162.9647,0.0,0.0,0.0,0.0,5,0,0,0,0,0,0,0,0.0,0.0,0.0,0.0,0.0,london_ny_overlap,london_ny_overlap
2026-02-18T15:42:10.596230,13162.9647,13162.9647,0.0,0.0,0.0,0.0,5,0,0,0,0,0,0,0,0.0,0.0,0.0,0.0,0.0,london_ny_overlap,london_ny_overlap
2026-02-18T15:43:52.755102,13162.9647,13162.9647,0.0,0.0,0.0,0.0,5,0,0,0,0,0,0,0,0.0,0.0,0.0,0.0,0.0,london_ny_overlap,london_ny_overlap
2026-02-18T15:43:53.516353,13162.9647,13162.9647,0.0,0.0,0.0,0.0,5,0,0,0,0,0,0,0,0.0,0.0,0.0,0.0,0.0,london_ny_overlap,london_ny_overlap
2026-02-18T15:45:27.444737,13162.9647,13162.9647,0.0,0.0,0.0,0.0,5,0,0,0,0,0,0,0,0.0,0.0,0.0,0.0,0.0,london_ny_overlap,london_ny_overlap
2026-02-18T15:45:28.195532,13162.9647,13162.9647,0.0,0.0,0.0,0.0,5,0,0,0,0,0,0,0,0.0,0.0,0.0,0.0,0.0,london_ny_overlap,london_ny_overlap
2026-02-18T15:47:03.794585,13162.9647,13162.9647,0.0,0.0,0.0,0.0,5,0,0,0,0,0,0,0,0.0,0.0,0.0,0.0,0.0,london_ny_overlap,london_ny_overlap
2026-02-18T15:47:04.514327,13162.9647,13162.9647,0.0,0.0,0.0,0.0,5,0,0,0,0,0,0,0,0.0,0.0,0.0,0.0,0.0,london_ny_overlap,london_ny_overlap
2026-02-18T15:48:47.448989,13162.9647,13162.9647,0.0,0.0,0.0,0.0,5,0,0,0,0,0,0,0,0.0,0.0,0.0,0.0,0.0,london_ny_overlap,london_ny_overlap
2026-02-18T15:48:48.171929,13162.9647,13162.9647,0.0,0.0,0.0,0.0,5,0,0,0,0,0,0,0,0.0,0.0,0.0,0.0,0.0,london_ny_overlap,london_ny_overlap
2026-02-18T15:50:27.627032,13162.9647,13162.9647,0.0,0.0,0.0,0.0,5,0,0,0,0,0,0,0,0.0,0.0,0.0,0.0,0.0,london_ny_overlap,london_ny_overlap
2026-02-18T15:50:28.397346,13162.9647,13162.9647,0.0,0.0,0.0,0.0,5,0,0,0,0,0,0,0,0.0,0.0,0.0,0.0,0.0,london_ny_overlap,london_ny_overlap
2026-02-18T15:52:02.485478,13162.9647,13162.9647,0.0,0.0,0.0,0.0,5,0,0,0,0,0,0,0,0.0,0.0,0.0,0.0,0.0,,
2026-02-18T16:11:43.250385,13162.9647,13162.9647,0.0,0.0,0.0,0.0,5,0,0,0,0,0,0,0,0.0,0.0,0.0,0.0,0.0,london_ny_overlap,london_ny_overlap
2026-02-18T16:11:44.068330,13162.9647,13162.9647,0.0,0.0,0.0,0.0,5,0,0,0,0,0,0,0,0.0,0.0,0.0,0.0,0.0,london_ny_overlap,london_ny_overlap
2026-02-18T16:14:20.954466,13162.9647,13162.9647,0.0,0.0,0.0,0.0,5,0,0,0,0,0,0,0,0.0,0.0,0.0,0.0,0.0,,
2026-02-18T16:33:55.797334,13162.9647,13162.9647,0.0,0.0,0.0,0.0,5,0,0,0,0,0,0,0,0.0,0.0,0.0,0.0,0.0,london_ny_overlap,london_ny_overlap
2026-02-18T16:33:56.674117,13162.9647,13162.9647,0.0,0.0,0.0,0.0,5,0,0,0,0,0,0,0,0.0,0.0,0.0,0.0,0.0,london_ny_overlap,london_ny_overlap
2026-02-18T16:35:36.681698,13162.9647,13162.9647,0.0,0.0,0.0,0.0,5,0,0,0,0,0,0,0,0.0,0.0,0.0,0.0,0.0,,
2026-02-18T16:50:32.701362,13162.9647,13162.9647,0.0,0.0,0.0,0.0,5,0,0,0,0,0,0,0,0.0,0.0,0.0,0.0,0.0,london_ny_overlap,london_ny_overlap
2026-02-18T16:50:33.558877,13162.9647,13162.9647,0.0,0.0,0.0,0.0,5,0,0,0,0,0,0,0,0.0,0.0,0.0,0.0,0.0,london_ny_overlap,london_ny_overlap
2026-02-18T16:52:11.175673,13162.9647,13162.9647,0.0,0.0,0.0,0.0,5,0,0,0,0,0,0,0,0.0,0.0,0.0,0.0,0.0,london_ny_overlap,london_ny_overlap
2026-02-18T16:52:12.023442,13162.9647,13162.9647,0.0,0.0,0.0,0.0,5,0,0,0,0,0,0,0,0.0,0.0,0.0,0.0,0.0,london_ny_overlap,london_ny_overlap
2026-02-18T16:53:40.972839,13162.9647,13162.9647,0.0,0.0,0.0,0.0,5,0,0,0,0,0,0,0,0.0,0.0,0.0,0.0,0.0,london_ny_overlap,london_ny_overlap
2026-02-18T16:53:41.683108,13162.9647,13162.9647,0.0,0.0,0.0,0.0,5,0,0,0,0,0,0,0,0.0,0.0,0.0,0.0,0.0,london_ny_overlap,london_ny_overlap
2026-02-18T16:55:07.073306,13162.9647,13162.9647,0.0,0.0,0.0,0.0,5,0,0,0,0,0,0,0,0.0,0.0,0.0,0.0,0.0,london_ny_overlap,london_ny_overlap
2026-02-18T16:55:07.799439,13162.9647,13162.9647,0.0,0.0,0.0,0.0,5,0,0,0,0,0,0,0,0.0,0.0,0.0,0.0,0.0,london_ny_overlap,london_ny_overlap
2026-02-18T16:56:40.109400,13162.9647,13162.9647,0.0,0.0,0.0,0.0,5,0,0,0,0,0,0,0,0.0,0.0,0.0,0.0,0.0,london_ny_overlap,london_ny_overlap
2026-02-18T16:56:40.985535,13162.9647,13162.9647,0.0,0.0,0.0,0.0,5,0,0,0,0,0,0,0,0.0,0.0,0.0,0.0,0.0,london_ny_overlap,london_ny_overlap
2026-02-18T16:58:16.154116,13162.9647,13162.9647,0.0,0.0,0.0,0.0,5,0,0,0,0,0,0,0,0.0,0.0,0.0,0.0,0.0,london_ny_overlap,london_ny_overlap
2026-02-18T16:58:16.973917,13162.9647,13162.9647,0.0,0.0,0.0,0.0,5,0,0,0,0,0,0,0,0.0,0.0,0.0,0.0,0.0,london_ny_overlap,london_ny_overlap
2026-02-18T16:59:47.398005,13162.9647,13162.9647,0.0,0.0,0.0,0.0,5,0,0,0,0,0,0,0,0.0,0.0,0.0,0.0,0.0,london_ny_overlap,london_ny_overlap
2026-02-18T16:59:48.160283,13162.9647,13162.9647,0.0,0.0,0.0,0.0,5,0,0,0,0,0,0,0,0.0,0.0,0.0,0.0,0.0,london_ny_overlap,london_ny_overlap
2026-02-18T17:02:18.229030,13162.9647,13162.9647,0.0,0.0,0.0,0.0,5,0,0,0,0,0,0,0,0.0,0.0,0.0,0.0,0.0,ny,ny
2026-02-18T17:02:19.005396,13162.9647,13162.9647,0.0,0.0,0.0,0.0,5,0,0,0,0,0,0,0,0.0,0.0,0.0,0.0,0.0,ny,ny
2026-02-18T17:04:57.648417,13162.9647,13162.9647,0.0,0.0,0.0,0.0,5,0,0,0,0,0,0,0,0.0,0.0,0.0,0.0,0.0,ny,ny
2026-02-18T17:04:58.437962,13162.9647,13162.9647,0.0,0.0,0.0,0.0,5,0,0,0,0,0,0,0,0.0,0.0,0.0,0.0,0.0,ny,ny
2026-02-18T17:07:34.662103,13162.9647,13162.9647,0.0,0.0,0.0,0.0,5,0,0,0,0,0,0,0,0.0,0.0,0.0,0.0,0.0,ny,ny
2026-02-18T17:07:35.457534,13162.9647,13162.9647,0.0,0.0,0.0,0.0,5,0,0,0,0,0,0,0,0.0,0.0,0.0,0.0,0.0,ny,ny
2026-02-18T17:10:04.083683,13162.9647,13162.9647,0.0,0.0,0.0,0.0,5,0,0,0,0,0,0,0,0.0,0.0,0.0,0.0,0.0,ny,ny
2026-02-18T17:10:04.855408,13162.9647,13162.9647,0.0,0.0,0.0,0.0,5,0,0,0,0,0,0,0,0.0,0.0,0.0,0.0,0.0,ny,ny
2026-02-18T17:12:25.847309,13162.9647,13162.9647,0.0,0.0,0.0,0.0,5,0,0,0,0,0,0,0,0.0,0.0,0.0,0.0,0.0,ny,ny
2026-02-18T17:12:26.638482,13162.9647,13162.9647,0.0,0.0,0.0,0.0,5,0,0,0,0,0,0,0,0.0,0.0,0.0,0.0,0.0,ny,ny
2026-02-18T17:14:42.264613,13162.9647,13162.9647,0.0,0.0,0.0,0.0,5,0,0,0,0,0,0,0,0.0,0.0,0.0,0.0,0.0,ny,ny
2026-02-18T17:14:43.044342,13162.9647,13162.9647,0.0,0.0,0.0,0.0,5,0,0,0,0,0,0,0,0.0,0.0,0.0,0.0,0.0,ny,ny
2026-02-18T17:16:56.108203,13162.9647,13162.9647,0.0,0.0,0.0,0.0,5,0,0,0,0,0,0,0,0.0,0.0,0.0,0.0,0.0,ny,ny
2026-02-18T17:16:56.883274,13162.9647,13162.9647,0.0,0.0,0.0,0.0,5,0,0,0,0,0,0,0,0.0,0.0,0.0,0.0,0.0,ny,ny
2026-02-18T17:19:03.202379,13162.9647,13162.9647,0.0,0.0,0.0,0.0,5,0,0,0,0,0,0,0,0.0,0.0,0.0,0.0,0.0,ny,ny
2026-02-18T17:19:03.979299,13162.9647,13162.9647,0.0,0.0,0.0,0.0,5,0,0,0,0,0,0,0,0.0,0.0,0.0,0.0,0.0,ny,ny
2026-02-18T17:21:25.772591,13162.9647,13162.9647,0.0,0.0,0.0,0.0,5,0,0,0,0,0,0,0,0.0,0.0,0.0,0.0,0.0,ny,ny
2026-02-18T17:21:26.612514,13162.9647,13162.9647,0.0,0.0,0.0,0.0,5,0,0,0,0,0,0,0,0.0,0.0,0.0,0.0,0.0,ny,ny
2026-02-18T17:23:41.630269,13162.9647,13162.9647,0.0,0.0,0.0,0.0,5,0,0,0,0,0,0,0,0.0,0.0,0.0,0.0,0.0,ny,ny
2026-02-18T17:23:42.475838,13162.9647,13162.9647,0.0,0.0,0.0,0.0,5,0,0,0,0,0,0,0,0.0,0.0,0.0,0.0,0.0,ny,ny
2026-02-18T17:25:24.883313,13162.9647,13162.9647,0.0,0.0,0.0,0.0,5,0,0,0,0,0,0,0,0.0,0.0,0.0,0.0,0.0,ny,ny
2026-02-18T17:25:25.659996,13162.9647,13162.9647,0.0,0.0,0.0,0.0,5,0,0,0,0,0,0,0,0.0,0.0,0.0,0.0,0.0,ny,ny
2026-02-18T17:26:50.738287,13162.9647,13162.9647,0.0,0.0,0.0,0.0,5,0,0,0,0,0,0,0,0.0,0.0,0.0,0.0,0.0,ny,ny
2026-02-18T17:26:51.548531,13162.9647,13162.9647,0.0,0.0,0.0,0.0,5,0,0,0,0,0,0,0,0.0,0.0,0.0,0.0,0.0,ny,ny
2026-02-18T17:28:11.263295,13162.9647,13162.9647,0.0,0.0,0.0,0.0,5,0,0,0,0,0,0,0,0.0,0.0,0.0,0.0,0.0,ny,ny
2026-02-18T17:28:11.976415,13162.9647,13162.9647,0.0,0.0,0.0,0.0,5,0,0,0,0,0,0,0,0.0,0.0,0.0,0.0,0.0,ny,ny
2026-02-18T17:29:42.649145,13162.9647,13162.9647,0.0,0.0,0.0,0.0,5,0,0,0,0,0,0,0,0.0,0.0,0.0,0.0,0.0,ny,ny
2026-02-18T17:29:43.442883,13162.9647,13162.9647,0.0,0.0,0.0,0.0,5,0,0,0,0,0,0,0,0.0,0.0,0.0,0.0,0.0,ny,ny
2026-02-18T17:31:17.049277,13162.9647,13162.9647,0.0,0.0,0.0,0.0,5,0,0,0,0,0,0,0,0.0,0.0,0.0,0.0,0.0,ny,ny
2026-02-18T17:31:17.807398,13162.9647,13162.9647,0.0,0.0,0.0,0.0,5,0,0,0,0,0,0,0,0.0,0.0,0.0,0.0,0.0,ny,ny
2026-02-18T17:32:54.632327,13162.9647,13162.9647,0.0,0.0,0.0,0.0,5,0,0,0,0,0,0,0,0.0,0.0,0.0,0.0,0.0,ny,ny
2026-02-18T17:32:55.396287,13162.9647,13162.9647,0.0,0.0,0.0,0.0,5,0,0,0,0,0,0,0,0.0,0.0,0.0,0.0,0.0,ny,ny
2026-02-18T17:34:20.389293,13162.9647,13162.9647,0.0,0.0,0.0,0.0,5,0,0,0,0,0,0,0,0.0,0.0,0.0,0.0,0.0,ny,ny
2026-02-18T17:34:21.165586,13162.9647,13162.9647,0.0,0.0,0.0,0.0,5,0,0,0,0,0,0,0,0.0,0.0,0.0,0.0,0.0,ny,ny
2026-02-18T17:35:38.753946,13162.9647,13162.9647,0.0,0.0,0.0,0.0,5,0,0,0,0,0,0,0,0.0,0.0,0.0,0.0,0.0,ny,ny
2026-02-18T17:35:39.684016,13162.9647,13162.9647,0.0,0.0,0.0,0.0,5,0,0,0,0,0,0,0,0.0,0.0,0.0,0.0,0.0,ny,ny
2026-02-18T17:37:11.640973,13162.9647,13162.9647,0.0,0.0,0.0,0.0,5,0,0,0,0,0,0,0,0.0,0.0,0.0,0.0,0.0,ny,ny
2026-02-18T17:37:12.358677,13162.9647,13162.9647,0.0,0.0,0.0,0.0,5,0,0,0,0,0,0,0,0.0,0.0,0.0,0.0,0.0,ny,ny
2026-02-18T17:38:31.109316,13162.9647,13162.9647,0.0,0.0,0.0,0.0,5,0,0,0,0,0,0,0,0.0,0.0,0.0,0.0,0.0,ny,ny
2026-02-18T17:38:31.828464,13162.9647,13162.9647,0.0,0.0,0.0,0.0,5,0,0,0,0,0,0,0,0.0,0.0,0.0,0.0,0.0,ny,ny
2026-02-18T17:40:02.548078,13162.9647,13162.9647,0.0,0.0,0.0,0.0,5,0,0,0,0,0,0,0,0.0,0.0,0.0,0.0,0.0,ny,ny
2026-02-18T17:40:03.548032,13162.9647,13162.9647,0.0,0.0,0.0,0.0,5,0,0,0,0,0,0,0,0.0,0.0,0.0,0.0,0.0,ny,ny
2026-02-18T17:41:24.890278,13162.9647,13162.9647,0.0,0.0,0.0,0.0,5,0,0,0,0,0,0,0,0.0,0.0,0.0,0.0,0.0,ny,ny
2026-02-18T17:41:25.733685,13162.9647,13162.9647,0.0,0.0,0.0,0.0,5,0,0,0,0,0,0,0,0.0,0.0,0.0,0.0,0.0,ny,ny
2026-02-18T17:43:03.557252,13162.9647,13162.9647,0.0,0.0,0.0,0.0,5,0,0,0,0,0,0,0,0.0,0.0,0.0,0.0,0.0,ny,ny
2026-02-18T17:43:04.366665,13162.9647,13162.9647,0.0,0.0,0.0,0.0,5,0,0,0,0,0,0,0,0.0,0.0,0.0,0.0,0.0,ny,ny
2026-02-18T17:44:24.374891,13162.9647,13162.9647,0.0,0.0,0.0,0.0,5,0,0,0,0,0,0,0,0.0,0.0,0.0,0.0,0.0,ny,ny
2026-02-18T17:44:25.126009,13162.9647,13162.9647,0.0,0.0,0.0,0.0,5,0,0,0,0,0,0,0,0.0,0.0,0.0,0.0,0.0,ny,ny
2026-02-18T17:45:38.269715,13162.9647,13162.9647,0.0,0.0,0.0,0.0,5,0,0,0,0,0,0,0,0.0,0.0,0.0,0.0,0.0,ny,ny
2026-02-18T17:45:38.980125,13162.9647,13162.9647,0.0,0.0,0.0,0.0,5,0,0,0,0,0,0,0,0.0,0.0,0.0,0.0,0.0,ny,ny
2026-02-18T17:47:16.896823,13162.9647,13162.9647,0.0,0.0,0.0,0.0,5,0,0,0,0,0,0,0,0.0,0.0,0.0,0.0,0.0,ny,ny
2026-02-18T17:47:17.656325,13162.9647,13162.9647,0.0,0.0,0.0,0.0,5,0,0,0,0,0,0,0,0.0,0.0,0.0,0.0,0.0,ny,ny
2026-02-18T17:48:50.962401,13162.9647,13162.9647,0.0,0.0,0.0,0.0,5,0,0,0,0,0,0,0,0.0,0.0,0.0,0.0,0.0,ny,ny
2026-02-18T17:48:51.706321,13162.9647,13162.9647,0.0,0.0,0.0,0.0,5,0,0,0,0,0,0,0,0.0,0.0,0.0,0.0,0.0,ny,ny
2026-02-18T17:50:12.345576,13162.9647,13162.9647,0.0,0.0,0.0,0.0,5,0,0,0,0,0,0,0,0.0,0.0,0.0,0.0,0.0,ny,ny
2026-02-18T17:50:13.126895,13162.9647,13162.9647,0.0,0.0,0.0,0.0,5,0,0,0,0,0,0,0,0.0,0.0,0.0,0.0,0.0,ny,ny
2026-02-18T17:51:50.121507,13162.9647,13162.9647,0.0,0.0,0.0,0.0,5,0,0,0,0,0,0,0,0.0,0.0,0.0,0.0,0.0,ny,ny
2026-02-18T17:51:50.870363,13162.9647,13162.9647,0.0,0.0,0.0,0.0,5,0,0,0,0,0,0,0,0.0,0.0,0.0,0.0,0.0,ny,ny
2026-02-18T17:53:11.952234,13162.9647,13162.9647,0.0,0.0,0.0,0.0,5,0,0,0,0,0,0,0,0.0,0.0,0.0,0.0,0.0,ny,ny
2026-02-18T17:53:12.639981,13162.9647,13162.9647,0.0,0.0,0.0,0.0,5,0,0,0,0,0,0,0,0.0,0.0,0.0,0.0,0.0,ny,ny
2026-02-18T17:54:46.419142,13162.9647,13162.9647,0.0,0.0,0.0,0.0,5,0,0,0,0,0,0,0,0.0,0.0,0.0,0.0,0.0,ny,ny
2026-02-18T17:54:47.186290,13162.9647,13162.9647,0.0,0.0,0.0,0.0,5,0,0,0,0,0,0,0,0.0,0.0,0.0,0.0,0.0,ny,ny
2026-02-18T17:56:10.261261,13162.9647,13162.9647,0.0,0.0,0.0,0.0,5,0,0,0,0,0,0,0,0.0,0.0,0.0,0.0,0.0,ny,ny
2026-02-18T17:56:11.019103,13162.9647,13162.9647,0.0,0.0,0.0,0.0,5,0,0,0,0,0,0,0,0.0,0.0,0.0,0.0,0.0,ny,ny
2026-02-18T17:57:26.429471,13162.9647,13162.9647,0.0,0.0,0.0,0.0,5,0,0,0,0,0,0,0,0.0,0.0,0.0,0.0,0.0,ny,ny
2026-02-18T17:57:27.156699,13162.9647,13162.9647,0.0,0.0,0.0,0.0,5,0,0,0,0,0,0,0,0.0,0.0,0.0,0.0,0.0,ny,ny
2026-02-18T17:59:01.274934,13162.9647,13162.9647,0.0,0.0,0.0,0.0,5,0,0,0,0,0,0,0,0.0,0.0,0.0,0.0,0.0,ny,ny
2026-02-18T17:59:02.059250,13162.9647,13162.9647,0.0,0.0,0.0,0.0,5,0,0,0,0,0,0,0,0.0,0.0,0.0,0.0,0.0,ny,ny
2026-02-18T18:00:54.218215,13162.9647,13162.9647,0.0,0.0,0.0,0.0,5,0,0,0,0,0,0,0,0.0,0.0,0.0,0.0,0.0,ny,ny
2026-02-18T18:00:54.967302,13162.9647,13162.9647,0.0,0.0,0.0,0.0,5,0,0,0,0,0,0,0,0.0,0.0,0.0,0.0,0.0,ny,ny
2026-02-18T18:03:13.949333,13162.9647,13162.9647,0.0,0.0,0.0,0.0,5,0,0,0,0,0,0,0,0.0,0.0,0.0,0.0,0.0,ny,ny
2026-02-18T18:03:14.726635,13162.9647,13162.9647,0.0,0.0,0.0,0.0,5,0,0,0,0,0,0,0,0.0,0.0,0.0,0.0,0.0,ny,ny
2026-02-18T18:05:14.629297,13162.9647,13162.9647,0.0,0.0,0.0,0.0,5,0,0,0,0,0,0,0,0.0,0.0,0.0,0.0,0.0,ny,ny
2026-02-18T18:05:15.426101,13162.9647,13162.9647,0.0,0.0,0.0,0.0,5,0,0,0,0,0,0,0,0.0,0.0,0.0,0.0,0.0,ny,ny
2026-02-18T18:07:19.444369,13162.9647,13162.9647,0.0,0.0,0.0,0.0,5,0,0,0,0,0,0,0,0.0,0.0,0.0,0.0,0.0,ny,ny
2026-02-18T18:07:20.220369,13162.9647,13162.9647,0.0,0.0,0.0,0.0,5,0,0,0,0,0,0,0,0.0,0.0,0.0,0.0,0.0,ny,ny
2026-02-18T18:09:27.070376,13162.9647,13162.9647,0.0,0.0,0.0,0.0,5,0,0,0,0,0,0,0,0.0,0.0,0.0,0.0,0.0,ny,ny
2026-02-18T18:09:27.814873,13162.9647,13162.9647,0.0,0.0,0.0,0.0,5,0,0,0,0,0,0,0,0.0,0.0,0.0,0.0,0.0,ny,ny
2026-02-18T18:11:49.258324,13162.9647,13162.9647,0.0,0.0,0.0,0.0,5,0,0,0,0,0,0,0,0.0,0.0,0.0,0.0,0.0,ny,ny
2026-02-18T18:11:50.100336,13162.9647,13162.9647,0.0,0.0,0.0,0.0,5,0,0,0,0,0,0,0,0.0,0.0,0.0,0.0,0.0,ny,ny
2026-02-18T18:13:57.999283,13162.9647,13162.9647,0.0,0.0,0.0,0.0,5,0,0,0,0,0,0,0,0.0,0.0,0.0,0.0,0.0,ny,ny
2026-02-18T18:13:58.837327,13162.9647,13162.9647,0.0,0.0,0.0,0.0,5,0,0,0,0,0,0,0,0.0,0.0,0.0,0.0,0.0,ny,ny
2026-02-18T18:15:59.636281,13162.9647,13162.9647,0.0,0.0,0.0,0.0,5,0,0,0,0,0,0,0,0.0,0.0,0.0,0.0,0.0,ny,ny
2026-02-18T18:16:00.421777,13162.9647,13162.9647,0.0,0.0,0.0,0.0,5,0,0,0,0,0,0,0,0.0,0.0,0.0,0.0,0.0,ny,ny
2026-02-18T18:18:04.949344,13162.9647,13162.9647,0.0,0.0,0.0,0.0,5,0,0,0,0,0,0,0,0.0,0.0,0.0,0.0,0.0,ny,ny
2026-02-18T18:18:05.764268,13162.9647,13162.9647,0.0,0.0,0.0,0.0,5,0,0,0,0,0,0,0,0.0,0.0,0.0,0.0,0.0,ny,ny
2026-02-18T18:20:16.324255,13162.9647,13162.9647,0.0,0.0,0.0,0.0,5,0,0,0,0,0,0,0,0.0,0.0,0.0,0.0,0.0,ny,ny
2026-02-18T18:20:17.081322,13162.9647,13162.9647,0.0,0.0,0.0,0.0,5,0,0,0,0,0,0,0,0.0,0.0,0.0,0.0,0.0,ny,ny
2026-02-18T18:22:28.199871,13162.9647,13162.9647,0.0,0.0,0.0,0.0,5,0,0,0,0,0,0,0,0.0,0.0,0.0,0.0,0.0,ny,ny
2026-02-18T18:22:28.996197,13162.9647,13162.9647,0.0,0.0,0.0,0.0,5,0,0,0,0,0,0,0,0.0,0.0,0.0,0.0,0.0,ny,ny
2026-02-18T18:24:43.470300,13162.9647,13162.9647,0.0,0.0,0.0,0.0,5,0,0,0,0,0,0,0,0.0,0.0,0.0,0.0,0.0,ny,ny
2026-02-18T18:24:44.273553,13162.9647,13162.9647,0.0,0.0,0.0,0.0,5,0,0,0,0,0,0,0,0.0,0.0,0.0,0.0,0.0,ny,ny
2026-02-18T18:26:53.071312,13162.9647,13162.9647,0.0,0.0,0.0,0.0,5,0,0,0,0,0,0,0,0.0,0.0,0.0,0.0,0.0,ny,ny
2026-02-18T18:26:53.849355,13162.9647,13162.9647,0.0,0.0,0.0,0.0,5,0,0,0,0,0,0,0,0.0,0.0,0.0,0.0,0.0,ny,ny
2026-02-18T18:28:56.754325,13162.9647,13162.9647,0.0,0.0,0.0,0.0,5,0,0,0,0,0,0,0,0.0,0.0,0.0,0.0,0.0,ny,ny
2026-02-18T18:28:57.576399,13162.9647,13162.9647,0.0,0.0,0.0,0.0,5,0,0,0,0,0,0,0,0.0,0.0,0.0,0.0,0.0,ny,ny
2026-02-18T18:31:08.646421,13162.9647,13162.9647,0.0,0.0,0.0,0.0,5,0,0,0,0,0,0,0,0.0,0.0,0.0,0.0,0.0,ny,ny
2026-02-18T18:31:09.443290,13162.9647,13162.9647,0.0,0.0,0.0,0.0,5,0,0,0,0,0,0,0,0.0,0.0,0.0,0.0,0.0,ny,ny
2026-02-18T18:33:22.348488,13162.9647,13162.9647,0.0,0.0,0.0,0.0,5,0,0,0,0,0,0,0,0.0,0.0,0.0,0.0,0.0,ny,ny
2026-02-18T18:33:23.120318,13162.9647,13162.9647,0.0,0.0,0.0,0.0,5,0,0,0,0,0,0,0,0.0,0.0,0.0,0.0,0.0,ny,ny
2026-02-18T18:35:28.883285,13162.9647,13162.9647,0.0,0.0,0.0,0.0,5,0,0,0,0,0,0,0,0.0,0.0,0.0,0.0,0.0,ny,ny
2026-02-18T18:35:29.667313,13162.9647,13162.9647,0.0,0.0,0.0,0.0,5,0,0,0,0,0,0,0,0.0,0.0,0.0,0.0,0.0,ny,ny
2026-02-18T18:37:34.407539,13162.9647,13162.9647,0.0,0.0,0.0,0.0,5,0,0,0,0,0,0,0,0.0,0.0,0.0,0.0,0.0,ny,ny
2026-02-18T18:37:35.204592,13162.9647,13162.9647,0.0,0.0,0.0,0.0,5,0,0,0,0,0,0,0,0.0,0.0,0.0,0.0,0.0,ny,ny
2026-02-18T18:39:34.663299,13162.9647,13162.9647,0.0,0.0,0.0,0.0,5,0,0,0,0,0,0,0,0.0,0.0,0.0,0.0,0.0,ny,ny
2026-02-18T18:39:35.419426,13162.9647,13162.9647,0.0,0.0,0.0,0.0,5,0,0,0,0,0,0,0,0.0,0.0,0.0,0.0,0.0,ny,ny
2026-02-18T18:41:32.798271,13162.9647,13162.9647,0.0,0.0,0.0,0.0,5,0,0,0,0,0,0,0,0.0,0.0,0.0,0.0,0.0,ny,ny
2026-02-18T18:41:33.620281,13162.9647,13162.9647,0.0,0.0,0.0,0.0,5,0,0,0,0,0,0,0,0.0,0.0,0.0,0.0,0.0,ny,ny
2026-02-18T18:43:51.970274,13162.9647,13162.9647,0.0,0.0,0.0,0.0,5,0,0,0,0,0,0,0,0.0,0.0,0.0,0.0,0.0,ny,ny
2026-02-18T18:43:52.790781,13162.9647,13162.9647,0.0,0.0,0.0,0.0,5,0,0,0,0,0,0,0,0.0,0.0,0.0,0.0,0.0,ny,ny
2026-02-18T18:46:06.871908,13162.9647,13162.9647,0.0,0.0,0.0,0.0,5,0,0,0,0,0,0,0,0.0,0.0,0.0,0.0,0.0,ny,ny
2026-02-18T18:46:07.681129,13162.9647,13162.9647,0.0,0.0,0.0,0.0,5,0,0,0,0,0,0,0,0.0,0.0,0.0,0.0,0.0,ny,ny
2026-02-18T18:48:13.885367,13162.9647,13162.9647,0.0,0.0,0.0,0.0,5,0,0,0,0,0,0,0,0.0,0.0,0.0,0.0,0.0,ny,ny
2026-02-18T18:48:14.671169,13162.9647,13162.9647,0.0,0.0,0.0,0.0,5,0,0,0,0,0,0,0,0.0,0.0,0.0,0.0,0.0,ny,ny
2026-02-18T18:49:42.260257,13162.9647,13162.9647,0.0,0.0,0.0,0.0,5,0,0,0,0,0,0,0,0.0,0.0,0.0,0.0,0.0,ny,ny
2026-02-18T18:49:43.006730,13162.9647,13162.9647,0.0,0.0,0.0,0.0,5,0,0,0,0,0,0,0,0.0,0.0,0.0,0.0,0.0,ny,ny
2026-02-18T18:50:59.982413,13162.9647,13162.9647,0.0,0.0,0.0,0.0,5,0,0,0,0,0,0,0,0.0,0.0,0.0,0.0,0.0,ny,ny
2026-02-18T18:51:00.732115,13162.9647,13162.9647,0.0,0.0,0.0,0.0,5,0,0,0,0,0,0,0,0.0,0.0,0.0,0.0,0.0,ny,ny
2026-02-18T18:52:20.516949,13162.9647,13162.9647,0.0,0.0,0.0,0.0,5,0,0,0,0,0,0,0,0.0,0.0,0.0,0.0,0.0,ny,ny
2026-02-18T18:52:21.295326,13162.9647,13162.9647,0.0,0.0,0.0,0.0,5,0,0,0,0,0,0,0,0.0,0.0,0.0,0.0,0.0,ny,ny
2026-02-18T18:53:57.547864,13162.9647,13162.9647,0.0,0.0,0.0,0.0,5,0,0,0,0,0,0,0,0.0,0.0,0.0,0.0,0.0,ny,ny
2026-02-18T18:53:58.352260,13162.9647,13162.9647,0.0,0.0,0.0,0.0,5,0,0,0,0,0,0,0,0.0,0.0,0.0,0.0,0.0,ny,ny
2026-02-18T18:55:20.035583,13162.9647,13162.9647,0.0,0.0,0.0,0.0,5,0,0,0,0,0,0,0,0.0,0.0,0.0,0.0,0.0,ny,ny
2026-02-18T18:55:20.800194,13162.9647,13162.9647,0.0,0.0,0.0,0.0,5,0,0,0,0,0,0,0,0.0,0.0,0.0,0.0,0.0,ny,ny
2026-02-18T18:56:47.315956,13162.9647,13162.9647,0.0,0.0,0.0,0.0,5,0,0,0,0,0,0,0,0.0,0.0,0.0,0.0,0.0,ny,ny
2026-02-18T18:56:48.161270,13162.9647,13162.9647,0.0,0.0,0.0,0.0,5,0,0,0,0,0,0,0,0.0,0.0,0.0,0.0,0.0,ny,ny
2026-02-18T18:58:17.617400,13162.9647,13162.9647,0.0,0.0,0.0,0.0,5,0,0,0,0,0,0,0,0.0,0.0,0.0,0.0,0.0,ny,ny
2026-02-18T18:58:18.388804,13162.9647,13162.9647,0.0,0.0,0.0,0.0,5,0,0,0,0,0,0,0,0.0,0.0,0.0,0.0,0.0,ny,ny
2026-02-18T18:59:52.285830,13162.9647,13162.9647,0.0,0.0,0.0,0.0,5,0,0,0,0,0,0,0,0.0,0.0,0.0,0.0,0.0,ny,ny
2026-02-18T18:59:52.993667,13162.9647,13162.9647,0.0,0.0,0.0,0.0,5,0,0,0,0,0,0,0,0.0,0.0,0.0,0.0,0.0,ny,ny
2026-02-18T19:01:55.764271,13162.9647,13162.9647,0.0,0.0,0.0,0.0,5,0,0,0,0,0,0,0,0.0,0.0,0.0,0.0,0.0,ny,ny
2026-02-18T19:01:56.615354,13162.9647,13162.9647,0.0,0.0,0.0,0.0,5,0,0,0,0,0,0,0,0.0,0.0,0.0,0.0,0.0,ny,ny
2026-02-18T19:03:53.186278,13162.9647,13162.9647,0.0,0.0,0.0,0.0,5,0,0,0,0,0,0,0,0.0,0.0,0.0,0.0,0.0,ny,ny
2026-02-18T19:03:53.966276,13162.9647,13162.9647,0.0,0.0,0.0,0.0,5,0,0,0,0,0,0,0,0.0,0.0,0.0,0.0,0.0,ny,ny
2026-02-18T19:05:51.726270,13162.9647,13162.9647,0.0,0.0,0.0,0.0,5,0,0,0,0,0,0,0,0.0,0.0,0.0,0.0,0.0,,
2026-02-18T19:30:34.021927,13162.9647,13162.9647,0.0,0.0,0.0,0.0,5,0,0,0,0,0,0,0,0.0,0.0,0.0,0.0,0.0,ny,ny
2026-02-18T19:30:34.730364,13162.9647,13162.9647,0.0,0.0,0.0,0.0,5,0,0,0,0,0,0,0,0.0,0.0,0.0,0.0,0.0,ny,ny
2026-02-18T19:32:03.374086,13162.9647,13162.9647,0.0,0.0,0.0,0.0,5,0,0,0,0,0,0,0,0.0,0.0,0.0,0.0,0.0,ny,ny
2026-02-18T19:32:04.126243,13162.9647,13162.9647,0.0,0.0,0.0,0.0,5,0,0,0,0,0,0,0,0.0,0.0,0.0,0.0,0.0,ny,ny
2026-02-18T19:33:47.729599,13162.9647,13162.9647,0.0,0.0,0.0,0.0,5,0,0,0,0,0,0,0,0.0,0.0,0.0,0.0,0.0,ny,ny
2026-02-18T19:33:48.466163,13162.9647,13162.9647,0.0,0.0,0.0,0.0,5,0,0,0,0,0,0,0,0.0,0.0,0.0,0.0,0.0,ny,ny
2026-02-18T19:35:20.072502,13162.9647,13162.9647,0.0,0.0,0.0,0.0,5,0,0,0,0,0,0,0,0.0,0.0,0.0,0.0,0.0,ny,ny
2026-02-18T19:35:20.839508,13162.9647,13162.9647,0.0,0.0,0.0,0.0,5,0,0,0,0,0,0,0,0.0,0.0,0.0,0.0,0.0,ny,ny
2026-02-18T19:36:39.893788,13162.9647,13162.9647,0.0,0.0,0.0,0.0,5,0,0,0,0,0,0,0,0.0,0.0,0.0,0.0,0.0,ny,ny
2026-02-18T19:36:40.595204,13162.9647,13162.9647,0.0,0.0,0.0,0.0,5,0,0,0,0,0,0,0,0.0,0.0,0.0,0.0,0.0,ny,ny
2026-02-18T19:38:11.820496,13162.9647,13162.9647,0.0,0.0,0.0,0.0,5,0,0,0,0,0,0,0,0.0,0.0,0.0,0.0,0.0,ny,ny
2026-02-18T19:38:12.575879,13162.9647,13162.9647,0.0,0.0,0.0,0.0,5,0,0,0,0,0,0,0,0.0,0.0,0.0,0.0,0.0,ny,ny
2026-02-18T19:39:50.358294,13162.9647,13162.9647,0.0,0.0,0.0,0.0,5,0,0,0,0,0,0,0,0.0,0.0,0.0,0.0,0.0,ny,ny
2026-02-18T19:39:51.176310,13162.9647,13162.9647,0.0,0.0,0.0,0.0,5,0,0,0,0,0,0,0,0.0,0.0,0.0,0.0,0.0,ny,ny
2026-02-18T19:41:15.520378,13162.9647,13162.9647,0.0,0.0,0.0,0.0,5,0,0,0,0,0,0,0,0.0,0.0,0.0,0.0,0.0,ny,ny
2026-02-18T19:41:16.346331,13162.9647,13162.9647,0.0,0.0,0.0,0.0,5,0,0,0,0,0,0,0,0.0,0.0,0.0,0.0,0.0,ny,ny
2026-02-18T19:42:46.061116,13162.9647,13162.9647,0.0,0.0,0.0,0.0,5,0,0,0,0,0,0,0,0.0,0.0,0.0,0.0,0.0,ny,ny
2026-02-18T19:42:46.814019,13162.9647,13162.9647,0.0,0.0,0.0,0.0,5,0,0,0,0,0,0,0,0.0,0.0,0.0,0.0,0.0,ny,ny
2026-02-18T19:44:19.011349,13162.9647,13162.9647,0.0,0.0,0.0,0.0,5,0,0,0,0,0,0,0,0.0,0.0,0.0,0.0,0.0,ny,ny
2026-02-18T19:44:19.784299,13162.9647,13162.9647,0.0,0.0,0.0,0.0,5,0,0,0,0,0,0,0,0.0,0.0,0.0,0.0,0.0,ny,ny
2026-02-18T19:45:58.094740,13162.9647,13162.9647,0.0,0.0,0.0,0.0,5,0,0,0,0,0,0,0,0.0,0.0,0.0,0.0,0.0,ny,ny
2026-02-18T19:45:58.895238,13162.9647,13162.9647,0.0,0.0,0.0,0.0,5,0,0,0,0,0,0,0,0.0,0.0,0.0,0.0,0.0,ny,ny
2026-02-18T19:47:33.290301,13162.9647,13162.9647,0.0,0.0,0.0,0.0,5,0,0,0,0,0,0,0,0.0,0.0,0.0,0.0,0.0,ny,ny
2026-02-18T19:47:36.100653,13162.9647,13162.9647,0.0,0.0,0.0,0.0,5,0,0,0,0,0,0,0,0.0,0.0,0.0,0.0,0.0,ny,ny
2026-02-18T19:49:03.501465,13162.9647,13162.9647,0.0,0.0,0.0,0.0,5,0,0,0,0,0,0,0,0.0,0.0,0.0,0.0,0.0,ny,ny
2026-02-18T19:49:04.295328,13162.9647,13162.9647,0.0,0.0,0.0,0.0,5,0,0,0,0,0,0,0,0.0,0.0,0.0,0.0,0.0,ny,ny
2026-02-18T19:50:36.217022,13162.9647,13162.9647,0.0,0.0,0.0,0.0,5,0,0,0,0,0,0,0,0.0,0.0,0.0,0.0,0.0,ny,ny
2026-02-18T19:50:37.083442,13162.9647,13162.9647,0.0,0.0,0.0,0.0,5,0,0,0,0,0,0,0,0.0,0.0,0.0,0.0,0.0,ny,ny
2026-02-18T19:52:00.545181,13162.9647,13162.9647,0.0,0.0,0.0,0.0,5,0,0,0,0,0,0,0,0.0,0.0,0.0,0.0,0.0,ny,ny
2026-02-18T19:52:01.334331,13162.9647,13162.9647,0.0,0.0,0.0,0.0,5,0,0,0,0,0,0,0,0.0,0.0,0.0,0.0,0.0,ny,ny
2026-02-18T19:53:42.403498,13162.9647,13162.9647,0.0,0.0,0.0,0.0,5,0,0,0,0,0,0,0,0.0,0.0,0.0,0.0,0.0,ny,ny
2026-02-18T19:53:43.106948,13162.9647,13162.9647,0.0,0.0,0.0,0.0,5,0,0,0,0,0,0,0,0.0,0.0,0.0,0.0,0.0,ny,ny
2026-02-18T19:55:13.475583,13162.9647,13162.9647,0.0,0.0,0.0,0.0,5,0,0,0,0,0,0,0,0.0,0.0,0.0,0.0,0.0,ny,ny
2026-02-18T19:55:14.259354,13162.9647,13162.9647,0.0,0.0,0.0,0.0,5,0,0,0,0,0,0,0,0.0,0.0,0.0,0.0,0.0,ny,ny
2026-02-18T19:56:36.305284,13162.9647,13162.9647,0.0,0.0,0.0,0.0,5,0,0,0,0,0,0,0,0.0,0.0,0.0,0.0,0.0,,
2026-02-18T20:22:29.826384,13162.9647,13162.9647,0.0,0.0,0.0,0.0,5,0,0,0,0,0,0,0,0.0,0.0,0.0,0.0,0.0,,
2026-02-18T20:40:37.446676,13162.9647,13162.9647,0.0,0.0,0.0,0.0,5,0,0,0,0,0,0,0,0.0,0.0,0.0,0.0,0.0,ny,ny
2026-02-18T20:40:38.269337,13162.9647,13162.9647,0.0,0.0,0.0,0.0,5,0,0,0,0,0,0,0,0.0,0.0,0.0,0.0,0.0,ny,ny
2026-02-18T20:41:45.465351,13162.9647,13162.9647,0.0,0.0,0.0,0.0,5,0,0,0,0,0,0,0,0.0,0.0,0.0,0.0,0.0,,
2026-02-18T20:59:16.417655,13162.9647,13162.9647,0.0,0.0,0.0,0.0,5,0,0,0,0,0,0,0,0.0,0.0,0.0,0.0,0.0,ny,ny
2026-02-18T20:59:17.194342,13162.9647,13162.9647,0.0,0.0,0.0,0.0,5,0,0,0,0,0,0,0,0.0,0.0,0.0,0.0,0.0,ny,ny
2026-02-18T21:01:05.941299,13162.9647,13162.9647,0.0,0.0,0.0,0.0,5,0,0,0,0,0,0,0,0.0,0.0,0.0,0.0,0.0,ny,ny
2026-02-18T21:01:06.825656,13162.9647,13162.9647,0.0,0.0,0.0,0.0,5,0,0,0,0,0,0,0,0.0,0.0,0.0,0.0,0.0,ny,ny
2026-02-18T21:03:00.551315,13162.9647,13162.9647,0.0,0.0,0.0,0.0,5,0,0,0,0,0,0,0,0.0,0.0,0.0,0.0,0.0,ny,ny
2026-02-18T21:03:01.325254,13162.9647,13162.9647,0.0,0.0,0.0,0.0,5,0,0,0,0,0,0,0,0.0,0.0,0.0,0.0,0.0,ny,ny
2026-02-18T21:04:59.928207,13162.9647,13162.9647,0.0,0.0,0.0,0.0,5,0,0,0,0,0,0,0,0.0,0.0,0.0,0.0,0.0,ny,ny
2026-02-18T21:05:00.721327,13162.9647,13162.9647,0.0,0.0,0.0,0.0,5,0,0,0,0,0,0,0,0.0,0.0,0.0,0.0,0.0,ny,ny
2026-02-18T21:07:03.967288,13162.9647,13162.9647,0.0,0.0,0.0,0.0,5,0,0,0,0,0,0,0,0.0,0.0,0.0,0.0,0.0,ny,ny
2026-02-18T21:07:04.714320,13162.9647,13162.9647,0.0,0.0,0.0,0.0,5,0,0,0,0,0,0,0,0.0,0.0,0.0,0.0,0.0,ny,ny
2026-02-18T21:08:54.808306,13162.9647,13162.9647,0.0,0.0,0.0,0.0,5,0,0,0,0,0,0,0,0.0,0.0,0.0,0.0,0.0,ny,ny
2026-02-18T21:08:55.543365,13162.9647,13162.9647,0.0,0.0,0.0,0.0,5,0,0,0,0,0,0,0,0.0,0.0,0.0,0.0,0.0,ny,ny
2026-02-18T21:10:49.853890,13162.9647,13162.9647,0.0,0.0,0.0,0.0,5,0,0,0,0,0,0,0,0.0,0.0,0.0,0.0,0.0,ny,ny
2026-02-18T21:10:50.642313,13162.9647,13162.9647,0.0,0.0,0.0,0.0,5,0,0,0,0,0,0,0,0.0,0.0,0.0,0.0,0.0,ny,ny
2026-02-18T21:12:45.608281,13162.9647,13162.9647,0.0,0.0,0.0,0.0,5,0,0,0,0,0,0,0,0.0,0.0,0.0,0.0,0.0,ny,ny
2026-02-18T21:12:46.357294,13162.9647,13162.9647,0.0,0.0,0.0,0.0,5,0,0,0,0,0,0,0,0.0,0.0,0.0,0.0,0.0,ny,ny
2026-02-18T21:14:39.404072,13162.9647,13162.9647,0.0,0.0,0.0,0.0,5,0,0,0,0,0,0,0,0.0,0.0,0.0,0.0,0.0,ny,ny
2026-02-18T21:14:40.169336,13162.9647,13162.9647,0.0,0.0,0.0,0.0,5,0,0,0,0,0,0,0,0.0,0.0,0.0,0.0,0.0,ny,ny
2026-02-18T21:16:38.239442,13162.9647,13162.9647,0.0,0.0,0.0,0.0,5,0,0,0,0,0,0,0,0.0,0.0,0.0,0.0,0.0,ny,ny
2026-02-18T21:16:39.065315,13162.9647,13162.9647,0.0,0.0,0.0,0.0,5,0,0,0,0,0,0,0,0.0,0.0,0.0,0.0,0.0,ny,ny
2026-02-18T21:18:41.656315,13162.9647,13162.9647,0.0,0.0,0.0,0.0,5,0,0,0,0,0,0,0,0.0,0.0,0.0,0.0,0.0,ny,ny
2026-02-18T21:18:42.434302,13162.9647,13162.9647,0.0,0.0,0.0,0.0,5,0,0,0,0,0,0,0,0.0,0.0,0.0,0.0,0.0,ny,ny
2026-02-18T21:20:40.882278,13162.9647,13162.9647,0.0,0.0,0.0,0.0,5,0,0,0,0,0,0,0,0.0,0.0,0.0,0.0,0.0,,
2026-02-18T21:39:13.572457,13162.9647,13162.9647,0.0,0.0,0.0,0.0,5,0,0,0,0,0,0,0,0.0,0.0,0.0,0.0,0.0,ny,ny
2026-02-18T21:39:14.309945,13162.9647,13162.9647,0.0,0.0,0.0,0.0,5,0,0,0,0,0,0,0,0.0,0.0,0.0,0.0,0.0,ny,ny
2026-02-18T21:40:36.013255,13162.9647,13162.9647,0.0,0.0,0.0,0.0,5,0,0,0,0,0,0,0,0.0,0.0,0.0,0.0,0.0,,
2026-02-18T21:57:46.611562,13162.9647,13162.9647,0.0,0.0,0.0,0.0,5,0,0,0,0,0,0,0,0.0,0.0,0.0,0.0,0.0,ny,ny
2026-02-18T21:57:47.357209,13162.9647,13162.9647,0.0,0.0,0.0,0.0,5,0,0,0,0,0,0,0,0.0,0.0,0.0,0.0,0.0,ny,ny
2026-02-18T21:58:54.215244,13162.9647,13162.9647,0.0,0.0,0.0,0.0,5,0,0,0,0,0,0,0,0.0,0.0,0.0,0.0,0.0,,
2026-02-18T22:49:52.549209,13161.0226,13161.0226,0.0,0.0,-1.9421000000002095,-0.014754274924099807,5,0,0,0,0,0,0,0,0.0,0.00014754274924099806,0.00014754274924099806,0.0,0.0,,
2026-02-18T23:47:18.275284,13161.0226,13161.0226,0.0,0.0,-1.9421000000002095,-0.014754274924099807,5,0,0,0,0,0,0,0,0.0,0.00014754274924099806,0.00014754274924099806,0.0,0.0,,
2026-02-19T00:21:32.349327,13161.0226,13161.0226,0.0,0.0,-1.9421000000002095,-0.014754274924099807,5,0,0,0,0,0,0,0,0.0,0.00014754274924099806,0.00014754274924099806,0.0,0.0,,
2026-02-19T00:38:30.348322,13161.0226,13161.0226,0.0,0.0,-1.9421000000002095,-0.014754274924099807,5,0,0,0,0,0,0,0,0.0,0.00014754274924099806,0.00014754274924099806,0.0,0.0,tokyo,tokyo
2026-02-19T00:38:31.077806,13161.0226,13161.0226,0.0,0.0,-1.9421000000002095,-0.014754274924099807,5,0,0,0,0,0,0,0,0.0,0.00014754274924099806,0.00014754274924099806,0.0,0.0,tokyo,tokyo
2026-02-19T00:39:44.680340,13161.0226,13161.0226,0.0,0.0,0.0,0.0,5,0,0,0,0,0,0,0,0.0,0.0,0.0,0.0,0.0,,
2026-02-19T00:58:15.521074,13161.0226,13161.0226,0.0,0.0,0.0,0.0,5,0,0,0,0,0,0,0,0.0,0.0,0.0,0.0,0.0,tokyo,tokyo
2026-02-19T00:58:16.265070,13161.0226,13161.0226,0.0,0.0,0.0,0.0,5,0,0,0,0,0,0,0,0.0,0.0,0.0,0.0,0.0,tokyo,tokyo
2026-02-19T00:59:43.788011,13161.0226,13161.0226,0.0,0.0,0.0,0.0,5,0,0,0,0,0,0,0,0.0,0.0,0.0,0.0,0.0,,
2026-02-19T01:24:56.618038,13161.0226,13161.0226,0.0,0.0,0.0,0.0,5,0,0,0,0,0,0,0,0.0,0.0,0.0,0.0,0.0,tokyo,tokyo
2026-02-19T01:24:57.336921,13161.0226,13161.0226,0.0,0.0,0.0,0.0,5,0,0,0,0,0,0,0,0.0,0.0,0.0,0.0,0.0,tokyo,tokyo
2026-02-19T01:26:19.727246,13161.0226,13161.0226,0.0,0.0,0.0,0.0,5,0,0,0,0,0,0,0,0.0,0.0,0.0,0.0,0.0,tokyo,tokyo
2026-02-19T01:26:20.417323,13161.0226,13161.0226,0.0,0.0,0.0,0.0,5,0,0,0,0,0,0,0,0.0,0.0,0.0,0.0,0.0,tokyo,tokyo
2026-02-19T01:27:40.712017,13161.0226,13161.0226,0.0,0.0,0.0,0.0,5,0,0,0,0,0,0,0,0.0,0.0,0.0,0.0,0.0,tokyo,tokyo
2026-02-19T01:27:41.447802,13161.0226,13161.0226,0.0,0.0,0.0,0.0,5,0,0,0,0,0,0,0,0.0,0.0,0.0,0.0,0.0,tokyo,tokyo
2026-02-19T01:29:00.196747,13161.0226,13161.0226,0.0,0.0,0.0,0.0,5,0,0,0,0,0,0,0,0.0,0.0,0.0,0.0,0.0,tokyo,tokyo
2026-02-19T01:29:00.992312,13161.0226,13161.0226,0.0,0.0,0.0,0.0,5,0,0,0,0,0,0,0,0.0,0.0,0.0,0.0,0.0,tokyo,tokyo
2026-02-19T01:30:26.809655,13161.0226,13161.0226,0.0,0.0,0.0,0.0,5,0,0,0,0,0,0,0,0.0,0.0,0.0,0.0,0.0,tokyo,tokyo
2026-02-19T01:30:27.522574,13161.0226,13161.0226,0.0,0.0,0.0,0.0,5,0,0,0,0,0,0,0,0.0,0.0,0.0,0.0,0.0,tokyo,tokyo
2026-02-19T01:31:50.291219,13161.0226,13161.0226,0.0,0.0,0.0,0.0,5,0,0,0,0,0,0,0,0.0,0.0,0.0,0.0,0.0,tokyo,tokyo
2026-02-19T01:31:50.978284,13161.0226,13161.0226,0.0,0.0,0.0,0.0,5,0,0,0,0,0,0,0,0.0,0.0,0.0,0.0,0.0,tokyo,tokyo
2026-02-19T01:33:05.236103,13161.0226,13161.0226,0.0,0.0,0.0,0.0,5,0,0,0,0,0,0,0,0.0,0.0,0.0,0.0,0.0,tokyo,tokyo
2026-02-19T01:33:05.959340,13161.0226,13161.0226,0.0,0.0,0.0,0.0,5,0,0,0,0,0,0,0,0.0,0.0,0.0,0.0,0.0,tokyo,tokyo
2026-02-19T01:34:22.909016,13161.0226,13161.0226,0.0,0.0,0.0,0.0,5,0,0,0,0,0,0,0,0.0,0.0,0.0,0.0,0.0,tokyo,tokyo
2026-02-19T01:34:23.674805,13161.0226,13161.0226,0.0,0.0,0.0,0.0,5,0,0,0,0,0,0,0,0.0,0.0,0.0,0.0,0.0,tokyo,tokyo
2026-02-19T01:35:58.632678,13161.0226,13161.0226,0.0,0.0,0.0,0.0,5,0,0,0,0,0,0,0,0.0,0.0,0.0,0.0,0.0,tokyo,tokyo
2026-02-19T01:35:59.416776,13161.0226,13161.0226,0.0,0.0,0.0,0.0,5,0,0,0,0,0,0,0,0.0,0.0,0.0,0.0,0.0,tokyo,tokyo
2026-02-19T01:37:24.895279,13161.0226,13161.0226,0.0,0.0,0.0,0.0,5,0,0,0,0,0,0,0,0.0,0.0,0.0,0.0,0.0,tokyo,tokyo
2026-02-19T01:37:25.701279,13161.0226,13161.0226,0.0,0.0,0.0,0.0,5,0,0,0,0,0,0,0,0.0,0.0,0.0,0.0,0.0,tokyo,tokyo
2026-02-19T01:38:44.251620,13161.0226,13161.0226,0.0,0.0,0.0,0.0,5,0,0,0,0,0,0,0,0.0,0.0,0.0,0.0,0.0,tokyo,tokyo
2026-02-19T01:38:45.001121,13161.0226,13161.0226,0.0,0.0,0.0,0.0,5,0,0,0,0,0,0,0,0.0,0.0,0.0,0.0,0.0,tokyo,tokyo
2026-02-19T01:40:09.418303,13161.0226,13161.0226,0.0,0.0,0.0,0.0,5,0,0,0,0,0,0,0,0.0,0.0,0.0,0.0,0.0,tokyo,tokyo
2026-02-19T01:40:10.193807,13161.0226,13161.0226,0.0,0.0,0.0,0.0,5,0,0,0,0,0,0,0,0.0,0.0,0.0,0.0,0.0,tokyo,tokyo
2026-02-19T01:41:28.989839,13161.0226,13161.0226,0.0,0.0,0.0,0.0,5,0,0,0,0,0,0,0,0.0,0.0,0.0,0.0,0.0,tokyo,tokyo
2026-02-19T01:41:29.717678,13161.0226,13161.0226,0.0,0.0,0.0,0.0,5,0,0,0,0,0,0,0,0.0,0.0,0.0,0.0,0.0,tokyo,tokyo
2026-02-19T01:42:58.057477,13161.0226,13161.0226,0.0,0.0,0.0,0.0,5,0,0,0,0,0,0,0,0.0,0.0,0.0,0.0,0.0,tokyo,tokyo
2026-02-19T01:42:58.794487,13161.0226,13161.0226,0.0,0.0,0.0,0.0,5,0,0,0,0,0,0,0,0.0,0.0,0.0,0.0,0.0,tokyo,tokyo
2026-02-19T01:44:25.776888,13161.0226,13161.0226,0.0,0.0,0.0,0.0,5,0,0,0,0,0,0,0,0.0,0.0,0.0,0.0,0.0,tokyo,tokyo
2026-02-19T01:44:26.500519,13161.0226,13161.0226,0.0,0.0,0.0,0.0,5,0,0,0,0,0,0,0,0.0,0.0,0.0,0.0,0.0,tokyo,tokyo
2026-02-19T01:45:44.548925,13161.0226,13161.0226,0.0,0.0,0.0,0.0,5,0,0,0,0,0,0,0,0.0,0.0,0.0,0.0,0.0,tokyo,tokyo
2026-02-19T01:45:45.251277,13161.0226,13161.0226,0.0,0.0,0.0,0.0,5,0,0,0,0,0,0,0,0.0,0.0,0.0,0.0,0.0,tokyo,tokyo
2026-02-19T01:47:02.547181,13161.0226,13161.0226,0.0,0.0,0.0,0.0,5,0,0,0,0,0,0,0,0.0,0.0,0.0,0.0,0.0,tokyo,tokyo
2026-02-19T01:47:03.286307,13161.0226,13161.0226,0.0,0.0,0.0,0.0,5,0,0,0,0,0,0,0,0.0,0.0,0.0,0.0,0.0,tokyo,tokyo
2026-02-19T01:48:36.467290,13161.0226,13161.0226,0.0,0.0,0.0,0.0,5,0,0,0,0,0,0,0,0.0,0.0,0.0,0.0,0.0,tokyo,tokyo
2026-02-19T01:48:37.250945,13161.0226,13161.0226,0.0,0.0,0.0,0.0,5,0,0,0,0,0,0,0,0.0,0.0,0.0,0.0,0.0,tokyo,tokyo
2026-02-19T01:50:06.292942,13161.0226,13161.0226,0.0,0.0,0.0,0.0,5,0,0,0,0,0,0,0,0.0,0.0,0.0,0.0,0.0,tokyo,tokyo
2026-02-19T01:50:07.004195,13161.0226,13161.0226,0.0,0.0,0.0,0.0,5,0,0,0,0,0,0,0,0.0,0.0,0.0,0.0,0.0,tokyo,tokyo
2026-02-19T01:51:30.786937,13161.0226,13161.0226,0.0,0.0,0.0,0.0,5,0,0,0,0,0,0,0,0.0,0.0,0.0,0.0,0.0,tokyo,tokyo
2026-02-19T01:51:31.576407,13161.0226,13161.0226,0.0,0.0,0.0,0.0,5,0,0,0,0,0,0,0,0.0,0.0,0.0,0.0,0.0,tokyo,tokyo
2026-02-19T01:52:54.378842,13161.0226,13161.0226,0.0,0.0,0.0,0.0,5,0,0,0,0,0,0,0,0.0,0.0,0.0,0.0,0.0,tokyo,tokyo
2026-02-19T01:52:55.068303,13161.0226,13161.0226,0.0,0.0,0.0,0.0,5,0,0,0,0,0,0,0,0.0,0.0,0.0,0.0,0.0,tokyo,tokyo
2026-02-19T01:54:21.237205,13161.0226,13161.0226,0.0,0.0,0.0,0.0,5,0,0,0,0,0,0,0,0.0,0.0,0.0,0.0,0.0,tokyo,tokyo
2026-02-19T01:54:21.937075,13161.0226,13161.0226,0.0,0.0,0.0,0.0,5,0,0,0,0,0,0,0,0.0,0.0,0.0,0.0,0.0,tokyo,tokyo
2026-02-19T01:55:39.172482,13161.0226,13161.0226,0.0,0.0,0.0,0.0,5,0,0,0,0,0,0,0,0.0,0.0,0.0,0.0,0.0,tokyo,tokyo
2026-02-19T01:55:39.875834,13161.0226,13161.0226,0.0,0.0,0.0,0.0,5,0,0,0,0,0,0,0,0.0,0.0,0.0,0.0,0.0,tokyo,tokyo
2026-02-19T01:56:54.180611,13161.0226,13161.0226,0.0,0.0,0.0,0.0,5,0,0,0,0,0,0,0,0.0,0.0,0.0,0.0,0.0,tokyo,tokyo
2026-02-19T01:56:54.919597,13161.0226,13161.0226,0.0,0.0,0.0,0.0,5,0,0,0,0,0,0,0,0.0,0.0,0.0,0.0,0.0,tokyo,tokyo
2026-02-19T01:58:15.333168,13161.0226,13161.0226,0.0,0.0,0.0,0.0,5,0,0,0,0,0,0,0,0.0,0.0,0.0,0.0,0.0,tokyo,tokyo
2026-02-19T01:58:16.027284,13161.0226,13161.0226,0.0,0.0,0.0,0.0,5,0,0,0,0,0,0,0,0.0,0.0,0.0,0.0,0.0,tokyo,tokyo
2026-02-19T01:59:39.342537,13161.0226,13161.0226,0.0,0.0,0.0,0.0,5,0,0,0,0,0,0,0,0.0,0.0,0.0,0.0,0.0,tokyo,tokyo
2026-02-19T01:59:40.038309,13161.0226,13161.0226,0.0,0.0,0.0,0.0,5,0,0,0,0,0,0,0,0.0,0.0,0.0,0.0,0.0,tokyo,tokyo
2026-02-19T02:01:40.266269,13161.0226,13161.0226,0.0,0.0,0.0,0.0,5,0,0,0,0,0,0,0,0.0,0.0,0.0,0.0,0.0,tokyo,tokyo
2026-02-19T02:01:41.024215,13161.0226,13161.0226,0.0,0.0,0.0,0.0,5,0,0,0,0,0,0,0,0.0,0.0,0.0,0.0,0.0,tokyo,tokyo
2026-02-19T02:03:40.422349,13161.0226,13161.0226,0.0,0.0,0.0,0.0,5,0,0,0,0,0,0,0,0.0,0.0,0.0,0.0,0.0,tokyo,tokyo
2026-02-19T02:03:41.260289,13161.0226,13161.0226,0.0,0.0,0.0,0.0,5,0,0,0,0,0,0,0,0.0,0.0,0.0,0.0,0.0,tokyo,tokyo
2026-02-19T02:05:48.239330,13161.0226,13161.0226,0.0,0.0,0.0,0.0,5,0,0,0,0,0,0,0,0.0,0.0,0.0,0.0,0.0,tokyo,tokyo
2026-02-19T02:05:48.976248,13161.0226,13161.0226,0.0,0.0,0.0,0.0,5,0,0,0,0,0,0,0,0.0,0.0,0.0,0.0,0.0,tokyo,tokyo
2026-02-19T02:07:42.221211,13161.0226,13161.0226,0.0,0.0,0.0,0.0,5,0,0,0,0,0,0,0,0.0,0.0,0.0,0.0,0.0,tokyo,tokyo
2026-02-19T02:07:42.961322,13161.0226,13161.0226,0.0,0.0,0.0,0.0,5,0,0,0,0,0,0,0,0.0,0.0,0.0,0.0,0.0,tokyo,tokyo
2026-02-19T02:09:35.500276,13161.0226,13161.0226,0.0,0.0,0.0,0.0,5,0,0,0,0,0,0,0,0.0,0.0,0.0,0.0,0.0,tokyo,tokyo
2026-02-19T02:09:36.243320,13161.0226,13161.0226,0.0,0.0,0.0,0.0,5,0,0,0,0,0,0,0,0.0,0.0,0.0,0.0,0.0,tokyo,tokyo
2026-02-19T02:11:27.532288,13161.0226,13161.0226,0.0,0.0,0.0,0.0,5,0,0,0,0,0,0,0,0.0,0.0,0.0,0.0,0.0,tokyo,tokyo
2026-02-19T02:11:28.289312,13161.0226,13161.0226,0.0,0.0,0.0,0.0,5,0,0,0,0,0,0,0,0.0,0.0,0.0,0.0,0.0,tokyo,tokyo
2026-02-19T02:13:27.668022,13161.0226,13161.0226,0.0,0.0,0.0,0.0,5,0,0,0,0,0,0,0,0.0,0.0,0.0,0.0,0.0,tokyo,tokyo
2026-02-19T02:13:28.387295,13161.0226,13161.0226,0.0,0.0,0.0,0.0,5,0,0,0,0,0,0,0,0.0,0.0,0.0,0.0,0.0,tokyo,tokyo
2026-02-19T02:15:31.590482,13161.0226,13161.0226,0.0,0.0,0.0,0.0,5,0,0,0,0,0,0,0,0.0,0.0,0.0,0.0,0.0,tokyo,tokyo
2026-02-19T02:15:32.328302,13161.0226,13161.0226,0.0,0.0,0.0,0.0,5,0,0,0,0,0,0,0,0.0,0.0,0.0,0.0,0.0,tokyo,tokyo
2026-02-19T02:17:32.172558,13161.0226,13161.0226,0.0,0.0,0.0,0.0,5,0,0,0,0,0,0,0,0.0,0.0,0.0,0.0,0.0,tokyo,tokyo
2026-02-19T02:17:32.895382,13161.0226,13161.0226,0.0,0.0,0.0,0.0,5,0,0,0,0,0,0,0,0.0,0.0,0.0,0.0,0.0,tokyo,tokyo
2026-02-19T02:19:37.038270,13161.0226,13161.0226,0.0,0.0,0.0,0.0,5,0,0,0,0,0,0,0,0.0,0.0,0.0,0.0,0.0,tokyo,tokyo
2026-02-19T02:19:37.807030,13161.0226,13161.0226,0.0,0.0,0.0,0.0,5,0,0,0,0,0,0,0,0.0,0.0,0.0,0.0,0.0,tokyo,tokyo
2026-02-19T02:21:46.032285,13161.0226,13161.0226,0.0,0.0,0.0,0.0,5,0,0,0,0,0,0,0,0.0,0.0,0.0,0.0,0.0,tokyo,tokyo
2026-02-19T02:21:46.777279,13161.0226,13161.0226,0.0,0.0,0.0,0.0,5,0,0,0,0,0,0,0,0.0,0.0,0.0,0.0,0.0,tokyo,tokyo
2026-02-19T02:23:48.890279,13161.0226,13161.0226,0.0,0.0,0.0,0.0,5,0,0,0,0,0,0,0,0.0,0.0,0.0,0.0,0.0,tokyo,tokyo
2026-02-19T02:23:49.638286,13161.0226,13161.0226,0.0,0.0,0.0,0.0,5,0,0,0,0,0,0,0,0.0,0.0,0.0,0.0,0.0,tokyo,tokyo
2026-02-19T02:25:47.753439,13161.0226,13161.0226,0.0,0.0,0.0,0.0,5,0,0,0,0,0,0,0,0.0,0.0,0.0,0.0,0.0,tokyo,tokyo
2026-02-19T02:25:48.787319,13161.0226,13161.0226,0.0,0.0,0.0,0.0,5,0,0,0,0,0,0,0,0.0,0.0,0.0,0.0,0.0,tokyo,tokyo
2026-02-19T02:27:39.111296,13161.0226,13161.0226,0.0,0.0,0.0,0.0,5,0,0,0,0,0,0,0,0.0,0.0,0.0,0.0,0.0,tokyo,tokyo
2026-02-19T02:27:39.863216,13161.0226,13161.0226,0.0,0.0,0.0,0.0,5,0,0,0,0,0,0,0,0.0,0.0,0.0,0.0,0.0,tokyo,tokyo
2026-02-19T02:29:29.724311,13161.0226,13161.0226,0.0,0.0,0.0,0.0,5,0,0,0,0,0,0,0,0.0,0.0,0.0,0.0,0.0,tokyo,tokyo
2026-02-19T02:29:30.493287,13161.0226,13161.0226,0.0,0.0,0.0,0.0,5,0,0,0,0,0,0,0,0.0,0.0,0.0,0.0,0.0,tokyo,tokyo
2026-02-19T02:31:25.794274,13161.0226,13161.0226,0.0,0.0,0.0,0.0,5,0,0,0,0,0,0,0,0.0,0.0,0.0,0.0,0.0,tokyo,tokyo
2026-02-19T02:31:26.586796,13161.0226,13161.0226,0.0,0.0,0.0,0.0,5,0,0,0,0,0,0,0,0.0,0.0,0.0,0.0,0.0,tokyo,tokyo
2026-02-19T02:33:18.609304,13161.0226,13161.0226,0.0,0.0,0.0,0.0,5,0,0,0,0,0,0,0,0.0,0.0,0.0,0.0,0.0,tokyo,tokyo
2026-02-19T02:33:19.351540,13161.0226,13161.0226,0.0,0.0,0.0,0.0,5,0,0,0,0,0,0,0,0.0,0.0,0.0,0.0,0.0,tokyo,tokyo
2026-02-19T02:35:19.642702,13161.0226,13161.0226,0.0,0.0,0.0,0.0,5,0,0,0,0,0,0,0,0.0,0.0,0.0,0.0,0.0,tokyo,tokyo
2026-02-19T02:35:20.491779,13161.0226,13161.0226,0.0,0.0,0.0,0.0,5,0,0,0,0,0,0,0,0.0,0.0,0.0,0.0,0.0,tokyo,tokyo
2026-02-19T02:37:16.451054,13161.0226,13161.0226,0.0,0.0,0.0,0.0,5,0,0,0,0,0,0,0,0.0,0.0,0.0,0.0,0.0,tokyo,tokyo
2026-02-19T02:37:17.287296,13161.0226,13161.0226,0.0,0.0,0.0,0.0,5,0,0,0,0,0,0,0,0.0,0.0,0.0,0.0,0.0,tokyo,tokyo
2026-02-19T02:39:09.223276,13161.0226,13161.0226,0.0,0.0,0.0,0.0,5,0,0,0,0,0,0,0,0.0,0.0,0.0,0.0,0.0,tokyo,tokyo
2026-02-19T02:39:09.940282,13161.0226,13161.0226,0.0,0.0,0.0,0.0,5,0,0,0,0,0,0,0,0.0,0.0,0.0,0.0,0.0,tokyo,tokyo
2026-02-19T02:41:08.703166,13161.0226,13161.0226,0.0,0.0,0.0,0.0,5,0,0,0,0,0,0,0,0.0,0.0,0.0,0.0,0.0,tokyo,tokyo
2026-02-19T02:41:09.451619,13161.0226,13161.0226,0.0,0.0,0.0,0.0,5,0,0,0,0,0,0,0,0.0,0.0,0.0,0.0,0.0,tokyo,tokyo
2026-02-19T02:43:08.310571,13161.0226,13161.0226,0.0,0.0,0.0,0.0,5,0,0,0,0,0,0,0,0.0,0.0,0.0,0.0,0.0,tokyo,tokyo
2026-02-19T02:43:09.061847,13161.0226,13161.0226,0.0,0.0,0.0,0.0,5,0,0,0,0,0,0,0,0.0,0.0,0.0,0.0,0.0,tokyo,tokyo
2026-02-19T02:45:09.184728,13161.0226,13161.0226,0.0,0.0,0.0,0.0,5,0,0,0,0,0,0,0,0.0,0.0,0.0,0.0,0.0,tokyo,tokyo
2026-02-19T02:45:09.940293,13161.0226,13161.0226,0.0,0.0,0.0,0.0,5,0,0,0,0,0,0,0,0.0,0.0,0.0,0.0,0.0,tokyo,tokyo
2026-02-19T02:47:04.941620,13161.0226,13161.0226,0.0,0.0,0.0,0.0,5,0,0,0,0,0,0,0,0.0,0.0,0.0,0.0,0.0,,
2026-02-19T03:06:51.223183,13161.0226,13161.0226,0.0,0.0,0.0,0.0,5,0,0,0,0,0,0,0,0.0,0.0,0.0,0.0,0.0,tokyo,tokyo
2026-02-19T03:06:52.024213,13161.0226,13161.0226,0.0,0.0,0.0,0.0,5,0,0,0,0,0,0,0,0.0,0.0,0.0,0.0,0.0,tokyo,tokyo
2026-02-19T03:08:44.891327,13161.0226,13161.0226,0.0,0.0,0.0,0.0,5,0,0,0,0,0,0,0,0.0,0.0,0.0,0.0,0.0,,
2026-02-19T03:30:32.985304,13161.0226,13161.0226,0.0,0.0,0.0,0.0,5,0,0,0,0,0,0,0,0.0,0.0,0.0,0.0,0.0,tokyo,tokyo
2026-02-19T03:30:33.728862,13161.0226,13161.0226,0.0,0.0,0.0,0.0,5,0,0,0,0,0,0,0,0.0,0.0,0.0,0.0,0.0,tokyo,tokyo
2026-02-19T03:31:52.818165,13161.0226,13161.0226,0.0,0.0,0.0,0.0,5,0,0,0,0,0,0,0,0.0,0.0,0.0,0.0,0.0,tokyo,tokyo
2026-02-19T03:31:53.562313,13161.0226,13161.0226,0.0,0.0,0.0,0.0,5,0,0,0,0,0,0,0,0.0,0.0,0.0,0.0,0.0,tokyo,tokyo
2026-02-19T03:33:14.764468,13161.0226,13161.0226,0.0,0.0,0.0,0.0,5,0,0,0,0,0,0,0,0.0,0.0,0.0,0.0,0.0,tokyo,tokyo
2026-02-19T03:33:15.489905,13161.0226,13161.0226,0.0,0.0,0.0,0.0,5,0,0,0,0,0,0,0,0.0,0.0,0.0,0.0,0.0,tokyo,tokyo
2026-02-19T03:34:29.812372,13161.0226,13161.0226,0.0,0.0,0.0,0.0,5,0,0,0,0,0,0,0,0.0,0.0,0.0,0.0,0.0,tokyo,tokyo
2026-02-19T03:34:30.547272,13161.0226,13161.0226,0.0,0.0,0.0,0.0,5,0,0,0,0,0,0,0,0.0,0.0,0.0,0.0,0.0,tokyo,tokyo
2026-02-19T03:35:41.872584,13161.0226,13161.0226,0.0,0.0,0.0,0.0,5,0,0,0,0,0,0,0,0.0,0.0,0.0,0.0,0.0,tokyo,tokyo
2026-02-19T03:35:42.600289,13161.0226,13161.0226,0.0,0.0,0.0,0.0,5,0,0,0,0,0,0,0,0.0,0.0,0.0,0.0,0.0,tokyo,tokyo
2026-02-19T03:36:48.059272,13161.0226,13161.0226,0.0,0.0,0.0,0.0,5,0,0,0,0,0,0,0,0.0,0.0,0.0,0.0,0.0,tokyo,tokyo
2026-02-19T03:36:48.798180,13161.0226,13161.0226,0.0,0.0,0.0,0.0,5,0,0,0,0,0,0,0,0.0,0.0,0.0,0.0,0.0,tokyo,tokyo
2026-02-19T03:37:56.901351,13161.0226,13161.0226,0.0,0.0,0.0,0.0,5,0,0,0,0,0,0,0,0.0,0.0,0.0,0.0,0.0,tokyo,tokyo
2026-02-19T03:37:57.594259,13161.0226,13161.0226,0.0,0.0,0.0,0.0,5,0,0,0,0,0,0,0,0.0,0.0,0.0,0.0,0.0,tokyo,tokyo
2026-02-19T03:39:15.611311,13161.0226,13161.0226,0.0,0.0,0.0,0.0,5,0,0,0,0,0,0,0,0.0,0.0,0.0,0.0,0.0,tokyo,tokyo
2026-02-19T03:39:16.316025,13161.0226,13161.0226,0.0,0.0,0.0,0.0,5,0,0,0,0,0,0,0,0.0,0.0,0.0,0.0,0.0,tokyo,tokyo
2026-02-19T03:40:38.585272,13161.0226,13161.0226,0.0,0.0,0.0,0.0,5,0,0,0,0,0,0,0,0.0,0.0,0.0,0.0,0.0,tokyo,tokyo
2026-02-19T03:40:39.367304,13161.0226,13161.0226,0.0,0.0,0.0,0.0,5,0,0,0,0,0,0,0,0.0,0.0,0.0,0.0,0.0,tokyo,tokyo
2026-02-19T03:41:49.304335,13161.0226,13161.0226,0.0,0.0,0.0,0.0,5,0,0,0,0,0,0,0,0.0,0.0,0.0,0.0,0.0,tokyo,tokyo
2026-02-19T03:41:50.032253,13161.0226,13161.0226,0.0,0.0,0.0,0.0,5,0,0,0,0,0,0,0,0.0,0.0,0.0,0.0,0.0,tokyo,tokyo
2026-02-19T03:42:58.937872,13161.0226,13161.0226,0.0,0.0,0.0,0.0,5,0,0,0,0,0,0,0,0.0,0.0,0.0,0.0,0.0,tokyo,tokyo
2026-02-19T03:42:59.743460,13161.0226,13161.0226,0.0,0.0,0.0,0.0,5,0,0,0,0,0,0,0,0.0,0.0,0.0,0.0,0.0,tokyo,tokyo
2026-02-19T03:44:09.030304,13161.0226,13161.0226,0.0,0.0,0.0,0.0,5,0,0,0,0,0,0,0,0.0,0.0,0.0,0.0,0.0,tokyo,tokyo
2026-02-19T03:44:09.756304,13161.0226,13161.0226,0.0,0.0,0.0,0.0,5,0,0,0,0,0,0,0,0.0,0.0,0.0,0.0,0.0,tokyo,tokyo
2026-02-19T03:45:31.238305,13161.0226,13161.0226,0.0,0.0,0.0,0.0,5,0,0,0,0,0,0,0,0.0,0.0,0.0,0.0,0.0,tokyo,tokyo
2026-02-19T03:45:32.080479,13161.0226,13161.0226,0.0,0.0,0.0,0.0,5,0,0,0,0,0,0,0,0.0,0.0,0.0,0.0,0.0,tokyo,tokyo
2026-02-19T03:46:59.511738,13161.0226,13161.0226,0.0,0.0,0.0,0.0,5,0,0,0,0,0,0,0,0.0,0.0,0.0,0.0,0.0,tokyo,tokyo
2026-02-19T03:47:00.242981,13161.0226,13161.0226,0.0,0.0,0.0,0.0,5,0,0,0,0,0,0,0,0.0,0.0,0.0,0.0,0.0,tokyo,tokyo
2026-02-19T03:48:14.957655,13161.0226,13161.0226,0.0,0.0,0.0,0.0,5,0,0,0,0,0,0,0,0.0,0.0,0.0,0.0,0.0,tokyo,tokyo
2026-02-19T03:48:15.672028,13161.0226,13161.0226,0.0,0.0,0.0,0.0,5,0,0,0,0,0,0,0,0.0,0.0,0.0,0.0,0.0,tokyo,tokyo
2026-02-19T03:49:27.284324,13161.0226,13161.0226,0.0,0.0,0.0,0.0,5,0,0,0,0,0,0,0,0.0,0.0,0.0,0.0,0.0,tokyo,tokyo
2026-02-19T03:49:28.037308,13161.0226,13161.0226,0.0,0.0,0.0,0.0,5,0,0,0,0,0,0,0,0.0,0.0,0.0,0.0,0.0,tokyo,tokyo
2026-02-19T03:50:48.603044,13161.0226,13161.0226,0.0,0.0,0.0,0.0,5,0,0,0,0,0,0,0,0.0,0.0,0.0,0.0,0.0,tokyo,tokyo
2026-02-19T03:50:49.367714,13161.0226,13161.0226,0.0,0.0,0.0,0.0,5,0,0,0,0,0,0,0,0.0,0.0,0.0,0.0,0.0,tokyo,tokyo
2026-02-19T03:52:17.780199,13161.0226,13161.0226,0.0,0.0,0.0,0.0,5,0,0,0,0,0,0,0,0.0,0.0,0.0,0.0,0.0,tokyo,tokyo
2026-02-19T03:52:18.498271,13161.0226,13161.0226,0.0,0.0,0.0,0.0,5,0,0,0,0,0,0,0,0.0,0.0,0.0,0.0,0.0,tokyo,tokyo
2026-02-19T03:53:33.337282,13161.0226,13161.0226,0.0,0.0,0.0,0.0,5,0,0,0,0,0,0,0,0.0,0.0,0.0,0.0,0.0,tokyo,tokyo
2026-02-19T03:53:34.088319,13161.0226,13161.0226,0.0,0.0,0.0,0.0,5,0,0,0,0,0,0,0,0.0,0.0,0.0,0.0,0.0,tokyo,tokyo
2026-02-19T03:54:59.030326,13161.0226,13161.0226,0.0,0.0,0.0,0.0,5,0,0,0,0,0,0,0,0.0,0.0,0.0,0.0,0.0,tokyo,tokyo
2026-02-19T03:54:59.776386,13161.0226,13161.0226,0.0,0.0,0.0,0.0,5,0,0,0,0,0,0,0,0.0,0.0,0.0,0.0,0.0,tokyo,tokyo
2026-02-19T03:56:26.628526,13161.0226,13161.0226,0.0,0.0,0.0,0.0,5,0,0,0,0,0,0,0,0.0,0.0,0.0,0.0,0.0,tokyo,tokyo
2026-02-19T03:56:27.359942,13161.0226,13161.0226,0.0,0.0,0.0,0.0,5,0,0,0,0,0,0,0,0.0,0.0,0.0,0.0,0.0,tokyo,tokyo
2026-02-19T03:57:46.347552,13161.0226,13161.0226,0.0,0.0,0.0,0.0,5,0,0,0,0,0,0,0,0.0,0.0,0.0,0.0,0.0,tokyo,tokyo
2026-02-19T03:57:47.153306,13161.0226,13161.0226,0.0,0.0,0.0,0.0,5,0,0,0,0,0,0,0,0.0,0.0,0.0,0.0,0.0,tokyo,tokyo
2026-02-19T03:59:06.496153,13161.0226,13161.0226,0.0,0.0,0.0,0.0,5,0,0,0,0,0,0,0,0.0,0.0,0.0,0.0,0.0,tokyo,tokyo
2026-02-19T03:59:07.277583,13161.0226,13161.0226,0.0,0.0,0.0,0.0,5,0,0,0,0,0,0,0,0.0,0.0,0.0,0.0,0.0,tokyo,tokyo
2026-02-19T04:01:04.990882,13161.0226,13161.0226,0.0,0.0,0.0,0.0,5,0,0,0,0,0,0,0,0.0,0.0,0.0,0.0,0.0,tokyo,tokyo
2026-02-19T04:01:05.738345,13161.0226,13161.0226,0.0,0.0,0.0,0.0,5,0,0,0,0,0,0,0,0.0,0.0,0.0,0.0,0.0,tokyo,tokyo
2026-02-19T04:03:25.002294,13161.0226,13161.0226,0.0,0.0,0.0,0.0,5,0,0,0,0,0,0,0,0.0,0.0,0.0,0.0,0.0,tokyo,tokyo
2026-02-19T04:03:25.780435,13161.0226,13161.0226,0.0,0.0,0.0,0.0,5,0,0,0,0,0,0,0,0.0,0.0,0.0,0.0,0.0,tokyo,tokyo
2026-02-19T04:05:34.965296,13161.0226,13161.0226,0.0,0.0,0.0,0.0,5,0,0,0,0,0,0,0,0.0,0.0,0.0,0.0,0.0,tokyo,tokyo
2026-02-19T04:05:35.664293,13161.0226,13161.0226,0.0,0.0,0.0,0.0,5,0,0,0,0,0,0,0,0.0,0.0,0.0,0.0,0.0,tokyo,tokyo
2026-02-19T04:07:47.292294,13161.0226,13161.0226,0.0,0.0,0.0,0.0,5,0,0,0,0,0,0,0,0.0,0.0,0.0,0.0,0.0,tokyo,tokyo
2026-02-19T04:07:48.057163,13161.0226,13161.0226,0.0,0.0,0.0,0.0,5,0,0,0,0,0,0,0,0.0,0.0,0.0,0.0,0.0,tokyo,tokyo
2026-02-19T04:10:00.132297,13161.0226,13161.0226,0.0,0.0,0.0,0.0,5,0,0,0,0,0,0,0,0.0,0.0,0.0,0.0,0.0,tokyo,tokyo
2026-02-19T04:10:00.899494,13161.0226,13161.0226,0.0,0.0,0.0,0.0,5,0,0,0,0,0,0,0,0.0,0.0,0.0,0.0,0.0,tokyo,tokyo
2026-02-19T04:12:17.765693,13161.0226,13161.0226,0.0,0.0,0.0,0.0,5,0,0,0,0,0,0,0,0.0,0.0,0.0,0.0,0.0,tokyo,tokyo
2026-02-19T04:12:18.488303,13161.0226,13161.0226,0.0,0.0,0.0,0.0,5,0,0,0,0,0,0,0,0.0,0.0,0.0,0.0,0.0,tokyo,tokyo
2026-02-19T04:14:38.255291,13161.0226,13161.0226,0.0,0.0,0.0,0.0,5,0,0,0,0,0,0,0,0.0,0.0,0.0,0.0,0.0,tokyo,tokyo
2026-02-19T04:14:39.003289,13161.0226,13161.0226,0.0,0.0,0.0,0.0,5,0,0,0,0,0,0,0,0.0,0.0,0.0,0.0,0.0,tokyo,tokyo
2026-02-19T04:16:55.461358,13161.0226,13161.0226,0.0,0.0,0.0,0.0,5,0,0,0,0,0,0,0,0.0,0.0,0.0,0.0,0.0,tokyo,tokyo
2026-02-19T04:16:56.226279,13161.0226,13161.0226,0.0,0.0,0.0,0.0,5,0,0,0,0,0,0,0,0.0,0.0,0.0,0.0,0.0,tokyo,tokyo
2026-02-19T04:19:17.192310,13161.0226,13161.0226,0.0,0.0,0.0,0.0,5,0,0,0,0,0,0,0,0.0,0.0,0.0,0.0,0.0,tokyo,tokyo
2026-02-19T04:19:18.024299,13161.0226,13161.0226,0.0,0.0,0.0,0.0,5,0,0,0,0,0,0,0,0.0,0.0,0.0,0.0,0.0,tokyo,tokyo
2026-02-19T04:21:28.625433,13161.0226,13161.0226,0.0,0.0,0.0,0.0,5,0,0,0,0,0,0,0,0.0,0.0,0.0,0.0,0.0,tokyo,tokyo
2026-02-19T04:21:29.408432,13161.0226,13161.0226,0.0,0.0,0.0,0.0,5,0,0,0,0,0,0,0,0.0,0.0,0.0,0.0,0.0,tokyo,tokyo
2026-02-19T04:23:31.184302,13161.0226,13161.0226,0.0,0.0,0.0,0.0,5,0,0,0,0,0,0,0,0.0,0.0,0.0,0.0,0.0,tokyo,tokyo
2026-02-19T04:23:31.953334,13161.0226,13161.0226,0.0,0.0,0.0,0.0,5,0,0,0,0,0,0,0,0.0,0.0,0.0,0.0,0.0,tokyo,tokyo
2026-02-19T04:25:40.100131,13161.0226,13161.0226,0.0,0.0,0.0,0.0,5,0,0,0,0,0,0,0,0.0,0.0,0.0,0.0,0.0,tokyo,tokyo
2026-02-19T04:25:40.872426,13161.0226,13161.0226,0.0,0.0,0.0,0.0,5,0,0,0,0,0,0,0,0.0,0.0,0.0,0.0,0.0,tokyo,tokyo
2026-02-19T04:27:09.661021,13161.0226,13161.0226,0.0,0.0,0.0,0.0,5,0,0,0,0,0,0,0,0.0,0.0,0.0,0.0,0.0,tokyo,tokyo
2026-02-19T04:27:10.385594,13161.0226,13161.0226,0.0,0.0,0.0,0.0,5,0,0,0,0,0,0,0,0.0,0.0,0.0,0.0,0.0,tokyo,tokyo
2026-02-19T04:28:32.148310,13161.0226,13161.0226,0.0,0.0,0.0,0.0,5,0,0,0,0,0,0,0,0.0,0.0,0.0,0.0,0.0,tokyo,tokyo
2026-02-19T04:28:32.894689,13161.0226,13161.0226,0.0,0.0,0.0,0.0,5,0,0,0,0,0,0,0,0.0,0.0,0.0,0.0,0.0,tokyo,tokyo
2026-02-19T04:29:50.467269,13161.0226,13161.0226,0.0,0.0,0.0,0.0,4,0,0,0,0,0,0,0,0.0,0.0,0.0,0.0,0.0,tokyo,tokyo
2026-02-19T04:29:51.085881,13161.0226,13161.0226,0.0,0.0,0.0,0.0,4,0,0,0,0,0,0,0,0.0,0.0,0.0,0.0,0.0,tokyo,tokyo
2026-02-19T04:31:09.945631,13263.8548,13263.8548,0.0,0.0,0.0,0.0,4,0,0,0,0,0,0,0,0.0,0.0,0.0,0.0,0.0,tokyo,tokyo
2026-02-19T04:31:10.564816,13263.8548,13263.8548,0.0,0.0,0.0,0.0,4,0,0,0,0,0,0,0,0.0,0.0,0.0,0.0,0.0,tokyo,tokyo
2026-02-19T04:32:34.650346,13263.8548,13263.8548,0.0,0.0,0.0,0.0,4,0,0,0,0,0,0,0,0.0,0.0,0.0,0.0,0.0,tokyo,tokyo
2026-02-19T04:32:35.302277,13263.8548,13263.8548,0.0,0.0,0.0,0.0,4,0,0,0,0,0,0,0,0.0,0.0,0.0,0.0,0.0,tokyo,tokyo
2026-02-19T04:33:57.365738,13263.8548,13263.8548,0.0,0.0,0.0,0.0,4,0,0,0,0,0,0,0,0.0,0.0,0.0,0.0,0.0,tokyo,tokyo
2026-02-19T04:33:58.005284,13263.8548,13263.8548,0.0,0.0,0.0,0.0,4,0,0,0,0,0,0,0,0.0,0.0,0.0,0.0,0.0,tokyo,tokyo
2026-02-19T04:35:22.981559,13263.8548,13263.8548,0.0,0.0,0.0,0.0,4,0,0,0,0,0,0,0,0.0,0.0,0.0,0.0,0.0,,
2026-02-19T04:53:13.562309,13263.8548,13263.8548,0.0,0.0,0.0,0.0,4,0,0,0,0,0,0,0,0.0,0.0,0.0,0.0,0.0,tokyo,tokyo
2026-02-19T04:53:14.161337,13263.8548,13263.8548,0.0,0.0,0.0,0.0,4,0,0,0,0,0,0,0,0.0,0.0,0.0,0.0,0.0,tokyo,tokyo
2026-02-19T04:54:33.725846,13263.8548,13263.8548,0.0,0.0,0.0,0.0,4,0,0,0,0,0,0,0,0.0,0.0,0.0,0.0,0.0,tokyo,tokyo
2026-02-19T04:54:34.347306,13263.8548,13263.8548,0.0,0.0,0.0,0.0,4,0,0,0,0,0,0,0,0.0,0.0,0.0,0.0,0.0,tokyo,tokyo
2026-02-19T04:55:56.211948,13263.8548,13263.8548,0.0,0.0,0.0,0.0,4,0,0,0,0,0,0,0,0.0,0.0,0.0,0.0,0.0,tokyo,tokyo
2026-02-19T04:55:56.881268,13263.8548,13263.8548,0.0,0.0,0.0,0.0,4,0,0,0,0,0,0,0,0.0,0.0,0.0,0.0,0.0,tokyo,tokyo
2026-02-19T04:57:23.056281,13263.8548,13263.8548,0.0,0.0,0.0,0.0,4,0,0,0,0,0,0,0,0.0,0.0,0.0,0.0,0.0,tokyo,tokyo
2026-02-19T04:57:23.682851,13263.8548,13263.8548,0.0,0.0,0.0,0.0,4,0,0,0,0,0,0,0,0.0,0.0,0.0,0.0,0.0,tokyo,tokyo
2026-02-19T04:58:44.193976,13263.8548,13263.8548,0.0,0.0,0.0,0.0,4,0,0,0,0,0,0,0,0.0,0.0,0.0,0.0,0.0,tokyo,tokyo
2026-02-19T04:58:44.797283,13263.8548,13263.8548,0.0,0.0,0.0,0.0,4,0,0,0,0,0,0,0,0.0,0.0,0.0,0.0,0.0,tokyo,tokyo
2026-02-19T04:59:57.928253,13263.8548,13263.8548,0.0,0.0,0.0,0.0,4,0,0,0,0,0,0,0,0.0,0.0,0.0,0.0,0.0,tokyo,tokyo
2026-02-19T04:59:58.621638,13263.8548,13263.8548,0.0,0.0,0.0,0.0,4,0,0,0,0,0,0,0,0.0,0.0,0.0,0.0,0.0,tokyo,tokyo
2026-02-19T05:02:09.121615,13263.8548,13263.8548,0.0,0.0,0.0,0.0,4,0,0,0,0,0,0,0,0.0,0.0,0.0,0.0,0.0,,
2026-02-19T05:24:11.336933,13263.8548,13263.8548,0.0,0.0,0.0,0.0,4,0,0,0,0,0,0,0,0.0,0.0,0.0,0.0,0.0,,
2026-02-19T05:41:37.832842,13263.8548,13263.8548,0.0,0.0,0.0,0.0,4,0,0,0,0,0,0,0,0.0,0.0,0.0,0.0,0.0,,
2026-02-19T05:59:34.795858,13263.8548,13263.8548,0.0,0.0,0.0,0.0,4,0,0,0,0,0,0,0,0.0,0.0,0.0,0.0,0.0,tokyo,tokyo
2026-02-19T05:59:35.404820,13263.8548,13263.8548,0.0,0.0,0.0,0.0,4,0,0,0,0,0,0,0,0.0,0.0,0.0,0.0,0.0,tokyo,tokyo
2026-02-19T06:01:41.943905,13263.8548,13263.8548,0.0,0.0,0.0,0.0,4,0,0,0,0,0,0,0,0.0,0.0,0.0,0.0,0.0,tokyo,tokyo
2026-02-19T06:01:42.691080,13263.8548,13263.8548,0.0,0.0,0.0,0.0,4,0,0,0,0,0,0,0,0.0,0.0,0.0,0.0,0.0,tokyo,tokyo
2026-02-19T06:04:12.433327,13263.8548,13263.8548,0.0,0.0,0.0,0.0,4,0,0,0,0,0,0,0,0.0,0.0,0.0,0.0,0.0,tokyo,tokyo
2026-02-19T06:04:13.195942,13263.8548,13263.8548,0.0,0.0,0.0,0.0,4,0,0,0,0,0,0,0,0.0,0.0,0.0,0.0,0.0,tokyo,tokyo
2026-02-19T06:06:14.167297,13263.8548,13263.8548,0.0,0.0,0.0,0.0,4,0,0,0,0,0,0,0,0.0,0.0,0.0,0.0,0.0,tokyo,tokyo
2026-02-19T06:06:14.812833,13263.8548,13263.8548,0.0,0.0,0.0,0.0,4,0,0,0,0,0,0,0,0.0,0.0,0.0,0.0,0.0,tokyo,tokyo
2026-02-19T06:08:22.628311,13263.8548,13263.8548,0.0,0.0,0.0,0.0,4,0,0,0,0,0,0,0,0.0,0.0,0.0,0.0,0.0,tokyo,tokyo
2026-02-19T06:08:23.311305,13263.8548,13263.8548,0.0,0.0,0.0,0.0,4,0,0,0,0,0,0,0,0.0,0.0,0.0,0.0,0.0,tokyo,tokyo
2026-02-19T06:10:26.921376,13263.8548,13263.8548,0.0,0.0,0.0,0.0,4,0,0,0,0,0,0,0,0.0,0.0,0.0,0.0,0.0,tokyo,tokyo
2026-02-19T06:10:27.569395,13263.8548,13263.8548,0.0,0.0,0.0,0.0,4,0,0,0,0,0,0,0,0.0,0.0,0.0,0.0,0.0,tokyo,tokyo
2026-02-19T06:12:28.229285,13263.8548,13263.8548,0.0,0.0,0.0,0.0,4,0,0,0,0,0,0,0,0.0,0.0,0.0,0.0,0.0,tokyo,tokyo
2026-02-19T06:12:28.863305,13263.8548,13263.8548,0.0,0.0,0.0,0.0,4,0,0,0,0,0,0,0,0.0,0.0,0.0,0.0,0.0,tokyo,tokyo
2026-02-19T06:14:27.750309,13263.8548,13263.8548,0.0,0.0,0.0,0.0,4,0,0,0,0,0,0,0,0.0,0.0,0.0,0.0,0.0,tokyo,tokyo
2026-02-19T06:14:28.468281,13263.8548,13263.8548,0.0,0.0,0.0,0.0,4,0,0,0,0,0,0,0,0.0,0.0,0.0,0.0,0.0,tokyo,tokyo
2026-02-19T06:16:32.365650,13263.8548,13263.8548,0.0,0.0,0.0,0.0,4,0,0,0,0,0,0,0,0.0,0.0,0.0,0.0,0.0,tokyo,tokyo
2026-02-19T06:16:33.025364,13263.8548,13263.8548,0.0,0.0,0.0,0.0,4,0,0,0,0,0,0,0,0.0,0.0,0.0,0.0,0.0,tokyo,tokyo
2026-02-19T06:18:42.746375,13263.8548,13263.8548,0.0,0.0,0.0,0.0,4,0,0,0,0,0,0,0,0.0,0.0,0.0,0.0,0.0,tokyo,tokyo
2026-02-19T06:18:43.399964,13263.8548,13263.8548,0.0,0.0,0.0,0.0,4,0,0,0,0,0,0,0,0.0,0.0,0.0,0.0,0.0,tokyo,tokyo
2026-02-19T06:20:37.157265,13263.8548,13263.8548,0.0,0.0,0.0,0.0,4,0,0,0,0,0,0,0,0.0,0.0,0.0,0.0,0.0,,
2026-02-19T06:43:38.061335,13263.8548,13263.8548,0.0,0.0,0.0,0.0,4,0,0,0,0,0,0,0,0.0,0.0,0.0,0.0,0.0,,
2026-02-19T07:04:14.225815,13263.8548,13263.8548,0.0,0.0,0.0,0.0,4,0,0,0,0,0,0,0,0.0,0.0,0.0,0.0,0.0,,
2026-02-19T07:28:05.520483,13263.8548,13263.8548,0.0,0.0,0.0,0.0,4,0,0,0,0,0,0,0,0.0,0.0,0.0,0.0,0.0,tokyo,tokyo
2026-02-19T07:28:06.211745,13263.8548,13263.8548,0.0,0.0,0.0,0.0,4,0,0,0,0,0,0,0,0.0,0.0,0.0,0.0,0.0,tokyo,tokyo
2026-02-19T07:29:31.178840,13263.8548,13263.8548,0.0,0.0,0.0,0.0,4,0,0,0,0,0,0,0,0.0,0.0,0.0,0.0,0.0,tokyo,tokyo
2026-02-19T07:29:31.828853,13263.8548,13263.8548,0.0,0.0,0.0,0.0,4,0,0,0,0,0,0,0,0.0,0.0,0.0,0.0,0.0,tokyo,tokyo
2026-02-19T07:30:59.478988,13263.8548,13263.8548,0.0,0.0,0.0,0.0,4,0,0,0,0,0,0,0,0.0,0.0,0.0,0.0,0.0,,
2026-02-19T07:49:31.927895,13263.8548,13263.8548,0.0,0.0,0.0,0.0,4,0,0,0,0,0,0,0,0.0,0.0,0.0,0.0,0.0,tokyo,tokyo
2026-02-19T07:49:32.577773,13263.8548,13263.8548,0.0,0.0,0.0,0.0,4,0,0,0,0,0,0,0,0.0,0.0,0.0,0.0,0.0,tokyo,tokyo
2026-02-19T07:50:55.333912,13263.8548,13263.8548,0.0,0.0,0.0,0.0,4,0,0,0,0,0,0,0,0.0,0.0,0.0,0.0,0.0,,
2026-02-19T08:13:36.291308,13263.8548,13263.8548,0.0,0.0,0.0,0.0,4,0,0,0,0,0,0,0,0.0,0.0,0.0,0.0,0.0,,
2026-02-19T08:35:08.969222,13263.8548,13263.8548,0.0,0.0,0.0,0.0,4,0,0,0,0,0,0,0,0.0,0.0,0.0,0.0,0.0,,
2026-02-19T08:54:01.151642,13263.8548,13263.8548,0.0,0.0,0.0,0.0,4,0,0,0,0,0,0,0,0.0,0.0,0.0,0.0,0.0,,
2026-02-19T09:16:11.108334,13263.8548,13263.8548,0.0,0.0,0.0,0.0,4,0,0,0,0,0,0,0,0.0,0.0,0.0,0.0,0.0,,
2026-02-19T09:35:08.213843,13263.8548,13263.8548,0.0,0.0,0.0,0.0,4,0,0,0,0,0,0,0,0.0,0.0,0.0,0.0,0.0,,
2026-02-19T09:49:31.844427,13263.8548,13263.8548,0.0,0.0,0.0,0.0,4,0,0,0,0,0,0,0,0.0,0.0,0.0,0.0,0.0,,
2026-02-19T10:06:10.697379,13263.8548,13263.8548,0.0,0.0,0.0,0.0,4,0,0,0,0,0,0,0,0.0,0.0,0.0,0.0,0.0,,
2026-02-19T10:31:12.040555,13263.8548,13263.8548,0.0,0.0,0.0,0.0,4,0,0,0,0,0,0,0,0.0,0.0,0.0,0.0,0.0,,
2026-02-19T10:54:29.815462,13263.8548,13263.8548,0.0,0.0,0.0,0.0,5,2,0,0,0,0,0,0,0.0,0.0,0.0,0.0,0.0,,
2026-02-19T11:14:44.393182,13263.8548,13263.8548,0.0,0.0,0.0,0.0,5,2,0,0,0,0,0,0,0.0,0.0,0.0,0.0,0.0,,
2026-02-19T11:34:00.572832,13263.8548,13263.8548,0.0,0.0,0.0,0.0,5,2,0,0,0,0,0,0,0.0,0.0,0.0,0.0,0.0,,
2026-02-19T11:47:58.694506,13365.6102,13365.6102,0.0,0.0,101.75540000000001,0.7671631025393916,4,2,0,0,0,0,0,0,0.0,0.0,0.0,0.0,0.0,,
2026-02-19T12:03:28.453192,13365.6102,13365.6102,0.0,0.0,101.75540000000001,0.7671631025393916,4,2,0,0,0,0,0,0,0.0,0.0,0.0,0.0,0.0,,
2026-02-19T12:26:20.593296,13365.6102,13365.6102,0.0,0.0,101.75540000000001,0.7671631025393916,4,2,0,0,0,0,0,0,0.0,0.0,0.0,0.0,0.0,,
2026-02-19T12:41:04.301512,13365.6102,13365.6102,0.0,0.0,101.75540000000001,0.7671631025393916,4,3,0,0,0,0,0,0,0.0,0.0,0.0,0.0,0.0,,
2026-02-19T12:57:08.344869,13365.6102,13365.6102,0.0,0.0,101.75540000000001,0.7671631025393916,5,3,0,0,0,0,0,0,0.0,0.0,0.0,0.0,0.0,,
2026-02-19T13:18:59.628462,13365.6102,13365.6102,0.0,0.0,101.75540000000001,0.7671631025393916,5,3,0,0,0,0,0,0,0.0,0.0,0.0,0.0,0.0,,
2026-02-19T13:36:01.940172,13365.6102,13365.6102,0.0,0.0,101.75540000000001,0.7671631025393916,5,3,0,0,0,0,0,0,0.0,0.0,0.0,0.0,0.0,,
2026-02-19T13:50:43.690320,13365.6102,13365.6102,0.0,0.0,101.75540000000001,0.7671631025393916,5,3,0,0,0,0,0,0,0.0,0.0,0.0,0.0,0.0,,
2026-02-19T14:10:06.303296,13365.6102,13365.6102,0.0,0.0,101.75540000000001,0.7671631025393916,4,3,0,0,0,0,0,0,0.0,0.0,0.0,0.0,0.0,london_ny_overlap,london_ny_overlap
2026-02-19T14:10:07.009319,13365.6102,13365.6102,0.0,0.0,101.75540000000001,0.7671631025393916,4,3,0,0,0,0,0,0,0.0,0.0,0.0,0.0,0.0,london_ny_overlap,london_ny_overlap
2026-02-19T14:12:17.586490,13562.3059,13562.3059,0.0,0.0,0.0,0.0,4,1,0,0,0,0,0,0,0.0,0.0,0.0,0.0,0.0,,
2026-02-19T14:39:16.748416,13665.2424,13665.2424,0.0,0.0,102.9364999999998,0.7589896641396343,4,2,0,0,0,0,0,0,0.0,0.0,0.0,0.0,0.0,london_ny_overlap,london_ny_overlap
2026-02-19T14:39:17.460466,13665.2424,13665.2424,0.0,0.0,102.9364999999998,0.7589896641396343,4,2,0,0,0,0,0,0,0.0,0.0,0.0,0.0,0.0,london_ny_overlap,london_ny_overlap
2026-02-19T14:41:59.044277,13665.2424,13665.2424,0.0,0.0,0.0,0.0,4,1,0,0,0,0,0,0,0.0,0.0,0.0,0.0,0.0,london_ny_overlap,london_ny_overlap
2026-02-19T14:41:59.746304,13665.2424,13665.2424,0.0,0.0,0.0,0.0,4,1,0,0,0,0,0,0,0.0,0.0,0.0,0.0,0.0,london_ny_overlap,london_ny_overlap
2026-02-19T14:44:52.148318,13665.2424,13665.2424,0.0,0.0,0.0,0.0,5,0,0,0,0,0,0,0,0.0,0.0,0.0,0.0,0.0,london_ny_overlap,london_ny_overlap
2026-02-19T14:44:53.019442,13665.2424,13665.2424,0.0,0.0,0.0,0.0,5,0,0,0,0,0,0,0,0.0,0.0,0.0,0.0,0.0,london_ny_overlap,london_ny_overlap
2026-02-19T14:48:06.470244,13665.2424,13665.2424,0.0,0.0,0.0,0.0,5,0,0,0,0,0,0,0,0.0,0.0,0.0,0.0,0.0,london_ny_overlap,london_ny_overlap
2026-02-19T14:48:07.400316,13665.2424,13665.2424,0.0,0.0,0.0,0.0,5,0,0,0,0,0,0,0,0.0,0.0,0.0,0.0,0.0,london_ny_overlap,london_ny_overlap
2026-02-19T14:50:50.208309,13665.2424,13665.2424,0.0,0.0,0.0,0.0,5,0,0,0,0,0,0,0,0.0,0.0,0.0,0.0,0.0,london_ny_overlap,london_ny_overlap
2026-02-19T14:50:51.129311,13665.2424,13665.2424,0.0,0.0,0.0,0.0,5,0,0,0,0,0,0,0,0.0,0.0,0.0,0.0,0.0,london_ny_overlap,london_ny_overlap
2026-02-19T14:53:49.881359,13665.2424,13665.2424,0.0,0.0,0.0,0.0,5,0,0,0,0,0,0,0,0.0,0.0,0.0,0.0,0.0,london_ny_overlap,london_ny_overlap
2026-02-19T14:53:50.862298,13665.2424,13665.2424,0.0,0.0,0.0,0.0,5,0,0,0,0,0,0,0,0.0,0.0,0.0,0.0,0.0,london_ny_overlap,london_ny_overlap
2026-02-19T14:56:08.407959,13665.2424,13665.2424,0.0,0.0,0.0,0.0,5,0,0,0,0,0,0,0,0.0,0.0,0.0,0.0,0.0,london_ny_overlap,london_ny_overlap
2026-02-19T14:56:09.273299,13665.2424,13665.2424,0.0,0.0,0.0,0.0,5,0,0,0,0,0,0,0,0.0,0.0,0.0,0.0,0.0,london_ny_overlap,london_ny_overlap
2026-02-19T14:58:06.584638,13665.2424,13665.2424,0.0,0.0,0.0,0.0,5,0,0,0,0,0,0,0,0.0,0.0,0.0,0.0,0.0,london_ny_overlap,london_ny_overlap
2026-02-19T14:58:07.451132,13665.2424,13665.2424,0.0,0.0,0.0,0.0,5,0,0,0,0,0,0,0,0.0,0.0,0.0,0.0,0.0,london_ny_overlap,london_ny_overlap
2026-02-19T15:00:05.713307,13665.2424,13665.2424,0.0,0.0,0.0,0.0,5,0,0,0,0,0,0,0,0.0,0.0,0.0,0.0,0.0,london_ny_overlap,london_ny_overlap
2026-02-19T15:00:06.637175,13665.2424,13665.2424,0.0,0.0,0.0,0.0,5,0,0,0,0,0,0,0,0.0,0.0,0.0,0.0,0.0,london_ny_overlap,london_ny_overlap
2026-02-19T15:03:21.952243,13665.2424,13665.2424,0.0,0.0,0.0,0.0,5,0,0,0,0,0,0,0,0.0,0.0,0.0,0.0,0.0,london_ny_overlap,london_ny_overlap
2026-02-19T15:03:22.836327,13665.2424,13665.2424,0.0,0.0,0.0,0.0,5,0,0,0,0,0,0,0,0.0,0.0,0.0,0.0,0.0,london_ny_overlap,london_ny_overlap
2026-02-19T15:06:22.922051,13665.2424,13665.2424,0.0,0.0,0.0,0.0,5,0,0,0,0,0,0,0,0.0,0.0,0.0,0.0,0.0,,
2026-02-19T15:31:57.671325,13665.2424,13665.2424,0.0,0.0,0.0,0.0,5,0,0,0,0,0,0,0,0.0,0.0,0.0,0.0,0.0,,
2026-02-19T15:49:29.487346,13665.2424,13665.2424,0.0,0.0,0.0,0.0,5,0,0,0,0,0,0,0,0.0,0.0,0.0,0.0,0.0,,
2026-02-19T16:11:05.080346,13665.2424,13665.2424,0.0,0.0,0.0,0.0,5,0,0,0,0,0,0,0,0.0,0.0,0.0,0.0,0.0,,
2026-02-19T16:33:10.077544,13665.2424,13665.2424,0.0,0.0,0.0,0.0,5,0,0,0,0,0,0,0,0.0,0.0,0.0,0.0,0.0,,
2026-02-19T16:49:08.225017,13665.2424,13665.2424,0.0,0.0,0.0,0.0,5,0,0,0,0,0,0,0,0.0,0.0,0.0,0.0,0.0,,
2026-02-19T17:10:53.276510,13665.2424,13665.2424,0.0,0.0,0.0,0.0,5,0,0,0,0,0,0,0,0.0,0.0,0.0,0.0,0.0,ny,ny
2026-02-19T17:10:54.141366,13665.2424,13665.2424,0.0,0.0,0.0,0.0,5,0,0,0,0,0,0,0,0.0,0.0,0.0,0.0,0.0,ny,ny
2026-02-19T17:13:50.110913,13665.2424,13665.2424,0.0,0.0,0.0,0.0,5,0,0,0,0,0,0,0,0.0,0.0,0.0,0.0,0.0,,
2026-02-19T17:37:21.419505,13665.2424,13665.2424,0.0,0.0,0.0,0.0,5,0,0,0,0,0,0,0,0.0,0.0,0.0,0.0,0.0,ny,ny
2026-02-19T17:37:22.260920,13665.2424,13665.2424,0.0,0.0,0.0,0.0,5,0,0,0,0,0,0,0,0.0,0.0,0.0,0.0,0.0,ny,ny
2026-02-19T17:38:58.897779,13665.2424,13665.2424,0.0,0.0,0.0,0.0,5,0,0,0,0,0,0,0,0.0,0.0,0.0,0.0,0.0,,
2026-02-19T18:00:38.142318,13665.2424,13665.2424,0.0,0.0,0.0,0.0,5,0,0,0,0,0,0,0,0.0,0.0,0.0,0.0,0.0,ny,ny
2026-02-19T18:00:39.006504,13665.2424,13665.2424,0.0,0.0,0.0,0.0,5,0,0,0,0,0,0,0,0.0,0.0,0.0,0.0,0.0,ny,ny
2026-02-19T18:03:36.824304,13665.2424,13665.2424,0.0,0.0,0.0,0.0,5,0,0,0,0,0,0,0,0.0,0.0,0.0,0.0,0.0,ny,ny
2026-02-19T18:03:37.689102,13665.2424,13665.2424,0.0,0.0,0.0,0.0,5,0,0,0,0,0,0,0,0.0,0.0,0.0,0.0,0.0,ny,ny
2026-02-19T18:06:25.067725,13665.2424,13665.2424,0.0,0.0,0.0,0.0,5,0,0,0,0,0,0,0,0.0,0.0,0.0,0.0,0.0,ny,ny
2026-02-19T18:06:25.990641,13665.2424,13665.2424,0.0,0.0,0.0,0.0,5,0,0,0,0,0,0,0,0.0,0.0,0.0,0.0,0.0,ny,ny
2026-02-19T18:09:09.585325,13665.2424,13665.2424,0.0,0.0,0.0,0.0,5,0,0,0,0,0,0,0,0.0,0.0,0.0,0.0,0.0,ny,ny
2026-02-19T18:09:10.549723,13665.2424,13665.2424,0.0,0.0,0.0,0.0,5,0,0,0,0,0,0,0,0.0,0.0,0.0,0.0,0.0,ny,ny
2026-02-19T18:11:53.533370,13665.2424,13665.2424,0.0,0.0,0.0,0.0,5,0,0,0,0,0,0,0,0.0,0.0,0.0,0.0,0.0,,
2026-02-19T18:41:35.272378,13665.2424,13665.2424,0.0,0.0,0.0,0.0,5,0,0,0,0,0,0,0,0.0,0.0,0.0,0.0,0.0,ny,ny
2026-02-19T18:41:36.251400,13665.2424,13665.2424,0.0,0.0,0.0,0.0,5,0,0,0,0,0,0,0,0.0,0.0,0.0,0.0,0.0,ny,ny
2026-02-19T18:44:01.663546,13665.2424,13665.2424,0.0,0.0,0.0,0.0,5,0,0,0,0,0,0,0,0.0,0.0,0.0,0.0,0.0,,
2026-02-19T19:07:28.177331,13665.2424,13665.2424,0.0,0.0,0.0,0.0,5,0,0,0,0,0,0,0,0.0,0.0,0.0,0.0,0.0,,
2026-02-19T19:31:08.453041,13665.2424,13665.2424,0.0,0.0,0.0,0.0,5,0,0,0,0,0,0,0,0.0,0.0,0.0,0.0,0.0,,
2026-02-19T19:49:50.535399,13665.2424,13665.2424,0.0,0.0,0.0,0.0,5,0,0,0,0,0,0,0,0.0,0.0,0.0,0.0,0.0,,
2026-02-19T20:13:06.658412,13665.2424,13665.2424,0.0,0.0,0.0,0.0,5,0,0,0,0,0,0,0,0.0,0.0,0.0,0.0,0.0,ny,ny
2026-02-19T20:13:07.546126,13665.2424,13665.2424,0.0,0.0,0.0,0.0,5,0,0,0,0,0,0,0,0.0,0.0,0.0,0.0,0.0,ny,ny
2026-02-19T20:15:24.656373,13665.2424,13665.2424,0.0,0.0,0.0,0.0,5,0,0,0,0,0,0,0,0.0,0.0,0.0,0.0,0.0,ny,ny
2026-02-19T20:15:25.528341,13665.2424,13665.2424,0.0,0.0,0.0,0.0,5,0,0,0,0,0,0,0,0.0,0.0,0.0,0.0,0.0,ny,ny
2026-02-19T20:17:22.669360,13665.2424,13665.2424,0.0,0.0,0.0,0.0,5,0,0,0,0,0,0,0,0.0,0.0,0.0,0.0,0.0,ny,ny
2026-02-19T20:17:23.569787,13665.2424,13665.2424,0.0,0.0,0.0,0.0,5,0,0,0,0,0,0,0,0.0,0.0,0.0,0.0,0.0,ny,ny
2026-02-19T20:19:22.817279,13665.2424,13665.2424,0.0,0.0,0.0,0.0,5,0,0,0,0,0,0,0,0.0,0.0,0.0,0.0,0.0,ny,ny
2026-02-19T20:19:23.655220,13665.2424,13665.2424,0.0,0.0,0.0,0.0,5,0,0,0,0,0,0,0,0.0,0.0,0.0,0.0,0.0,ny,ny
2026-02-19T20:21:25.350064,13665.2424,13665.2424,0.0,0.0,0.0,0.0,5,0,0,0,0,0,0,0,0.0,0.0,0.0,0.0,0.0,ny,ny
2026-02-19T20:21:26.253278,13665.2424,13665.2424,0.0,0.0,0.0,0.0,5,0,0,0,0,0,0,0,0.0,0.0,0.0,0.0,0.0,ny,ny
2026-02-19T20:23:24.487292,13665.2424,13665.2424,0.0,0.0,0.0,0.0,5,0,0,0,0,0,0,0,0.0,0.0,0.0,0.0,0.0,ny,ny
2026-02-19T20:23:25.449339,13665.2424,13665.2424,0.0,0.0,0.0,0.0,5,0,0,0,0,0,0,0,0.0,0.0,0.0,0.0,0.0,ny,ny
2026-02-19T20:24:40.399050,13665.2424,13665.2424,0.0,0.0,0.0,0.0,5,0,0,0,0,0,0,0,0.0,0.0,0.0,0.0,0.0,,
2026-02-19T20:41:45.434547,13665.2424,13665.2424,0.0,0.0,0.0,0.0,5,0,0,0,0,0,0,0,0.0,0.0,0.0,0.0,0.0,ny,ny
2026-02-19T20:41:46.298125,13665.2424,13665.2424,0.0,0.0,0.0,0.0,5,0,0,0,0,0,0,0,0.0,0.0,0.0,0.0,0.0,ny,ny
2026-02-19T20:42:56.111383,13665.2424,13665.2424,0.0,0.0,0.0,0.0,5,0,0,0,0,0,0,0,0.0,0.0,0.0,0.0,0.0,,
2026-02-19T21:00:03.891153,13665.2424,13665.2424,0.0,0.0,0.0,0.0,5,0,0,0,0,0,0,0,0.0,0.0,0.0,0.0,0.0,ny,ny
2026-02-19T21:00:04.791353,13665.2424,13665.2424,0.0,0.0,0.0,0.0,5,0,0,0,0,0,0,0,0.0,0.0,0.0,0.0,0.0,ny,ny
2026-02-19T21:01:50.401353,13665.2424,13665.2424,0.0,0.0,0.0,0.0,5,0,0,0,0,0,0,0,0.0,0.0,0.0,0.0,0.0,,
2026-02-19T21:23:01.750393,13665.2424,13665.2424,0.0,0.0,0.0,0.0,5,0,0,0,0,0,0,0,0.0,0.0,0.0,0.0,0.0,ny,ny
2026-02-19T21:23:02.602233,13665.2424,13665.2424,0.0,0.0,0.0,0.0,5,0,0,0,0,0,0,0,0.0,0.0,0.0,0.0,0.0,ny,ny
2026-02-19T21:24:17.438084,13665.2424,13665.2424,0.0,0.0,0.0,0.0,5,0,0,0,0,0,0,0,0.0,0.0,0.0,0.0,0.0,,
2026-02-19T21:41:34.471365,13665.2424,13665.2424,0.0,0.0,0.0,0.0,5,0,0,0,0,0,0,0,0.0,0.0,0.0,0.0,0.0,,
2026-02-19T21:59:24.148329,13665.2424,13665.2424,0.0,0.0,0.0,0.0,5,0,0,0,0,0,0,0,0.0,0.0,0.0,0.0,0.0,,
2026-02-19T22:55:05.358405,13663.7734,13663.7734,0.0,0.0,-1.4689999999991414,-0.01074990078477599,5,0,0,0,0,0,0,0,0.0,0.00010749900784775991,0.00010749900784775991,0.0,0.0,,
2026-02-19T23:52:45.643804,13663.7734,13663.7734,0.0,0.0,-1.4689999999991414,-0.01074990078477599,5,0,0,0,0,0,0,0,0.0,0.00010749900784775991,0.00010749900784775991,0.0,0.0,,
2026-02-20T00:24:00.548747,13663.7734,13663.7734,0.0,0.0,-1.4689999999991414,-0.01074990078477599,5,0,0,0,0,0,0,0,0.0,0.00010749900784775991,0.00010749900784775991,0.0,0.0,tokyo,tokyo
2026-02-20T00:24:01.516974,13663.7734,13663.7734,0.0,0.0,-1.4689999999991414,-0.01074990078477599,5,0,0,0,0,0,0,0,0.0,0.00010749900784775991,0.00010749900784775991,0.0,0.0,tokyo,tokyo
2026-02-20T00:25:26.464691,13663.7734,13663.7734,0.0,0.0,0.0,0.0,5,0,0,0,0,0,0,0,0.0,0.0,0.0,0.0,0.0,tokyo,tokyo
2026-02-20T00:25:27.286342,13663.7734,13663.7734,0.0,0.0,0.0,0.0,5,0,0,0,0,0,0,0,0.0,0.0,0.0,0.0,0.0,tokyo,tokyo
2026-02-20T00:26:50.355387,13663.7734,13663.7734,0.0,0.0,0.0,0.0,5,0,0,0,0,0,0,0,0.0,0.0,0.0,0.0,0.0,tokyo,tokyo
2026-02-20T00:26:51.178309,13663.7734,13663.7734,0.0,0.0,0.0,0.0,5,0,0,0,0,0,0,0,0.0,0.0,0.0,0.0,0.0,tokyo,tokyo
2026-02-20T00:28:07.150170,13663.7734,13663.7734,0.0,0.0,0.0,0.0,5,0,0,0,0,0,0,0,0.0,0.0,0.0,0.0,0.0,tokyo,tokyo
2026-02-20T00:28:07.950689,13663.7734,13663.7734,0.0,0.0,0.0,0.0,5,0,0,0,0,0,0,0,0.0,0.0,0.0,0.0,0.0,tokyo,tokyo
2026-02-20T00:29:21.752249,13663.7734,13663.7734,0.0,0.0,0.0,0.0,5,0,0,0,0,0,0,0,0.0,0.0,0.0,0.0,0.0,tokyo,tokyo
2026-02-20T00:29:22.582414,13663.7734,13663.7734,0.0,0.0,0.0,0.0,5,0,0,0,0,0,0,0,0.0,0.0,0.0,0.0,0.0,tokyo,tokyo
2026-02-20T00:30:48.427542,13663.7734,13663.7734,0.0,0.0,0.0,0.0,5,0,0,0,0,0,0,0,0.0,0.0,0.0,0.0,0.0,tokyo,tokyo
2026-02-20T00:30:49.282116,13663.7734,13663.7734,0.0,0.0,0.0,0.0,5,0,0,0,0,0,0,0,0.0,0.0,0.0,0.0,0.0,tokyo,tokyo
2026-02-20T00:32:14.819418,13663.7734,13663.7734,0.0,0.0,0.0,0.0,5,0,0,0,0,0,0,0,0.0,0.0,0.0,0.0,0.0,tokyo,tokyo
2026-02-20T00:32:15.622986,13663.7734,13663.7734,0.0,0.0,0.0,0.0,5,0,0,0,0,0,0,0,0.0,0.0,0.0,0.0,0.0,tokyo,tokyo
2026-02-20T00:33:35.712853,13663.7734,13663.7734,0.0,0.0,0.0,0.0,5,0,0,0,0,0,0,0,0.0,0.0,0.0,0.0,0.0,tokyo,tokyo
2026-02-20T00:33:36.516872,13663.7734,13663.7734,0.0,0.0,0.0,0.0,5,0,0,0,0,0,0,0,0.0,0.0,0.0,0.0,0.0,tokyo,tokyo
2026-02-20T00:34:53.715693,13663.7734,13663.7734,0.0,0.0,0.0,0.0,5,0,0,0,0,0,0,0,0.0,0.0,0.0,0.0,0.0,tokyo,tokyo
2026-02-20T00:34:54.506285,13663.7734,13663.7734,0.0,0.0,0.0,0.0,5,0,0,0,0,0,0,0,0.0,0.0,0.0,0.0,0.0,tokyo,tokyo
2026-02-20T00:36:14.146294,13663.7734,13663.7734,0.0,0.0,0.0,0.0,5,0,0,0,0,0,0,0,0.0,0.0,0.0,0.0,0.0,tokyo,tokyo
2026-02-20T00:36:14.971120,13663.7734,13663.7734,0.0,0.0,0.0,0.0,5,0,0,0,0,0,0,0,0.0,0.0,0.0,0.0,0.0,tokyo,tokyo
2026-02-20T00:37:46.890264,13663.7734,13663.7734,0.0,0.0,0.0,0.0,5,0,0,0,0,0,0,0,0.0,0.0,0.0,0.0,0.0,tokyo,tokyo
2026-02-20T00:37:47.730495,13663.7734,13663.7734,0.0,0.0,0.0,0.0,5,0,0,0,0,0,0,0,0.0,0.0,0.0,0.0,0.0,tokyo,tokyo
2026-02-20T00:39:10.148173,13663.7734,13663.7734,0.0,0.0,0.0,0.0,5,0,0,0,0,0,0,0,0.0,0.0,0.0,0.0,0.0,tokyo,tokyo
2026-02-20T00:39:11.004036,13663.7734,13663.7734,0.0,0.0,0.0,0.0,5,0,0,0,0,0,0,0,0.0,0.0,0.0,0.0,0.0,tokyo,tokyo
2026-02-20T00:40:27.181056,13663.7734,13663.7734,0.0,0.0,0.0,0.0,5,0,0,0,0,0,0,0,0.0,0.0,0.0,0.0,0.0,tokyo,tokyo
2026-02-20T00:40:27.950780,13663.7734,13663.7734,0.0,0.0,0.0,0.0,5,0,0,0,0,0,0,0,0.0,0.0,0.0,0.0,0.0,tokyo,tokyo
2026-02-20T00:41:52.265428,13663.7734,13663.7734,0.0,0.0,0.0,0.0,5,0,0,0,0,0,0,0,0.0,0.0,0.0,0.0,0.0,tokyo,tokyo
2026-02-20T00:41:53.111883,13663.7734,13663.7734,0.0,0.0,0.0,0.0,5,0,0,0,0,0,0,0,0.0,0.0,0.0,0.0,0.0,tokyo,tokyo
2026-02-20T00:43:12.976261,13663.7734,13663.7734,0.0,0.0,0.0,0.0,5,0,0,0,0,0,0,0,0.0,0.0,0.0,0.0,0.0,tokyo,tokyo
2026-02-20T00:43:13.778981,13663.7734,13663.7734,0.0,0.0,0.0,0.0,5,0,0,0,0,0,0,0,0.0,0.0,0.0,0.0,0.0,tokyo,tokyo
2026-02-20T00:44:43.122685,13663.7734,13663.7734,0.0,0.0,0.0,0.0,5,0,0,0,0,0,0,0,0.0,0.0,0.0,0.0,0.0,tokyo,tokyo
2026-02-20T00:44:43.990734,13663.7734,13663.7734,0.0,0.0,0.0,0.0,5,0,0,0,0,0,0,0,0.0,0.0,0.0,0.0,0.0,tokyo,tokyo
2026-02-20T00:46:09.162701,13663.7734,13663.7734,0.0,0.0,0.0,0.0,5,0,0,0,0,0,0,0,0.0,0.0,0.0,0.0,0.0,,
2026-02-20T01:06:05.603333,13663.7734,13663.7734,0.0,0.0,0.0,0.0,5,0,0,0,0,0,0,0,0.0,0.0,0.0,0.0,0.0,,
2026-02-20T01:28:11.463348,13663.7734,13663.7734,0.0,0.0,0.0,0.0,5,0,0,0,0,0,0,0,0.0,0.0,0.0,0.0,0.0,,
2026-02-20T01:46:41.388292,13663.7734,13663.7734,0.0,0.0,0.0,0.0,5,0,0,0,0,0,0,0,0.0,0.0,0.0,0.0,0.0,tokyo,tokyo
2026-02-20T01:46:42.217628,13663.7734,13663.7734,0.0,0.0,0.0,0.0,5,0,0,0,0,0,0,0,0.0,0.0,0.0,0.0,0.0,tokyo,tokyo
2026-02-20T01:48:05.580000,13663.7734,13663.7734,0.0,0.0,0.0,0.0,5,0,0,0,0,0,0,0,0.0,0.0,0.0,0.0,0.0,tokyo,tokyo
2026-02-20T01:48:06.399111,13663.7734,13663.7734,0.0,0.0,0.0,0.0,5,0,0,0,0,0,0,0,0.0,0.0,0.0,0.0,0.0,tokyo,tokyo
2026-02-20T01:49:25.048295,13663.7734,13663.7734,0.0,0.0,0.0,0.0,5,0,0,0,0,0,0,0,0.0,0.0,0.0,0.0,0.0,tokyo,tokyo
2026-02-20T01:49:25.917288,13663.7734,13663.7734,0.0,0.0,0.0,0.0,5,0,0,0,0,0,0,0,0.0,0.0,0.0,0.0,0.0,tokyo,tokyo
2026-02-20T01:50:55.626342,13663.7734,13663.7734,0.0,0.0,0.0,0.0,4,0,0,0,0,0,0,0,0.0,0.0,0.0,0.0,0.0,tokyo,tokyo
2026-02-20T01:50:56.350019,13663.7734,13663.7734,0.0,0.0,0.0,0.0,4,0,0,0,0,0,0,0,0.0,0.0,0.0,0.0,0.0,tokyo,tokyo
2026-02-20T01:52:24.059251,13749.5022,13749.5022,0.0,0.0,0.0,0.0,4,1,0,0,0,0,0,0,0.0,0.0,0.0,0.0,0.0,tokyo,tokyo
2026-02-20T01:52:24.760909,13749.5022,13749.5022,0.0,0.0,0.0,0.0,4,1,0,0,0,0,0,0,0.0,0.0,0.0,0.0,0.0,tokyo,tokyo
2026-02-20T01:53:50.238332,13749.5022,13749.5022,0.0,0.0,0.0,0.0,5,0,0,0,0,0,0,0,0.0,0.0,0.0,0.0,0.0,tokyo,tokyo
2026-02-20T01:53:51.166593,13749.5022,13749.5022,0.0,0.0,0.0,0.0,5,0,0,0,0,0,0,0,0.0,0.0,0.0,0.0,0.0,tokyo,tokyo
2026-02-20T01:55:21.201911,13749.5022,13749.5022,0.0,0.0,0.0,0.0,5,0,0,0,0,0,0,0,0.0,0.0,0.0,0.0,0.0,tokyo,tokyo
2026-02-20T01:55:22.051340,13749.5022,13749.5022,0.0,0.0,0.0,0.0,5,0,0,0,0,0,0,0,0.0,0.0,0.0,0.0,0.0,tokyo,tokyo
2026-02-20T01:56:43.048614,13749.5022,13749.5022,0.0,0.0,0.0,0.0,5,0,0,0,0,0,0,0,0.0,0.0,0.0,0.0,0.0,tokyo,tokyo
2026-02-20T01:56:43.853270,13749.5022,13749.5022,0.0,0.0,0.0,0.0,5,0,0,0,0,0,0,0,0.0,0.0,0.0,0.0,0.0,tokyo,tokyo
2026-02-20T01:58:03.802309,13749.5022,13749.5022,0.0,0.0,0.0,0.0,5,0,0,0,0,0,0,0,0.0,0.0,0.0,0.0,0.0,tokyo,tokyo
2026-02-20T01:58:04.739272,13749.5022,13749.5022,0.0,0.0,0.0,0.0,5,0,0,0,0,0,0,0,0.0,0.0,0.0,0.0,0.0,tokyo,tokyo
2026-02-20T01:59:26.405562,13749.5022,13749.5022,0.0,0.0,0.0,0.0,5,0,0,0,0,0,0,0,0.0,0.0,0.0,0.0,0.0,,
2026-02-20T02:25:03.892618,13749.5022,13749.5022,0.0,0.0,0.0,0.0,6,1,0,0,0,0,0,0,0.0,0.0,0.0,0.0,0.0,tokyo,tokyo
2026-02-20T02:25:04.837327,13749.5022,13749.5022,0.0,0.0,0.0,0.0,6,1,0,0,0,0,0,0,0.0,0.0,0.0,0.0,0.0,tokyo,tokyo
2026-02-20T02:27:35.708087,13749.5022,13749.5022,0.0,0.0,0.0,0.0,6,0,0,0,0,0,0,0,0.0,0.0,0.0,0.0,0.0,tokyo,tokyo
2026-02-20T02:27:36.791115,13749.5022,13749.5022,0.0,0.0,0.0,0.0,6,0,0,0,0,0,0,0,0.0,0.0,0.0,0.0,0.0,tokyo,tokyo
2026-02-20T02:29:52.375434,13749.5022,13749.5022,0.0,0.0,0.0,0.0,6,0,0,0,0,0,0,0,0.0,0.0,0.0,0.0,0.0,tokyo,tokyo
2026-02-20T02:29:53.336309,13749.5022,13749.5022,0.0,0.0,0.0,0.0,6,0,0,0,0,0,0,0,0.0,0.0,0.0,0.0,0.0,tokyo,tokyo
2026-02-20T02:32:16.512522,13749.5022,13749.5022,0.0,0.0,0.0,0.0,6,0,0,0,0,0,0,0,0.0,0.0,0.0,0.0,0.0,tokyo,tokyo
2026-02-20T02:32:17.485340,13749.5022,13749.5022,0.0,0.0,0.0,0.0,6,0,0,0,0,0,0,0,0.0,0.0,0.0,0.0,0.0,tokyo,tokyo
2026-02-20T02:34:34.788451,13749.5022,13749.5022,0.0,0.0,0.0,0.0,6,0,0,0,0,0,0,0,0.0,0.0,0.0,0.0,0.0,tokyo,tokyo
2026-02-20T02:34:35.795312,13749.5022,13749.5022,0.0,0.0,0.0,0.0,6,0,0,0,0,0,0,0,0.0,0.0,0.0,0.0,0.0,tokyo,tokyo
2026-02-20T02:36:48.589331,13749.5022,13749.5022,0.0,0.0,0.0,0.0,6,0,0,0,0,0,0,0,0.0,0.0,0.0,0.0,0.0,tokyo,tokyo
2026-02-20T02:36:49.556248,13749.5022,13749.5022,0.0,0.0,0.0,0.0,6,0,0,0,0,0,0,0,0.0,0.0,0.0,0.0,0.0,tokyo,tokyo
2026-02-20T02:38:52.321293,13749.5022,13749.5022,0.0,0.0,0.0,0.0,6,0,0,0,0,0,0,0,0.0,0.0,0.0,0.0,0.0,tokyo,tokyo
2026-02-20T02:38:53.286272,13749.5022,13749.5022,0.0,0.0,0.0,0.0,6,0,0,0,0,0,0,0,0.0,0.0,0.0,0.0,0.0,tokyo,tokyo
2026-02-20T02:41:01.433382,13749.5022,13749.5022,0.0,0.0,0.0,0.0,6,0,0,0,0,0,0,0,0.0,0.0,0.0,0.0,0.0,,
2026-02-20T03:02:43.255400,13749.5022,13749.5022,0.0,0.0,0.0,0.0,6,0,0,0,0,0,0,0,0.0,0.0,0.0,0.0,0.0,tokyo,tokyo
2026-02-20T03:02:44.294326,13749.5022,13749.5022,0.0,0.0,0.0,0.0,6,0,0,0,0,0,0,0,0.0,0.0,0.0,0.0,0.0,tokyo,tokyo
2026-02-20T03:05:07.474516,13749.5022,13749.5022,0.0,0.0,0.0,0.0,6,0,0,0,0,0,0,0,0.0,0.0,0.0,0.0,0.0,tokyo,tokyo
2026-02-20T03:05:08.486395,13749.5022,13749.5022,0.0,0.0,0.0,0.0,6,0,0,0,0,0,0,0,0.0,0.0,0.0,0.0,0.0,tokyo,tokyo
2026-02-20T03:07:21.124283,13749.5022,13749.5022,0.0,0.0,0.0,0.0,6,0,0,0,0,0,0,0,0.0,0.0,0.0,0.0,0.0,tokyo,tokyo
2026-02-20T03:07:22.160339,13749.5022,13749.5022,0.0,0.0,0.0,0.0,6,0,0,0,0,0,0,0,0.0,0.0,0.0,0.0,0.0,tokyo,tokyo
2026-02-20T03:09:33.935280,13749.5022,13749.5022,0.0,0.0,0.0,0.0,6,0,0,0,0,0,0,0,0.0,0.0,0.0,0.0,0.0,tokyo,tokyo
2026-02-20T03:09:34.995481,13749.5022,13749.5022,0.0,0.0,0.0,0.0,6,0,0,0,0,0,0,0,0.0,0.0,0.0,0.0,0.0,tokyo,tokyo
2026-02-20T03:11:47.915297,13749.5022,13749.5022,0.0,0.0,0.0,0.0,6,0,0,0,0,0,0,0,0.0,0.0,0.0,0.0,0.0,,
2026-02-20T03:33:17.566638,13749.5022,13749.5022,0.0,0.0,0.0,0.0,6,0,0,0,0,0,0,0,0.0,0.0,0.0,0.0,0.0,tokyo,tokyo
2026-02-20T03:33:18.478448,13749.5022,13749.5022,0.0,0.0,0.0,0.0,6,0,0,0,0,0,0,0,0.0,0.0,0.0,0.0,0.0,tokyo,tokyo
2026-02-20T03:34:37.799550,13749.5022,13749.5022,0.0,0.0,0.0,0.0,6,0,0,0,0,0,0,0,0.0,0.0,0.0,0.0,0.0,tokyo,tokyo
2026-02-20T03:34:38.769185,13749.5022,13749.5022,0.0,0.0,0.0,0.0,6,0,0,0,0,0,0,0,0.0,0.0,0.0,0.0,0.0,tokyo,tokyo
2026-02-20T03:35:58.729704,13749.5022,13749.5022,0.0,0.0,0.0,0.0,6,0,0,0,0,0,0,0,0.0,0.0,0.0,0.0,0.0,,
2026-02-20T03:52:55.289161,13749.5022,13749.5022,0.0,0.0,0.0,0.0,6,0,0,0,0,0,0,0,0.0,0.0,0.0,0.0,0.0,,
2026-02-20T04:13:34.533545,13749.5022,13749.5022,0.0,0.0,0.0,0.0,6,0,0,0,0,0,0,0,0.0,0.0,0.0,0.0,0.0,,
2026-02-20T04:32:01.332021,13749.5022,13749.5022,0.0,0.0,0.0,0.0,6,0,0,0,0,0,0,0,0.0,0.0,0.0,0.0,0.0,,
2026-02-20T04:48:48.109597,13749.5022,13749.5022,0.0,0.0,0.0,0.0,6,0,0,0,0,0,0,0,0.0,0.0,0.0,0.0,0.0,tokyo,tokyo
2026-02-20T04:48:49.089093,13749.5022,13749.5022,0.0,0.0,0.0,0.0,6,0,0,0,0,0,0,0,0.0,0.0,0.0,0.0,0.0,tokyo,tokyo
2026-02-20T04:49:55.336544,13749.5022,13749.5022,0.0,0.0,0.0,0.0,6,0,0,0,0,0,0,0,0.0,0.0,0.0,0.0,0.0,tokyo,tokyo
2026-02-20T04:49:56.252484,13749.5022,13749.5022,0.0,0.0,0.0,0.0,6,0,0,0,0,0,0,0,0.0,0.0,0.0,0.0,0.0,tokyo,tokyo
2026-02-20T04:51:04.513651,13749.5022,13749.5022,0.0,0.0,0.0,0.0,6,0,0,0,0,0,0,0,0.0,0.0,0.0,0.0,0.0,tokyo,tokyo
2026-02-20T04:51:05.439534,13749.5022,13749.5022,0.0,0.0,0.0,0.0,6,0,0,0,0,0,0,0,0.0,0.0,0.0,0.0,0.0,tokyo,tokyo
2026-02-20T04:52:12.859308,13749.5022,13749.5022,0.0,0.0,0.0,0.0,6,0,0,0,0,0,0,0,0.0,0.0,0.0,0.0,0.0,tokyo,tokyo
2026-02-20T04:52:13.860996,13749.5022,13749.5022,0.0,0.0,0.0,0.0,6,0,0,0,0,0,0,0,0.0,0.0,0.0,0.0,0.0,tokyo,tokyo
2026-02-20T04:53:22.056296,13749.5022,13749.5022,0.0,0.0,0.0,0.0,6,0,0,0,0,0,0,0,0.0,0.0,0.0,0.0,0.0,tokyo,tokyo
2026-02-20T04:53:22.999111,13749.5022,13749.5022,0.0,0.0,0.0,0.0,6,0,0,0,0,0,0,0,0.0,0.0,0.0,0.0,0.0,tokyo,tokyo
2026-02-20T04:54:41.085470,13749.5022,13749.5022,0.0,0.0,0.0,0.0,6,0,0,0,0,0,0,0,0.0,0.0,0.0,0.0,0.0,tokyo,tokyo
2026-02-20T04:54:42.016264,13749.5022,13749.5022,0.0,0.0,0.0,0.0,6,0,0,0,0,0,0,0,0.0,0.0,0.0,0.0,0.0,tokyo,tokyo
2026-02-20T04:55:58.988927,13749.5022,13749.5022,0.0,0.0,0.0,0.0,6,0,0,0,0,0,0,0,0.0,0.0,0.0,0.0,0.0,tokyo,tokyo
2026-02-20T04:56:00.030337,13749.5022,13749.5022,0.0,0.0,0.0,0.0,6,0,0,0,0,0,0,0,0.0,0.0,0.0,0.0,0.0,tokyo,tokyo
2026-02-20T04:57:15.476350,13749.5022,13749.5022,0.0,0.0,0.0,0.0,6,0,0,0,0,0,0,0,0.0,0.0,0.0,0.0,0.0,tokyo,tokyo
2026-02-20T04:57:16.447668,13749.5022,13749.5022,0.0,0.0,0.0,0.0,6,0,0,0,0,0,0,0,0.0,0.0,0.0,0.0,0.0,tokyo,tokyo
2026-02-20T04:58:31.309435,13749.5022,13749.5022,0.0,0.0,0.0,0.0,6,0,0,0,0,0,0,0,0.0,0.0,0.0,0.0,0.0,tokyo,tokyo
2026-02-20T04:58:32.236813,13749.5022,13749.5022,0.0,0.0,0.0,0.0,6,0,0,0,0,0,0,0,0.0,0.0,0.0,0.0,0.0,tokyo,tokyo
2026-02-20T04:59:41.511842,13749.5022,13749.5022,0.0,0.0,0.0,0.0,6,0,0,0,0,0,0,0,0.0,0.0,0.0,0.0,0.0,tokyo,tokyo
2026-02-20T04:59:42.497099,13749.5022,13749.5022,0.0,0.0,0.0,0.0,6,0,0,0,0,0,0,0,0.0,0.0,0.0,0.0,0.0,tokyo,tokyo
2026-02-20T05:01:34.454322,13749.5022,13749.5022,0.0,0.0,0.0,0.0,6,0,0,0,0,0,0,0,0.0,0.0,0.0,0.0,0.0,tokyo,tokyo
2026-02-20T05:01:35.431705,13749.5022,13749.5022,0.0,0.0,0.0,0.0,6,0,0,0,0,0,0,0,0.0,0.0,0.0,0.0,0.0,tokyo,tokyo
2026-02-20T05:03:26.223277,13749.5022,13749.5022,0.0,0.0,0.0,0.0,6,0,0,0,0,0,0,0,0.0,0.0,0.0,0.0,0.0,tokyo,tokyo
2026-02-20T05:03:27.172958,13749.5022,13749.5022,0.0,0.0,0.0,0.0,6,0,0,0,0,0,0,0,0.0,0.0,0.0,0.0,0.0,tokyo,tokyo
2026-02-20T05:05:19.708879,13749.5022,13749.5022,0.0,0.0,0.0,0.0,6,0,0,0,0,0,0,0,0.0,0.0,0.0,0.0,0.0,tokyo,tokyo
2026-02-20T05:05:20.710365,13749.5022,13749.5022,0.0,0.0,0.0,0.0,6,0,0,0,0,0,0,0,0.0,0.0,0.0,0.0,0.0,tokyo,tokyo
2026-02-20T05:07:16.656970,13749.5022,13749.5022,0.0,0.0,0.0,0.0,6,0,0,0,0,0,0,0,0.0,0.0,0.0,0.0,0.0,tokyo,tokyo
2026-02-20T05:07:17.589311,13749.5022,13749.5022,0.0,0.0,0.0,0.0,6,0,0,0,0,0,0,0,0.0,0.0,0.0,0.0,0.0,tokyo,tokyo
2026-02-20T05:08:59.497271,13749.5022,13749.5022,0.0,0.0,0.0,0.0,6,0,0,0,0,0,0,0,0.0,0.0,0.0,0.0,0.0,,
2026-02-20T05:29:44.152381,13749.5022,13749.5022,0.0,0.0,0.0,0.0,6,0,0,0,0,0,0,0,0.0,0.0,0.0,0.0,0.0,tokyo,tokyo
2026-02-20T05:29:45.110655,13749.5022,13749.5022,0.0,0.0,0.0,0.0,6,0,0,0,0,0,0,0,0.0,0.0,0.0,0.0,0.0,tokyo,tokyo
2026-02-20T05:30:55.441694,13749.5022,13749.5022,0.0,0.0,0.0,0.0,6,0,0,0,0,0,0,0,0.0,0.0,0.0,0.0,0.0,tokyo,tokyo
2026-02-20T05:30:56.435479,13749.5022,13749.5022,0.0,0.0,0.0,0.0,6,0,0,0,0,0,0,0,0.0,0.0,0.0,0.0,0.0,tokyo,tokyo
2026-02-20T05:32:05.534079,13749.5022,13749.5022,0.0,0.0,0.0,0.0,6,0,0,0,0,0,0,0,0.0,0.0,0.0,0.0,0.0,tokyo,tokyo
2026-02-20T05:32:06.573315,13749.5022,13749.5022,0.0,0.0,0.0,0.0,6,0,0,0,0,0,0,0,0.0,0.0,0.0,0.0,0.0,tokyo,tokyo
2026-02-20T05:33:21.889737,13749.5022,13749.5022,0.0,0.0,0.0,0.0,6,0,0,0,0,0,0,0,0.0,0.0,0.0,0.0,0.0,tokyo,tokyo
2026-02-20T05:33:22.815940,13749.5022,13749.5022,0.0,0.0,0.0,0.0,6,0,0,0,0,0,0,0,0.0,0.0,0.0,0.0,0.0,tokyo,tokyo
2026-02-20T05:34:42.523860,13749.5022,13749.5022,0.0,0.0,0.0,0.0,6,0,0,0,0,0,0,0,0.0,0.0,0.0,0.0,0.0,tokyo,tokyo
2026-02-20T05:34:43.444999,13749.5022,13749.5022,0.0,0.0,0.0,0.0,6,0,0,0,0,0,0,0,0.0,0.0,0.0,0.0,0.0,tokyo,tokyo
2026-02-20T05:35:50.327297,13749.5022,13749.5022,0.0,0.0,0.0,0.0,6,0,0,0,0,0,0,0,0.0,0.0,0.0,0.0,0.0,tokyo,tokyo
2026-02-20T05:35:51.225714,13749.5022,13749.5022,0.0,0.0,0.0,0.0,6,0,0,0,0,0,0,0,0.0,0.0,0.0,0.0,0.0,tokyo,tokyo
2026-02-20T05:36:59.963884,13749.5022,13749.5022,0.0,0.0,0.0,0.0,6,0,0,0,0,0,0,0,0.0,0.0,0.0,0.0,0.0,tokyo,tokyo
2026-02-20T05:37:00.858363,13749.5022,13749.5022,0.0,0.0,0.0,0.0,6,0,0,0,0,0,0,0,0.0,0.0,0.0,0.0,0.0,tokyo,tokyo
2026-02-20T05:38:17.751318,13749.5022,13749.5022,0.0,0.0,0.0,0.0,6,0,0,0,0,0,0,0,0.0,0.0,0.0,0.0,0.0,,
2026-02-20T05:56:16.851295,13749.5022,13749.5022,0.0,0.0,0.0,0.0,6,0,0,0,0,0,0,0,0.0,0.0,0.0,0.0,0.0,tokyo,tokyo
2026-02-20T05:56:17.769777,13749.5022,13749.5022,0.0,0.0,0.0,0.0,6,0,0,0,0,0,0,0,0.0,0.0,0.0,0.0,0.0,tokyo,tokyo
2026-02-20T05:57:46.319693,13749.5022,13749.5022,0.0,0.0,0.0,0.0,6,0,0,0,0,0,0,0,0.0,0.0,0.0,0.0,0.0,tokyo,tokyo
2026-02-20T05:57:47.294056,13749.5022,13749.5022,0.0,0.0,0.0,0.0,6,0,0,0,0,0,0,0,0.0,0.0,0.0,0.0,0.0,tokyo,tokyo
2026-02-20T05:58:53.592441,13749.5022,13749.5022,0.0,0.0,0.0,0.0,6,0,0,0,0,0,0,0,0.0,0.0,0.0,0.0,0.0,tokyo,tokyo
2026-02-20T05:58:54.581444,13749.5022,13749.5022,0.0,0.0,0.0,0.0,6,0,0,0,0,0,0,0,0.0,0.0,0.0,0.0,0.0,tokyo,tokyo
2026-02-20T06:00:23.456313,13749.5022,13749.5022,0.0,0.0,0.0,0.0,6,0,0,0,0,0,0,0,0.0,0.0,0.0,0.0,0.0,tokyo,tokyo
2026-02-20T06:00:24.404325,13749.5022,13749.5022,0.0,0.0,0.0,0.0,6,0,0,0,0,0,0,0,0.0,0.0,0.0,0.0,0.0,tokyo,tokyo
2026-02-20T06:02:08.354339,13749.5022,13749.5022,0.0,0.0,0.0,0.0,6,0,0,0,0,0,0,0,0.0,0.0,0.0,0.0,0.0,,
2026-02-20T06:26:51.512684,13749.5022,13749.5022,0.0,0.0,0.0,0.0,6,0,0,0,0,0,0,0,0.0,0.0,0.0,0.0,0.0,tokyo,tokyo
2026-02-20T06:26:52.485369,13749.5022,13749.5022,0.0,0.0,0.0,0.0,6,0,0,0,0,0,0,0,0.0,0.0,0.0,0.0,0.0,tokyo,tokyo
2026-02-20T06:28:51.917307,13749.5022,13749.5022,0.0,0.0,0.0,0.0,6,0,0,0,0,0,0,0,0.0,0.0,0.0,0.0,0.0,,
2026-02-20T06:51:18.326258,13749.5022,13749.5022,0.0,0.0,0.0,0.0,6,0,0,0,0,0,0,0,0.0,0.0,0.0,0.0,0.0,,
2026-02-20T07:12:06.816386,13749.5022,13749.5022,0.0,0.0,0.0,0.0,6,0,0,0,0,0,0,0,0.0,0.0,0.0,0.0,0.0,tokyo,tokyo
2026-02-20T07:12:07.813338,13749.5022,13749.5022,0.0,0.0,0.0,0.0,6,0,0,0,0,0,0,0,0.0,0.0,0.0,0.0,0.0,tokyo,tokyo
2026-02-20T07:14:11.063311,13749.5022,13749.5022,0.0,0.0,0.0,0.0,6,0,0,0,0,0,0,0,0.0,0.0,0.0,0.0,0.0,tokyo,tokyo
2026-02-20T07:14:12.079292,13749.5022,13749.5022,0.0,0.0,0.0,0.0,6,0,0,0,0,0,0,0,0.0,0.0,0.0,0.0,0.0,tokyo,tokyo
2026-02-20T07:16:14.874357,13749.5022,13749.5022,0.0,0.0,0.0,0.0,6,0,0,0,0,0,0,0,0.0,0.0,0.0,0.0,0.0,tokyo,tokyo
2026-02-20T07:16:15.863343,13749.5022,13749.5022,0.0,0.0,0.0,0.0,6,0,0,0,0,0,0,0,0.0,0.0,0.0,0.0,0.0,tokyo,tokyo
2026-02-20T07:18:13.332306,13749.5022,13749.5022,0.0,0.0,0.0,0.0,6,0,0,0,0,0,0,0,0.0,0.0,0.0,0.0,0.0,tokyo,tokyo
2026-02-20T07:18:14.273331,13749.5022,13749.5022,0.0,0.0,0.0,0.0,6,0,0,0,0,0,0,0,0.0,0.0,0.0,0.0,0.0,tokyo,tokyo
2026-02-20T07:20:21.252325,13749.5022,13749.5022,0.0,0.0,0.0,0.0,6,0,0,0,0,0,0,0,0.0,0.0,0.0,0.0,0.0,tokyo,tokyo
2026-02-20T07:20:22.222391,13749.5022,13749.5022,0.0,0.0,0.0,0.0,6,0,0,0,0,0,0,0,0.0,0.0,0.0,0.0,0.0,tokyo,tokyo
2026-02-20T07:22:38.687307,13749.5022,13749.5022,0.0,0.0,0.0,0.0,6,0,0,0,0,0,0,0,0.0,0.0,0.0,0.0,0.0,,
2026-02-20T07:41:17.701404,13749.5022,13749.5022,0.0,0.0,0.0,0.0,6,0,0,0,0,0,0,0,0.0,0.0,0.0,0.0,0.0,,
2026-02-20T07:59:47.284317,13749.5022,13749.5022,0.0,0.0,0.0,0.0,6,0,0,0,0,0,0,0,0.0,0.0,0.0,0.0,0.0,tokyo,tokyo
2026-02-20T07:59:48.247344,13749.5022,13749.5022,0.0,0.0,0.0,0.0,6,0,0,0,0,0,0,0,0.0,0.0,0.0,0.0,0.0,tokyo,tokyo
2026-02-20T08:02:08.453847,13749.5022,13749.5022,0.0,0.0,0.0,0.0,6,0,0,0,0,0,0,0,0.0,0.0,0.0,0.0,0.0,tokyo_london_overlap,tokyo_london_overlap
2026-02-20T08:02:09.471785,13749.5022,13749.5022,0.0,0.0,0.0,0.0,6,0,0,0,0,0,0,0,0.0,0.0,0.0,0.0,0.0,tokyo_london_overlap,tokyo_london_overlap
2026-02-20T08:04:18.259340,13749.5022,13749.5022,0.0,0.0,0.0,0.0,6,0,0,0,0,0,0,0,0.0,0.0,0.0,0.0,0.0,tokyo_london_overlap,tokyo_london_overlap
2026-02-20T08:04:19.300340,13749.5022,13749.5022,0.0,0.0,0.0,0.0,6,0,0,0,0,0,0,0,0.0,0.0,0.0,0.0,0.0,tokyo_london_overlap,tokyo_london_overlap
2026-02-20T08:06:15.603916,13749.5022,13749.5022,0.0,0.0,0.0,0.0,6,0,0,0,0,0,0,0,0.0,0.0,0.0,0.0,0.0,tokyo_london_overlap,tokyo_london_overlap
2026-02-20T08:06:16.631713,13749.5022,13749.5022,0.0,0.0,0.0,0.0,6,0,0,0,0,0,0,0,0.0,0.0,0.0,0.0,0.0,tokyo_london_overlap,tokyo_london_overlap
2026-02-20T08:08:16.882292,13749.5022,13749.5022,0.0,0.0,0.0,0.0,6,0,0,0,0,0,0,0,0.0,0.0,0.0,0.0,0.0,tokyo_london_overlap,tokyo_london_overlap
2026-02-20T08:08:17.849940,13749.5022,13749.5022,0.0,0.0,0.0,0.0,6,0,0,0,0,0,0,0,0.0,0.0,0.0,0.0,0.0,tokyo_london_overlap,tokyo_london_overlap
2026-02-20T08:10:27.289931,13749.5022,13749.5022,0.0,0.0,0.0,0.0,6,0,0,0,0,0,0,0,0.0,0.0,0.0,0.0,0.0,tokyo_london_overlap,tokyo_london_overlap
2026-02-20T08:10:28.293609,13749.5022,13749.5022,0.0,0.0,0.0,0.0,6,0,0,0,0,0,0,0,0.0,0.0,0.0,0.0,0.0,tokyo_london_overlap,tokyo_london_overlap
2026-02-20T08:12:27.717313,13749.5022,13749.5022,0.0,0.0,0.0,0.0,6,0,0,0,0,0,0,0,0.0,0.0,0.0,0.0,0.0,tokyo_london_overlap,tokyo_london_overlap
2026-02-20T08:12:28.695974,13749.5022,13749.5022,0.0,0.0,0.0,0.0,6,0,0,0,0,0,0,0,0.0,0.0,0.0,0.0,0.0,tokyo_london_overlap,tokyo_london_overlap
2026-02-20T08:14:35.334354,13749.5022,13749.5022,0.0,0.0,0.0,0.0,6,0,0,0,0,0,0,0,0.0,0.0,0.0,0.0,0.0,tokyo_london_overlap,tokyo_london_overlap
2026-02-20T08:14:36.279464,13749.5022,13749.5022,0.0,0.0,0.0,0.0,6,0,0,0,0,0,0,0,0.0,0.0,0.0,0.0,0.0,tokyo_london_overlap,tokyo_london_overlap
2026-02-20T08:16:43.394334,13749.5022,13749.5022,0.0,0.0,0.0,0.0,6,0,0,0,0,0,0,0,0.0,0.0,0.0,0.0,0.0,tokyo_london_overlap,tokyo_london_overlap
2026-02-20T08:16:44.430439,13749.5022,13749.5022,0.0,0.0,0.0,0.0,6,0,0,0,0,0,0,0,0.0,0.0,0.0,0.0,0.0,tokyo_london_overlap,tokyo_london_overlap
2026-02-20T08:19:09.006339,13749.5022,13749.5022,0.0,0.0,0.0,0.0,6,0,0,0,0,0,0,0,0.0,0.0,0.0,0.0,0.0,tokyo_london_overlap,tokyo_london_overlap
2026-02-20T08:19:10.063319,13749.5022,13749.5022,0.0,0.0,0.0,0.0,6,0,0,0,0,0,0,0,0.0,0.0,0.0,0.0,0.0,tokyo_london_overlap,tokyo_london_overlap
2026-02-20T08:21:30.193326,13749.5022,13749.5022,0.0,0.0,0.0,0.0,6,0,0,0,0,0,0,0,0.0,0.0,0.0,0.0,0.0,tokyo_london_overlap,tokyo_london_overlap
2026-02-20T08:21:31.146846,13749.5022,13749.5022,0.0,0.0,0.0,0.0,6,0,0,0,0,0,0,0,0.0,0.0,0.0,0.0,0.0,tokyo_london_overlap,tokyo_london_overlap
2026-02-20T08:23:37.426598,13749.5022,13749.5022,0.0,0.0,0.0,0.0,6,0,0,0,0,0,0,0,0.0,0.0,0.0,0.0,0.0,tokyo_london_overlap,tokyo_london_overlap
2026-02-20T08:23:38.413388,13749.5022,13749.5022,0.0,0.0,0.0,0.0,6,0,0,0,0,0,0,0,0.0,0.0,0.0,0.0,0.0,tokyo_london_overlap,tokyo_london_overlap
2026-02-20T08:25:38.950340,13749.5022,13749.5022,0.0,0.0,0.0,0.0,6,0,0,0,0,0,0,0,0.0,0.0,0.0,0.0,0.0,tokyo_london_overlap,tokyo_london_overlap
2026-02-20T08:25:39.960207,13749.5022,13749.5022,0.0,0.0,0.0,0.0,6,0,0,0,0,0,0,0,0.0,0.0,0.0,0.0,0.0,tokyo_london_overlap,tokyo_london_overlap
2026-02-20T08:27:10.070339,13749.5022,13749.5022,0.0,0.0,0.0,0.0,6,0,0,0,0,0,0,0,0.0,0.0,0.0,0.0,0.0,tokyo_london_overlap,tokyo_london_overlap
2026-02-20T08:27:11.032665,13749.5022,13749.5022,0.0,0.0,0.0,0.0,6,0,0,0,0,0,0,0,0.0,0.0,0.0,0.0,0.0,tokyo_london_overlap,tokyo_london_overlap
2026-02-20T08:28:36.383966,13749.5022,13749.5022,0.0,0.0,0.0,0.0,6,0,0,0,0,0,0,0,0.0,0.0,0.0,0.0,0.0,tokyo_london_overlap,tokyo_london_overlap
2026-02-20T08:28:37.370187,13749.5022,13749.5022,0.0,0.0,0.0,0.0,6,0,0,0,0,0,0,0,0.0,0.0,0.0,0.0,0.0,tokyo_london_overlap,tokyo_london_overlap
2026-02-20T08:30:05.544746,13749.5022,13749.5022,0.0,0.0,0.0,0.0,6,0,0,0,0,0,0,0,0.0,0.0,0.0,0.0,0.0,tokyo_london_overlap,tokyo_london_overlap
2026-02-20T08:30:06.465822,13749.5022,13749.5022,0.0,0.0,0.0,0.0,6,0,0,0,0,0,0,0,0.0,0.0,0.0,0.0,0.0,tokyo_london_overlap,tokyo_london_overlap
2026-02-20T08:31:37.266229,13749.5022,13749.5022,0.0,0.0,0.0,0.0,6,0,0,0,0,0,0,0,0.0,0.0,0.0,0.0,0.0,tokyo_london_overlap,tokyo_london_overlap
2026-02-20T08:31:38.179347,13749.5022,13749.5022,0.0,0.0,0.0,0.0,6,0,0,0,0,0,0,0,0.0,0.0,0.0,0.0,0.0,tokyo_london_overlap,tokyo_london_overlap
2026-02-20T08:33:09.809799,13749.5022,13749.5022,0.0,0.0,0.0,0.0,6,0,0,0,0,0,0,0,0.0,0.0,0.0,0.0,0.0,tokyo_london_overlap,tokyo_london_overlap
2026-02-20T08:33:10.778721,13749.5022,13749.5022,0.0,0.0,0.0,0.0,6,0,0,0,0,0,0,0,0.0,0.0,0.0,0.0,0.0,tokyo_london_overlap,tokyo_london_overlap
2026-02-20T08:34:32.702308,13749.5022,13749.5022,0.0,0.0,0.0,0.0,6,0,0,0,0,0,0,0,0.0,0.0,0.0,0.0,0.0,tokyo_london_overlap,tokyo_london_overlap
2026-02-20T08:34:33.654119,13749.5022,13749.5022,0.0,0.0,0.0,0.0,6,0,0,0,0,0,0,0,0.0,0.0,0.0,0.0,0.0,tokyo_london_overlap,tokyo_london_overlap
2026-02-20T08:35:59.069538,13749.5022,13749.5022,0.0,0.0,0.0,0.0,6,0,0,0,0,0,0,0,0.0,0.0,0.0,0.0,0.0,tokyo_london_overlap,tokyo_london_overlap
2026-02-20T08:35:59.995610,13749.5022,13749.5022,0.0,0.0,0.0,0.0,6,0,0,0,0,0,0,0,0.0,0.0,0.0,0.0,0.0,tokyo_london_overlap,tokyo_london_overlap
2026-02-20T08:37:23.424785,13749.5022,13749.5022,0.0,0.0,0.0,0.0,6,0,0,0,0,0,0,0,0.0,0.0,0.0,0.0,0.0,tokyo_london_overlap,tokyo_london_overlap
2026-02-20T08:37:24.462455,13749.5022,13749.5022,0.0,0.0,0.0,0.0,6,0,0,0,0,0,0,0,0.0,0.0,0.0,0.0,0.0,tokyo_london_overlap,tokyo_london_overlap
2026-02-20T08:38:55.541373,13749.5022,13749.5022,0.0,0.0,0.0,0.0,6,0,0,0,0,0,0,0,0.0,0.0,0.0,0.0,0.0,tokyo_london_overlap,tokyo_london_overlap
2026-02-20T08:38:56.486896,13749.5022,13749.5022,0.0,0.0,0.0,0.0,6,0,0,0,0,0,0,0,0.0,0.0,0.0,0.0,0.0,tokyo_london_overlap,tokyo_london_overlap
2026-02-20T08:40:23.058213,13749.5022,13749.5022,0.0,0.0,0.0,0.0,6,0,0,0,0,0,0,0,0.0,0.0,0.0,0.0,0.0,tokyo_london_overlap,tokyo_london_overlap
2026-02-20T08:40:24.030074,13749.5022,13749.5022,0.0,0.0,0.0,0.0,6,0,0,0,0,0,0,0,0.0,0.0,0.0,0.0,0.0,tokyo_london_overlap,tokyo_london_overlap
2026-02-20T08:41:53.138918,13749.5022,13749.5022,0.0,0.0,0.0,0.0,6,0,0,0,0,0,0,0,0.0,0.0,0.0,0.0,0.0,tokyo_london_overlap,tokyo_london_overlap
2026-02-20T08:41:54.116478,13749.5022,13749.5022,0.0,0.0,0.0,0.0,6,0,0,0,0,0,0,0,0.0,0.0,0.0,0.0,0.0,tokyo_london_overlap,tokyo_london_overlap
2026-02-20T08:43:25.984582,13749.5022,13749.5022,0.0,0.0,0.0,0.0,6,0,0,0,0,0,0,0,0.0,0.0,0.0,0.0,0.0,tokyo_london_overlap,tokyo_london_overlap
2026-02-20T08:43:26.924644,13749.5022,13749.5022,0.0,0.0,0.0,0.0,6,0,0,0,0,0,0,0,0.0,0.0,0.0,0.0,0.0,tokyo_london_overlap,tokyo_london_overlap
2026-02-20T08:44:51.030442,13749.5022,13749.5022,0.0,0.0,0.0,0.0,6,0,0,0,0,0,0,0,0.0,0.0,0.0,0.0,0.0,tokyo_london_overlap,tokyo_london_overlap
2026-02-20T08:44:51.977387,13749.5022,13749.5022,0.0,0.0,0.0,0.0,6,0,0,0,0,0,0,0,0.0,0.0,0.0,0.0,0.0,tokyo_london_overlap,tokyo_london_overlap
2026-02-20T08:46:22.562336,13749.5022,13749.5022,0.0,0.0,0.0,0.0,6,0,0,0,0,0,0,0,0.0,0.0,0.0,0.0,0.0,tokyo_london_overlap,tokyo_london_overlap
2026-02-20T08:46:23.524343,13749.5022,13749.5022,0.0,0.0,0.0,0.0,6,0,0,0,0,0,0,0,0.0,0.0,0.0,0.0,0.0,tokyo_london_overlap,tokyo_london_overlap
2026-02-20T08:47:54.213993,13749.5022,13749.5022,0.0,0.0,0.0,0.0,6,0,0,0,0,0,0,0,0.0,0.0,0.0,0.0,0.0,tokyo_london_overlap,tokyo_london_overlap
2026-02-20T08:47:55.190009,13749.5022,13749.5022,0.0,0.0,0.0,0.0,6,0,0,0,0,0,0,0,0.0,0.0,0.0,0.0,0.0,tokyo_london_overlap,tokyo_london_overlap
2026-02-20T08:49:23.438378,13749.5022,13749.5022,0.0,0.0,0.0,0.0,6,0,0,0,0,0,0,0,0.0,0.0,0.0,0.0,0.0,tokyo_london_overlap,tokyo_london_overlap
2026-02-20T08:49:24.389093,13749.5022,13749.5022,0.0,0.0,0.0,0.0,6,0,0,0,0,0,0,0,0.0,0.0,0.0,0.0,0.0,tokyo_london_overlap,tokyo_london_overlap
2026-02-20T08:51:00.898533,13749.5022,13749.5022,0.0,0.0,0.0,0.0,6,0,0,0,0,0,0,0,0.0,0.0,0.0,0.0,0.0,tokyo_london_overlap,tokyo_london_overlap
2026-02-20T08:51:01.887582,13749.5022,13749.5022,0.0,0.0,0.0,0.0,6,0,0,0,0,0,0,0,0.0,0.0,0.0,0.0,0.0,tokyo_london_overlap,tokyo_london_overlap
2026-02-20T08:52:32.791369,13749.5022,13749.5022,0.0,0.0,0.0,0.0,6,0,0,0,0,0,0,0,0.0,0.0,0.0,0.0,0.0,tokyo_london_overlap,tokyo_london_overlap
2026-02-20T08:52:33.856319,13749.5022,13749.5022,0.0,0.0,0.0,0.0,6,0,0,0,0,0,0,0,0.0,0.0,0.0,0.0,0.0,tokyo_london_overlap,tokyo_london_overlap
2026-02-20T08:53:58.160152,13749.5022,13749.5022,0.0,0.0,0.0,0.0,6,0,0,0,0,0,0,0,0.0,0.0,0.0,0.0,0.0,tokyo_london_overlap,tokyo_london_overlap
2026-02-20T08:53:59.123431,13749.5022,13749.5022,0.0,0.0,0.0,0.0,6,0,0,0,0,0,0,0,0.0,0.0,0.0,0.0,0.0,tokyo_london_overlap,tokyo_london_overlap
2026-02-20T08:55:29.478444,13749.5022,13749.5022,0.0,0.0,0.0,0.0,6,0,0,0,0,0,0,0,0.0,0.0,0.0,0.0,0.0,tokyo_london_overlap,tokyo_london_overlap
2026-02-20T08:55:30.440812,13749.5022,13749.5022,0.0,0.0,0.0,0.0,6,0,0,0,0,0,0,0,0.0,0.0,0.0,0.0,0.0,tokyo_london_overlap,tokyo_london_overlap
2026-02-20T08:56:57.406028,13749.5022,13749.5022,0.0,0.0,0.0,0.0,6,0,0,0,0,0,0,0,0.0,0.0,0.0,0.0,0.0,tokyo_london_overlap,tokyo_london_overlap
2026-02-20T08:56:58.378311,13749.5022,13749.5022,0.0,0.0,0.0,0.0,6,0,0,0,0,0,0,0,0.0,0.0,0.0,0.0,0.0,tokyo_london_overlap,tokyo_london_overlap
2026-02-20T08:58:29.569178,13749.5022,13749.5022,0.0,0.0,0.0,0.0,6,0,0,0,0,0,0,0,0.0,0.0,0.0,0.0,0.0,tokyo_london_overlap,tokyo_london_overlap
2026-02-20T08:58:30.606543,13749.5022,13749.5022,0.0,0.0,0.0,0.0,6,0,0,0,0,0,0,0,0.0,0.0,0.0,0.0,0.0,tokyo_london_overlap,tokyo_london_overlap
2026-02-20T08:59:58.577307,13749.5022,13749.5022,0.0,0.0,0.0,0.0,6,0,0,0,0,0,0,0,0.0,0.0,0.0,0.0,0.0,tokyo_london_overlap,tokyo_london_overlap
2026-02-20T08:59:59.591147,13749.5022,13749.5022,0.0,0.0,0.0,0.0,6,0,0,0,0,0,0,0,0.0,0.0,0.0,0.0,0.0,tokyo_london_overlap,tokyo_london_overlap
2026-02-20T09:02:24.442302,13749.5022,13749.5022,0.0,0.0,0.0,0.0,6,0,0,0,0,0,0,0,0.0,0.0,0.0,0.0,0.0,london,london
2026-02-20T09:02:25.491352,13749.5022,13749.5022,0.0,0.0,0.0,0.0,6,0,0,0,0,0,0,0,0.0,0.0,0.0,0.0,0.0,london,london
2026-02-20T09:04:49.986316,13749.5022,13749.5022,0.0,0.0,0.0,0.0,6,0,0,0,0,0,0,0,0.0,0.0,0.0,0.0,0.0,london,london
2026-02-20T09:04:50.940350,13749.5022,13749.5022,0.0,0.0,0.0,0.0,6,0,0,0,0,0,0,0,0.0,0.0,0.0,0.0,0.0,london,london
2026-02-20T09:07:08.239312,13749.5022,13749.5022,0.0,0.0,0.0,0.0,6,0,0,0,0,0,0,0,0.0,0.0,0.0,0.0,0.0,london,london
2026-02-20T09:07:09.251311,13749.5022,13749.5022,0.0,0.0,0.0,0.0,6,0,0,0,0,0,0,0,0.0,0.0,0.0,0.0,0.0,london,london
2026-02-20T09:09:21.682625,13749.5022,13749.5022,0.0,0.0,0.0,0.0,6,0,0,0,0,0,0,0,0.0,0.0,0.0,0.0,0.0,london,london
2026-02-20T09:09:22.696312,13749.5022,13749.5022,0.0,0.0,0.0,0.0,6,0,0,0,0,0,0,0,0.0,0.0,0.0,0.0,0.0,london,london
2026-02-20T09:11:39.200341,13749.5022,13749.5022,0.0,0.0,0.0,0.0,6,0,0,0,0,0,0,0,0.0,0.0,0.0,0.0,0.0,london,london
2026-02-20T09:11:40.190318,13749.5022,13749.5022,0.0,0.0,0.0,0.0,6,0,0,0,0,0,0,0,0.0,0.0,0.0,0.0,0.0,london,london
2026-02-20T09:13:51.849337,13749.5022,13749.5022,0.0,0.0,0.0,0.0,6,0,0,0,0,0,0,0,0.0,0.0,0.0,0.0,0.0,london,london
2026-02-20T09:13:52.853489,13749.5022,13749.5022,0.0,0.0,0.0,0.0,6,0,0,0,0,0,0,0,0.0,0.0,0.0,0.0,0.0,london,london
2026-02-20T09:16:08.605007,13749.5022,13749.5022,0.0,0.0,0.0,0.0,6,0,0,0,0,0,0,0,0.0,0.0,0.0,0.0,0.0,london,london
2026-02-20T09:16:09.595124,13749.5022,13749.5022,0.0,0.0,0.0,0.0,6,0,0,0,0,0,0,0,0.0,0.0,0.0,0.0,0.0,london,london
2026-02-20T09:18:24.151656,13749.5022,13749.5022,0.0,0.0,0.0,0.0,6,0,0,0,0,0,0,0,0.0,0.0,0.0,0.0,0.0,london,london
2026-02-20T09:18:25.115281,13749.5022,13749.5022,0.0,0.0,0.0,0.0,6,0,0,0,0,0,0,0,0.0,0.0,0.0,0.0,0.0,london,london
2026-02-20T09:20:43.597298,13749.5022,13749.5022,0.0,0.0,0.0,0.0,6,0,0,0,0,0,0,0,0.0,0.0,0.0,0.0,0.0,london,london
2026-02-20T09:20:44.643293,13749.5022,13749.5022,0.0,0.0,0.0,0.0,6,0,0,0,0,0,0,0,0.0,0.0,0.0,0.0,0.0,london,london
2026-02-20T09:23:01.949030,13749.5022,13749.5022,0.0,0.0,0.0,0.0,6,0,0,0,0,0,0,0,0.0,0.0,0.0,0.0,0.0,london,london
2026-02-20T09:23:02.963303,13749.5022,13749.5022,0.0,0.0,0.0,0.0,6,0,0,0,0,0,0,0,0.0,0.0,0.0,0.0,0.0,london,london
2026-02-20T09:25:21.659113,13749.5022,13749.5022,0.0,0.0,0.0,0.0,6,0,0,0,0,0,0,0,0.0,0.0,0.0,0.0,0.0,london,london
2026-02-20T09:25:22.967288,13749.5022,13749.5022,0.0,0.0,0.0,0.0,6,0,0,0,0,0,0,0,0.0,0.0,0.0,0.0,0.0,london,london
2026-02-20T09:26:52.120542,13749.5022,13749.5022,0.0,0.0,0.0,0.0,6,0,0,0,0,0,0,0,0.0,0.0,0.0,0.0,0.0,london,london
2026-02-20T09:26:53.028828,13749.5022,13749.5022,0.0,0.0,0.0,0.0,6,0,0,0,0,0,0,0,0.0,0.0,0.0,0.0,0.0,london,london
2026-02-20T09:28:17.812660,13749.5022,13749.5022,0.0,0.0,0.0,0.0,6,0,0,0,0,0,0,0,0.0,0.0,0.0,0.0,0.0,london,london
2026-02-20T09:28:18.733507,13749.5022,13749.5022,0.0,0.0,0.0,0.0,6,0,0,0,0,0,0,0,0.0,0.0,0.0,0.0,0.0,london,london
2026-02-20T09:29:45.698300,13749.5022,13749.5022,0.0,0.0,0.0,0.0,6,0,0,0,0,0,0,0,0.0,0.0,0.0,0.0,0.0,london,london
2026-02-20T09:29:46.689821,13749.5022,13749.5022,0.0,0.0,0.0,0.0,6,0,0,0,0,0,0,0,0.0,0.0,0.0,0.0,0.0,london,london
2026-02-20T09:31:18.921287,13749.5022,13749.5022,0.0,0.0,0.0,0.0,6,0,0,0,0,0,0,0,0.0,0.0,0.0,0.0,0.0,,
2026-02-20T09:45:13.276563,13749.5022,13749.5022,0.0,0.0,0.0,0.0,6,0,0,0,0,0,0,0,0.0,0.0,0.0,0.0,0.0,,
2026-02-20T09:58:38.251270,13749.5022,13749.5022,0.0,0.0,0.0,0.0,6,0,0,0,0,0,0,0,0.0,0.0,0.0,0.0,0.0,,
2026-02-20T10:17:48.521287,13749.5022,13749.5022,0.0,0.0,0.0,0.0,6,0,0,0,0,0,0,0,0.0,0.0,0.0,0.0,0.0,,
2026-02-20T10:38:08.065313,13749.5022,13749.5022,0.0,0.0,0.0,0.0,6,0,0,0,0,0,0,0,0.0,0.0,0.0,0.0,0.0,,
2026-02-20T10:56:06.968330,13749.5022,13749.5022,0.0,0.0,0.0,0.0,6,0,0,0,0,0,0,0,0.0,0.0,0.0,0.0,0.0,,
2026-02-20T11:14:23.630655,13749.5022,13749.5022,0.0,0.0,0.0,0.0,6,0,0,0,0,0,0,0,0.0,0.0,0.0,0.0,0.0,,
2026-02-20T11:30:54.757345,13749.5022,13749.5022,0.0,0.0,0.0,0.0,6,0,0,0,0,0,0,0,0.0,0.0,0.0,0.0,0.0,,
2026-02-20T11:44:04.060493,13749.5022,13749.5022,0.0,0.0,0.0,0.0,6,0,0,0,0,0,0,0,0.0,0.0,0.0,0.0,0.0,,
2026-02-20T11:57:13.711471,13749.5022,13749.5022,0.0,0.0,0.0,0.0,6,0,0,0,0,0,0,0,0.0,0.0,0.0,0.0,0.0,,
2026-02-20T12:15:55.465042,13749.5022,13749.5022,0.0,0.0,0.0,0.0,6,0,0,0,0,0,0,0,0.0,0.0,0.0,0.0,0.0,,
2026-02-20T12:32:16.838925,13749.5022,13749.5022,0.0,0.0,0.0,0.0,6,0,0,0,0,0,0,0,0.0,0.0,0.0,0.0,0.0,,
2026-02-20T12:45:37.375239,13749.5022,13749.5022,0.0,0.0,0.0,0.0,6,0,0,0,0,0,0,0,0.0,0.0,0.0,0.0,0.0,,
2026-02-20T12:58:55.080538,13749.5022,13749.5022,0.0,0.0,0.0,0.0,6,0,0,0,0,0,0,0,0.0,0.0,0.0,0.0,0.0,,
2026-02-20T13:17:25.492687,13749.5022,13749.5022,0.0,0.0,0.0,0.0,6,0,0,0,0,0,0,0,0.0,0.0,0.0,0.0,0.0,,
2026-02-20T13:33:01.566568,13749.5022,13749.5022,0.0,0.0,0.0,0.0,6,0,0,0,0,0,0,0,0.0,0.0,0.0,0.0,0.0,,
2026-02-20T13:47:09.851015,13749.5022,13749.5022,0.0,0.0,0.0,0.0,6,0,0,0,0,0,0,0,0.0,0.0,0.0,0.0,0.0,,
2026-02-20T14:03:03.287359,13749.5022,13749.5022,0.0,0.0,0.0,0.0,6,0,0,0,0,0,0,0,0.0,0.0,0.0,0.0,0.0,london_ny_overlap,london_ny_overlap
2026-02-20T14:03:04.395068,13749.5022,13749.5022,0.0,0.0,0.0,0.0,6,0,0,0,0,0,0,0,0.0,0.0,0.0,0.0,0.0,london_ny_overlap,london_ny_overlap
2026-02-20T14:05:22.295339,13749.5022,13749.5022,0.0,0.0,0.0,0.0,6,0,0,0,0,0,0,0,0.0,0.0,0.0,0.0,0.0,london_ny_overlap,london_ny_overlap
2026-02-20T14:05:23.248199,13749.5022,13749.5022,0.0,0.0,0.0,0.0,6,0,0,0,0,0,0,0,0.0,0.0,0.0,0.0,0.0,london_ny_overlap,london_ny_overlap
2026-02-20T14:07:49.907312,13749.5022,13749.5022,0.0,0.0,0.0,0.0,6,0,0,0,0,0,0,0,0.0,0.0,0.0,0.0,0.0,london_ny_overlap,london_ny_overlap
2026-02-20T14:07:50.930389,13749.5022,13749.5022,0.0,0.0,0.0,0.0,6,0,0,0,0,0,0,0,0.0,0.0,0.0,0.0,0.0,london_ny_overlap,london_ny_overlap
2026-02-20T14:10:07.842691,13749.5022,13749.5022,0.0,0.0,0.0,0.0,6,0,0,0,0,0,0,0,0.0,0.0,0.0,0.0,0.0,london_ny_overlap,london_ny_overlap
2026-02-20T14:10:08.876329,13749.5022,13749.5022,0.0,0.0,0.0,0.0,6,0,0,0,0,0,0,0,0.0,0.0,0.0,0.0,0.0,london_ny_overlap,london_ny_overlap
2026-02-20T14:12:28.253125,13749.5022,13749.5022,0.0,0.0,0.0,0.0,6,0,0,0,0,0,0,0,0.0,0.0,0.0,0.0,0.0,london_ny_overlap,london_ny_overlap
2026-02-20T14:12:29.246424,13749.5022,13749.5022,0.0,0.0,0.0,0.0,6,0,0,0,0,0,0,0,0.0,0.0,0.0,0.0,0.0,london_ny_overlap,london_ny_overlap
2026-02-20T14:14:49.212341,13749.5022,13749.5022,0.0,0.0,0.0,0.0,6,0,0,0,0,0,0,0,0.0,0.0,0.0,0.0,0.0,london_ny_overlap,london_ny_overlap
2026-02-20T14:14:50.222332,13749.5022,13749.5022,0.0,0.0,0.0,0.0,6,0,0,0,0,0,0,0,0.0,0.0,0.0,0.0,0.0,london_ny_overlap,london_ny_overlap
2026-02-20T14:17:01.516374,13749.5022,13749.5022,0.0,0.0,0.0,0.0,6,0,0,0,0,0,0,0,0.0,0.0,0.0,0.0,0.0,london_ny_overlap,london_ny_overlap
2026-02-20T14:17:02.638998,13749.5022,13749.5022,0.0,0.0,0.0,0.0,6,0,0,0,0,0,0,0,0.0,0.0,0.0,0.0,0.0,london_ny_overlap,london_ny_overlap
2026-02-20T14:19:22.675292,13749.5022,13749.5022,0.0,0.0,0.0,0.0,6,0,0,0,0,0,0,0,0.0,0.0,0.0,0.0,0.0,london_ny_overlap,london_ny_overlap
2026-02-20T14:19:23.691331,13749.5022,13749.5022,0.0,0.0,0.0,0.0,6,0,0,0,0,0,0,0,0.0,0.0,0.0,0.0,0.0,london_ny_overlap,london_ny_overlap
2026-02-20T14:21:42.268226,13749.5022,13749.5022,0.0,0.0,0.0,0.0,6,0,0,0,0,0,0,0,0.0,0.0,0.0,0.0,0.0,london_ny_overlap,london_ny_overlap
2026-02-20T14:21:43.302342,13749.5022,13749.5022,0.0,0.0,0.0,0.0,6,0,0,0,0,0,0,0,0.0,0.0,0.0,0.0,0.0,london_ny_overlap,london_ny_overlap
2026-02-20T14:24:05.164291,13749.5022,13749.5022,0.0,0.0,0.0,0.0,6,0,0,0,0,0,0,0,0.0,0.0,0.0,0.0,0.0,london_ny_overlap,london_ny_overlap
2026-02-20T14:24:06.151339,13749.5022,13749.5022,0.0,0.0,0.0,0.0,6,0,0,0,0,0,0,0,0.0,0.0,0.0,0.0,0.0,london_ny_overlap,london_ny_overlap
2026-02-20T14:26:33.921812,13749.5022,13749.5022,0.0,0.0,0.0,0.0,6,0,0,0,0,0,0,0,0.0,0.0,0.0,0.0,0.0,london_ny_overlap,london_ny_overlap
2026-02-20T14:26:34.916039,13749.5022,13749.5022,0.0,0.0,0.0,0.0,6,0,0,0,0,0,0,0,0.0,0.0,0.0,0.0,0.0,london_ny_overlap,london_ny_overlap
2026-02-20T14:28:51.993329,13749.5022,13749.5022,0.0,0.0,0.0,0.0,6,0,0,0,0,0,0,0,0.0,0.0,0.0,0.0,0.0,london_ny_overlap,london_ny_overlap
2026-02-20T14:28:52.991352,13749.5022,13749.5022,0.0,0.0,0.0,0.0,6,0,0,0,0,0,0,0,0.0,0.0,0.0,0.0,0.0,london_ny_overlap,london_ny_overlap
2026-02-20T14:31:13.159522,13749.5022,13749.5022,0.0,0.0,0.0,0.0,6,0,0,0,0,0,0,0,0.0,0.0,0.0,0.0,0.0,london_ny_overlap,london_ny_overlap
2026-02-20T14:31:14.177481,13749.5022,13749.5022,0.0,0.0,0.0,0.0,6,0,0,0,0,0,0,0,0.0,0.0,0.0,0.0,0.0,london_ny_overlap,london_ny_overlap
2026-02-20T14:33:32.696674,13749.5022,13749.5022,0.0,0.0,0.0,0.0,6,0,0,0,0,0,0,0,0.0,0.0,0.0,0.0,0.0,london_ny_overlap,london_ny_overlap
2026-02-20T14:33:33.724305,13749.5022,13749.5022,0.0,0.0,0.0,0.0,6,0,0,0,0,0,0,0,0.0,0.0,0.0,0.0,0.0,london_ny_overlap,london_ny_overlap
2026-02-20T14:35:49.229959,13749.5022,13749.5022,0.0,0.0,0.0,0.0,6,0,0,0,0,0,0,0,0.0,0.0,0.0,0.0,0.0,london_ny_overlap,london_ny_overlap
2026-02-20T14:35:50.201303,13749.5022,13749.5022,0.0,0.0,0.0,0.0,6,0,0,0,0,0,0,0,0.0,0.0,0.0,0.0,0.0,london_ny_overlap,london_ny_overlap
2026-02-20T14:38:01.870384,13749.5022,13749.5022,0.0,0.0,0.0,0.0,6,0,0,0,0,0,0,0,0.0,0.0,0.0,0.0,0.0,london_ny_overlap,london_ny_overlap
2026-02-20T14:38:02.863297,13749.5022,13749.5022,0.0,0.0,0.0,0.0,6,0,0,0,0,0,0,0,0.0,0.0,0.0,0.0,0.0,london_ny_overlap,london_ny_overlap
2026-02-20T14:40:22.935214,13749.5022,13749.5022,0.0,0.0,0.0,0.0,6,0,0,0,0,0,0,0,0.0,0.0,0.0,0.0,0.0,london_ny_overlap,london_ny_overlap
2026-02-20T14:40:23.957711,13749.5022,13749.5022,0.0,0.0,0.0,0.0,6,0,0,0,0,0,0,0,0.0,0.0,0.0,0.0,0.0,london_ny_overlap,london_ny_overlap
2026-02-20T14:42:40.364294,13749.5022,13749.5022,0.0,0.0,0.0,0.0,6,0,0,0,0,0,0,0,0.0,0.0,0.0,0.0,0.0,london_ny_overlap,london_ny_overlap
2026-02-20T14:42:41.348307,13749.5022,13749.5022,0.0,0.0,0.0,0.0,6,0,0,0,0,0,0,0,0.0,0.0,0.0,0.0,0.0,london_ny_overlap,london_ny_overlap
2026-02-20T14:44:59.320711,13749.5022,13749.5022,0.0,0.0,0.0,0.0,6,0,0,0,0,0,0,0,0.0,0.0,0.0,0.0,0.0,london_ny_overlap,london_ny_overlap
2026-02-20T14:45:00.320517,13749.5022,13749.5022,0.0,0.0,0.0,0.0,6,0,0,0,0,0,0,0,0.0,0.0,0.0,0.0,0.0,london_ny_overlap,london_ny_overlap
2026-02-20T14:47:18.145254,13749.5022,13749.5022,0.0,0.0,0.0,0.0,6,0,0,0,0,0,0,0,0.0,0.0,0.0,0.0,0.0,london_ny_overlap,london_ny_overlap
2026-02-20T14:47:19.188302,13749.5022,13749.5022,0.0,0.0,0.0,0.0,6,0,0,0,0,0,0,0,0.0,0.0,0.0,0.0,0.0,london_ny_overlap,london_ny_overlap
2026-02-20T14:49:49.640303,13749.5022,13749.5022,0.0,0.0,0.0,0.0,6,0,0,0,0,0,0,0,0.0,0.0,0.0,0.0,0.0,london_ny_overlap,london_ny_overlap
2026-02-20T14:49:50.636499,13749.5022,13749.5022,0.0,0.0,0.0,0.0,6,0,0,0,0,0,0,0,0.0,0.0,0.0,0.0,0.0,london_ny_overlap,london_ny_overlap
2026-02-20T14:52:11.352188,13749.5022,13749.5022,0.0,0.0,0.0,0.0,6,0,0,0,0,0,0,0,0.0,0.0,0.0,0.0,0.0,london_ny_overlap,london_ny_overlap
2026-02-20T14:52:12.355389,13749.5022,13749.5022,0.0,0.0,0.0,0.0,6,0,0,0,0,0,0,0,0.0,0.0,0.0,0.0,0.0,london_ny_overlap,london_ny_overlap
2026-02-20T14:53:48.012939,13749.5022,13749.5022,0.0,0.0,0.0,0.0,6,0,0,0,0,0,0,0,0.0,0.0,0.0,0.0,0.0,london_ny_overlap,london_ny_overlap
2026-02-20T14:53:48.958330,13749.5022,13749.5022,0.0,0.0,0.0,0.0,6,0,0,0,0,0,0,0,0.0,0.0,0.0,0.0,0.0,london_ny_overlap,london_ny_overlap
2026-02-20T14:55:14.582290,13749.5022,13749.5022,0.0,0.0,0.0,0.0,6,0,0,0,0,0,0,0,0.0,0.0,0.0,0.0,0.0,,
2026-02-20T15:13:49.050284,13619.2172,13619.2172,0.0,0.0,-130.28500000000167,-0.9475615779020834,4,0,0,0,0,0,0,0,0.0,0.009475615779020834,0.009475615779020834,0.0,0.0,,
2026-02-20T15:34:04.891618,13468.1463,13468.1463,0.0,0.0,-281.3559000000005,-2.046298810730766,5,1,0,0,0,0,0,0,0.0,0.020462988107307657,0.020462988107307657,0.0,0.0,london_ny_overlap,london_ny_overlap
2026-02-20T15:49:29.858326,13468.1463,13468.1463,0.0,0.0,-281.3559000000005,-2.046298810730766,5,1,0,0,0,0,0,0,0.0,0.020462988107307657,0.020462988107307657,0.0,0.0,london_ny_overlap,london_ny_overlap
2026-02-20T16:11:14.628304,13468.1463,13468.1463,0.0,0.0,-281.3559000000005,-2.046298810730766,5,1,0,0,0,0,0,0,0.0,0.020462988107307657,0.020462988107307657,0.0,0.0,london_ny_overlap,london_ny_overlap
2026-02-20T16:33:45.012489,13468.1463,13468.1463,0.0,0.0,-281.3559000000005,-2.046298810730766,5,1,0,0,0,0,0,0,0.0,0.020462988107307657,0.020462988107307657,0.0,0.0,london_ny_overlap,london_ny_overlap
2026-02-20T16:50:04.730181,13468.1463,13468.1463,0.0,0.0,-281.3559000000005,-2.046298810730766,5,1,0,0,0,0,0,0,0.0,0.020462988107307657,0.020462988107307657,0.0,0.0,london_ny_overlap,london_ny_overlap
2026-02-20T17:08:06.141514,13468.1463,13468.1463,0.0,0.0,-281.3559000000005,-2.046298810730766,5,1,0,0,0,0,0,0,0.0,0.020462988107307657,0.020462988107307657,0.0,0.0,london_ny_overlap,london_ny_overlap
2026-02-20T17:31:37.287360,13468.1463,13468.1463,0.0,0.0,-281.3559000000005,-2.046298810730766,5,1,0,0,0,0,0,0,0.0,0.020462988107307657,0.020462988107307657,0.0,0.0,london_ny_overlap,london_ny_overlap
2026-02-20T17:51:34.814283,13468.1463,13468.1463,0.0,0.0,-281.3559000000005,-2.046298810730766,5,1,0,0,0,0,0,0,0.0,0.020462988107307657,0.020462988107307657,0.0,0.0,london_ny_overlap,london_ny_overlap
2026-02-20T18:16:38.792926,13468.1463,13468.1463,0.0,0.0,-281.3559000000005,-2.046298810730766,5,1,0,0,0,0,0,0,0.0,0.020462988107307657,0.020462988107307657,0.0,0.0,ny,london_ny_overlap
2026-02-20T18:16:39.656306,13468.1463,13468.1463,0.0,0.0,-281.3559000000005,-2.046298810730766,5,1,0,0,0,0,0,0,0.0,0.020462988107307657,0.020462988107307657,0.0,0.0,ny,london_ny_overlap
2026-02-20T18:19:06.751293,13468.1463,13468.1463,0.0,0.0,0.0,0.0,5,0,0,0,0,0,0,0,0.0,0.0,0.0,0.0,0.0,,
2026-02-20T18:48:50.120288,13468.1463,13468.1463,0.0,0.0,0.0,0.0,5,0,0,0,0,0,0,0,0.0,0.0,0.0,0.0,0.0,ny,ny
2026-02-20T18:48:50.981304,13468.1463,13468.1463,0.0,0.0,0.0,0.0,5,0,0,0,0,0,0,0,0.0,0.0,0.0,0.0,0.0,ny,ny
2026-02-20T18:50:41.246407,13468.1463,13468.1463,0.0,0.0,0.0,0.0,5,0,0,0,0,0,0,0,0.0,0.0,0.0,0.0,0.0,ny,ny
2026-02-20T18:50:42.168159,13468.1463,13468.1463,0.0,0.0,0.0,0.0,5,0,0,0,0,0,0,0,0.0,0.0,0.0,0.0,0.0,ny,ny
2026-02-20T18:52:21.703538,13468.1463,13468.1463,0.0,0.0,0.0,0.0,5,0,0,0,0,0,0,0,0.0,0.0,0.0,0.0,0.0,ny,ny
2026-02-20T18:52:22.666274,13468.1463,13468.1463,0.0,0.0,0.0,0.0,5,0,0,0,0,0,0,0,0.0,0.0,0.0,0.0,0.0,ny,ny
2026-02-20T18:54:07.002992,13468.1463,13468.1463,0.0,0.0,0.0,0.0,5,0,0,0,0,0,0,0,0.0,0.0,0.0,0.0,0.0,ny,ny
2026-02-20T18:54:07.980534,13468.1463,13468.1463,0.0,0.0,0.0,0.0,5,0,0,0,0,0,0,0,0.0,0.0,0.0,0.0,0.0,ny,ny
2026-02-20T18:56:00.388636,13468.1463,13468.1463,0.0,0.0,0.0,0.0,5,0,0,0,0,0,0,0,0.0,0.0,0.0,0.0,0.0,ny,ny
2026-02-20T18:56:01.477440,13468.1463,13468.1463,0.0,0.0,0.0,0.0,5,0,0,0,0,0,0,0,0.0,0.0,0.0,0.0,0.0,ny,ny
2026-02-20T18:57:40.704293,13468.1463,13468.1463,0.0,0.0,0.0,0.0,5,0,0,0,0,0,0,0,0.0,0.0,0.0,0.0,0.0,ny,ny
2026-02-20T18:57:41.572645,13468.1463,13468.1463,0.0,0.0,0.0,0.0,5,0,0,0,0,0,0,0,0.0,0.0,0.0,0.0,0.0,ny,ny
2026-02-20T18:59:27.710507,13468.1463,13468.1463,0.0,0.0,0.0,0.0,5,0,0,0,0,0,0,0,0.0,0.0,0.0,0.0,0.0,ny,ny
2026-02-20T18:59:28.632117,13468.1463,13468.1463,0.0,0.0,0.0,0.0,5,0,0,0,0,0,0,0,0.0,0.0,0.0,0.0,0.0,ny,ny
2026-02-20T19:02:04.202401,13468.1463,13468.1463,0.0,0.0,0.0,0.0,5,0,0,0,0,0,0,0,0.0,0.0,0.0,0.0,0.0,,
2026-02-20T19:29:12.819321,13468.1463,13468.1463,0.0,0.0,0.0,0.0,5,0,0,0,0,0,0,0,0.0,0.0,0.0,0.0,0.0,,
2026-02-20T19:49:24.115561,13468.1463,13468.1463,0.0,0.0,0.0,0.0,5,0,0,0,0,0,0,0,0.0,0.0,0.0,0.0,0.0,,
2026-02-20T20:13:46.058282,13468.1463,13468.1463,0.0,0.0,0.0,0.0,5,0,0,0,0,0,0,0,0.0,0.0,0.0,0.0,0.0,,
2026-02-20T20:36:32.232400,13468.1463,13468.1463,0.0,0.0,0.0,0.0,5,0,0,0,0,0,0,0,0.0,0.0,0.0,0.0,0.0,,
2026-02-20T20:56:27.309848,13468.1463,13468.1463,0.0,0.0,0.0,0.0,5,0,0,0,0,0,0,0,0.0,0.0,0.0,0.0,0.0,ny,ny
2026-02-20T20:56:28.184586,13468.1463,13468.1463,0.0,0.0,0.0,0.0,5,0,0,0,0,0,0,0,0.0,0.0,0.0,0.0,0.0,ny,ny
2026-02-20T20:58:01.970370,13468.1463,13468.1463,0.0,0.0,0.0,0.0,5,0,0,0,0,0,0,0,0.0,0.0,0.0,0.0,0.0,ny,ny
2026-02-20T20:58:02.858083,13468.1463,13468.1463,0.0,0.0,0.0,0.0,5,0,0,0,0,0,0,0,0.0,0.0,0.0,0.0,0.0,ny,ny
2026-02-20T20:59:35.793340,13468.1463,13468.1463,0.0,0.0,0.0,0.0,5,0,0,0,0,0,0,0,0.0,0.0,0.0,0.0,0.0,ny,ny
2026-02-20T20:59:36.645719,13468.1463,13468.1463,0.0,0.0,0.0,0.0,5,0,0,0,0,0,0,0,0.0,0.0,0.0,0.0,0.0,ny,ny
2026-02-20T21:01:43.785424,13468.1463,13468.1463,0.0,0.0,0.0,0.0,5,0,0,0,0,0,0,0,0.0,0.0,0.0,0.0,0.0,,
2026-02-20T21:24:56.026293,13468.1463,13468.1463,0.0,0.0,0.0,0.0,5,0,0,0,0,0,0,0,0.0,0.0,0.0,0.0,0.0,ny,ny
2026-02-20T21:24:56.921353,13468.1463,13468.1463,0.0,0.0,0.0,0.0,5,0,0,0,0,0,0,0,0.0,0.0,0.0,0.0,0.0,ny,ny
2026-02-20T21:26:23.089691,13468.1463,13468.1463,0.0,0.0,0.0,0.0,5,0,0,0,0,0,0,0,0.0,0.0,0.0,0.0,0.0,ny,ny
2026-02-20T21:26:23.965170,13468.1463,13468.1463,0.0,0.0,0.0,0.0,5,0,0,0,0,0,0,0,0.0,0.0,0.0,0.0,0.0,ny,ny
2026-02-20T21:27:46.726266,13468.1463,13468.1463,0.0,0.0,0.0,0.0,5,0,0,0,0,0,0,0,0.0,0.0,0.0,0.0,0.0,,
2026-02-20T21:45:16.159222,13468.1463,13468.1463,0.0,0.0,0.0,0.0,5,0,0,0,0,0,0,0,0.0,0.0,0.0,0.0,0.0,ny,ny
2026-02-20T21:45:17.029318,13468.1463,13468.1463,0.0,0.0,0.0,0.0,5,0,0,0,0,0,0,0,0.0,0.0,0.0,0.0,0.0,ny,ny
2026-02-20T21:46:28.770969,13468.1463,13468.1463,0.0,0.0,0.0,0.0,5,0,0,0,0,0,0,0,0.0,0.0,0.0,0.0,0.0,,
2026-02-20T22:08:05.809333,13467.2242,13467.2242,0.0,0.0,-0.922099999999773,-0.006846524974262962,5,0,0,0,0,0,0,0,0.0,6.846524974262961e-05,6.846524974262961e-05,0.0,0.0,,
2026-02-20T23:04:49.106045,13467.2242,13467.2242,0.0,0.0,-0.922099999999773,-0.006846524974262962,5,0,0,0,0,0,0,0,0.0,6.846524974262961e-05,6.846524974262961e-05,0.0,0.0,,
2026-02-21T00:00:48.730071,13467.2242,13467.2242,0.0,0.0,-0.922099999999773,-0.006846524974262962,5,0,0,0,0,0,0,0,0.0,6.846524974262961e-05,6.846524974262961e-05,0.0,0.0,,
2026-02-21T00:57:34.181461,13467.2242,13467.2242,0.0,0.0,-0.922099999999773,-0.006846524974262962,5,0,0,0,0,0,0,0,0.0,6.846524974262961e-05,6.846524974262961e-05,0.0,0.0,,
2026-02-21T01:55:03.795292,13467.2242,13467.2242,0.0,0.0,-0.922099999999773,-0.006846524974262962,5,0,0,0,0,0,0,0,0.0,6.846524974262961e-05,6.846524974262961e-05,0.0,0.0,,
2026-02-21T02:52:40.898325,13467.2242,13467.2242,0.0,0.0,-0.922099999999773,-0.006846524974262962,5,0,0,0,0,0,0,0,0.0,6.846524974262961e-05,6.846524974262961e-05,0.0,0.0,,
2026-02-21T03:50:00.919101,13467.2242,13467.2242,0.0,0.0,-0.922099999999773,-0.006846524974262962,5,0,0,0,0,0,0,0,0.0,6.846524974262961e-05,6.846524974262961e-05,0.0,0.0,,
2026-02-21T04:47:16.450522,13467.2242,13467.2242,0.0,0.0,-0.922099999999773,-0.006846524974262962,5,0,0,0,0,0,0,0,0.0,6.846524974262961e-05,6.846524974262961e-05,0.0,0.0,,
2026-02-21T05:44:11.031169,13467.2242,13467.2242,0.0,0.0,-0.922099999999773,-0.006846524974262962,5,0,0,0,0,0,0,0,0.0,6.846524974262961e-05,6.846524974262961e-05,0.0,0.0,,
2026-02-21T06:41:15.078917,13467.2242,13467.2242,0.0,0.0,-0.922099999999773,-0.006846524974262962,5,0,0,0,0,0,0,0,0.0,6.846524974262961e-05,6.846524974262961e-05,0.0,0.0,,
2026-02-21T07:37:44.243294,13467.2242,13467.2242,0.0,0.0,-0.922099999999773,-0.006846524974262962,5,0,0,0,0,0,0,0,0.0,6.846524974262961e-05,6.846524974262961e-05,0.0,0.0,,
2026-02-21T08:34:00.088703,13467.2242,13467.2242,0.0,0.0,-0.922099999999773,-0.006846524974262962,5,0,0,0,0,0,0,0,0.0,6.846524974262961e-05,6.846524974262961e-05,0.0,0.0,,
2026-02-21T09:30:01.142296,13467.2242,13467.2242,0.0,0.0,-0.922099999999773,-0.006846524974262962,5,0,0,0,0,0,0,0,0.0,6.846524974262961e-05,6.846524974262961e-05,0.0,0.0,,
2026-02-21T10:25:48.116001,13467.2242,13467.2242,0.0,0.0,-0.922099999999773,-0.006846524974262962,5,0,0,0,0,0,0,0,0.0,6.846524974262961e-05,6.846524974262961e-05,0.0,0.0,,
2026-02-21T11:21:49.054318,13467.2242,13467.2242,0.0,0.0,-0.922099999999773,-0.006846524974262962,5,0,0,0,0,0,0,0,0.0,6.846524974262961e-05,6.846524974262961e-05,0.0,0.0,,
2026-02-21T12:17:18.344746,13467.2242,13467.2242,0.0,0.0,-0.922099999999773,-0.006846524974262962,5,0,0,0,0,0,0,0,0.0,6.846524974262961e-05,6.846524974262961e-05,0.0,0.0,,
2026-02-21T13:13:11.090308,13467.2242,13467.2242,0.0,0.0,-0.922099999999773,-0.006846524974262962,5,0,0,0,0,0,0,0,0.0,6.846524974262961e-05,6.846524974262961e-05,0.0,0.0,,
2026-02-21T14:09:10.210193,13467.2242,13467.2242,0.0,0.0,-0.922099999999773,-0.006846524974262962,5,0,0,0,0,0,0,0,0.0,6.846524974262961e-05,6.846524974262961e-05,0.0,0.0,,
2026-02-21T15:04:53.695284,13467.2242,13467.2242,0.0,0.0,-0.922099999999773,-0.006846524974262962,5,0,0,0,0,0,0,0,0.0,6.846524974262961e-05,6.846524974262961e-05,0.0,0.0,,
2026-02-21T16:00:57.632063,13467.2242,13467.2242,0.0,0.0,-0.922099999999773,-0.006846524974262962,5,0,0,0,0,0,0,0,0.0,6.846524974262961e-05,6.846524974262961e-05,0.0,0.0,,
2026-02-21T16:57:31.481222,13467.2242,13467.2242,0.0,0.0,-0.922099999999773,-0.006846524974262962,5,0,0,0,0,0,0,0,0.0,6.846524974262961e-05,6.846524974262961e-05,0.0,0.0,,
2026-02-21T17:54:33.932319,13467.2242,13467.2242,0.0,0.0,-0.922099999999773,-0.006846524974262962,5,0,0,0,0,0,0,0,0.0,6.846524974262961e-05,6.846524974262961e-05,0.0,0.0,,
2026-02-21T18:51:36.068442,13467.2242,13467.2242,0.0,0.0,-0.922099999999773,-0.006846524974262962,5,0,0,0,0,0,0,0,0.0,6.846524974262961e-05,6.846524974262961e-05,0.0,0.0,,
2026-02-21T19:49:22.679684,13467.2242,13467.2242,0.0,0.0,-0.922099999999773,-0.006846524974262962,5,0,0,0,0,0,0,0,0.0,6.846524974262961e-05,6.846524974262961e-05,0.0,0.0,,
2026-02-21T20:46:46.319274,13467.2242,13467.2242,0.0,0.0,-0.922099999999773,-0.006846524974262962,5,0,0,0,0,0,0,0,0.0,6.846524974262961e-05,6.846524974262961e-05,0.0,0.0,,
2026-02-21T21:43:56.266514,13467.2242,13467.2242,0.0,0.0,-0.922099999999773,-0.006846524974262962,5,0,0,0,0,0,0,0,0.0,6.846524974262961e-05,6.846524974262961e-05,0.0,0.0,,
2026-02-21T22:41:26.452938,13467.2242,13467.2242,0.0,0.0,-0.922099999999773,-0.006846524974262962,5,0,0,0,0,0,0,0,0.0,6.846524974262961e-05,6.846524974262961e-05,0.0,0.0,,
2026-02-21T23:38:40.872810,13467.2242,13467.2242,0.0,0.0,-0.922099999999773,-0.006846524974262962,5,0,0,0,0,0,0,0,0.0,6.846524974262961e-05,6.846524974262961e-05,0.0,0.0,,
2026-02-22T00:35:34.693851,13467.2242,13467.2242,0.0,0.0,-0.922099999999773,-0.006846524974262962,5,0,0,0,0,0,0,0,0.0,6.846524974262961e-05,6.846524974262961e-05,0.0,0.0,,
2026-02-22T01:32:33.787820,13467.2242,13467.2242,0.0,0.0,-0.922099999999773,-0.006846524974262962,5,0,0,0,0,0,0,0,0.0,6.846524974262961e-05,6.846524974262961e-05,0.0,0.0,,
2026-02-22T02:29:10.004289,13467.2242,13467.2242,0.0,0.0,-0.922099999999773,-0.006846524974262962,5,0,0,0,0,0,0,0,0.0,6.846524974262961e-05,6.846524974262961e-05,0.0,0.0,,
2026-02-22T03:26:21.290933,13467.2242,13467.2242,0.0,0.0,-0.922099999999773,-0.006846524974262962,5,0,0,0,0,0,0,0,0.0,6.846524974262961e-05,6.846524974262961e-05,0.0,0.0,,
2026-02-22T04:23:29.943572,13467.2242,13467.2242,0.0,0.0,-0.922099999999773,-0.006846524974262962,5,0,0,0,0,0,0,0,0.0,6.846524974262961e-05,6.846524974262961e-05,0.0,0.0,,
2026-02-22T05:20:33.121080,13467.2242,13467.2242,0.0,0.0,-0.922099999999773,-0.006846524974262962,5,0,0,0,0,0,0,0,0.0,6.846524974262961e-05,6.846524974262961e-05,0.0,0.0,,
2026-02-22T06:17:04.612689,13467.2242,13467.2242,0.0,0.0,-0.922099999999773,-0.006846524974262962,5,0,0,0,0,0,0,0,0.0,6.846524974262961e-05,6.846524974262961e-05,0.0,0.0,,
2026-02-22T07:12:51.998465,13467.2242,13467.2242,0.0,0.0,-0.922099999999773,-0.006846524974262962,5,0,0,0,0,0,0,0,0.0,6.846524974262961e-05,6.846524974262961e-05,0.0,0.0,,
2026-02-22T08:08:45.219323,13467.2242,13467.2242,0.0,0.0,-0.922099999999773,-0.006846524974262962,5,0,0,0,0,0,0,0,0.0,6.846524974262961e-05,6.846524974262961e-05,0.0,0.0,,
2026-02-22T09:04:45.969369,13467.2242,13467.2242,0.0,0.0,-0.922099999999773,-0.006846524974262962,5,0,0,0,0,0,0,0,0.0,6.846524974262961e-05,6.846524974262961e-05,0.0,0.0,,
2026-02-22T10:00:34.202748,13467.2242,13467.2242,0.0,0.0,-0.922099999999773,-0.006846524974262962,5,0,0,0,0,0,0,0,0.0,6.846524974262961e-05,6.846524974262961e-05,0.0,0.0,,
2026-02-22T10:56:10.387009,13467.2242,13467.2242,0.0,0.0,-0.922099999999773,-0.006846524974262962,5,0,0,0,0,0,0,0,0.0,6.846524974262961e-05,6.846524974262961e-05,0.0,0.0,,
2026-02-22T11:51:53.415731,13467.2242,13467.2242,0.0,0.0,-0.922099999999773,-0.006846524974262962,5,0,0,0,0,0,0,0,0.0,6.846524974262961e-05,6.846524974262961e-05,0.0,0.0,,
2026-02-22T12:47:37.886020,13467.2242,13467.2242,0.0,0.0,-0.922099999999773,-0.006846524974262962,5,0,0,0,0,0,0,0,0.0,6.846524974262961e-05,6.846524974262961e-05,0.0,0.0,,
2026-02-22T13:43:21.624822,13467.2242,13467.2242,0.0,0.0,-0.922099999999773,-0.006846524974262962,5,0,0,0,0,0,0,0,0.0,6.846524974262961e-05,6.846524974262961e-05,0.0,0.0,,
2026-02-22T14:39:11.005309,13467.2242,13467.2242,0.0,0.0,-0.922099999999773,-0.006846524974262962,5,0,0,0,0,0,0,0,0.0,6.846524974262961e-05,6.846524974262961e-05,0.0,0.0,,
2026-02-22T15:34:56.587572,13467.2242,13467.2242,0.0,0.0,-0.922099999999773,-0.006846524974262962,5,0,0,0,0,0,0,0,0.0,6.846524974262961e-05,6.846524974262961e-05,0.0,0.0,,
2026-02-22T16:30:54.833054,13467.2242,13467.2242,0.0,0.0,-0.922099999999773,-0.006846524974262962,5,0,0,0,0,0,0,0,0.0,6.846524974262961e-05,6.846524974262961e-05,0.0,0.0,,
2026-02-22T17:27:35.111998,13467.2242,13467.2242,0.0,0.0,-0.922099999999773,-0.006846524974262962,5,0,0,0,0,0,0,0,0.0,6.846524974262961e-05,6.846524974262961e-05,0.0,0.0,,
2026-02-22T18:23:39.613951,13467.2242,13467.2242,0.0,0.0,-0.922099999999773,-0.006846524974262962,5,0,0,0,0,0,0,0,0.0,6.846524974262961e-05,6.846524974262961e-05,0.0,0.0,,
2026-02-22T19:19:54.297280,13467.2242,13467.2242,0.0,0.0,-0.922099999999773,-0.006846524974262962,5,0,0,0,0,0,0,0,0.0,6.846524974262961e-05,6.846524974262961e-05,0.0,0.0,,
2026-02-22T20:17:19.903297,13467.2242,13467.2242,0.0,0.0,-0.922099999999773,-0.006846524974262962,5,0,0,0,0,0,0,0,0.0,6.846524974262961e-05,6.846524974262961e-05,0.0,0.0,,
2026-02-22T21:14:32.359381,13467.2242,13467.2242,0.0,0.0,-0.922099999999773,-0.006846524974262962,5,0,0,0,0,0,0,0,0.0,6.846524974262961e-05,6.846524974262961e-05,0.0,0.0,,
2026-02-22T22:12:14.368418,13467.2242,13467.2242,0.0,0.0,-0.922099999999773,-0.006846524974262962,5,0,0,0,0,0,0,0,0.0,6.846524974262961e-05,6.846524974262961e-05,0.0,0.0,,
2026-02-22T23:10:05.193114,13467.2242,13467.2242,0.0,0.0,-0.922099999999773,-0.006846524974262962,5,0,0,0,0,0,0,0,0.0,6.846524974262961e-05,6.846524974262961e-05,0.0,0.0,,
2026-02-23T00:05:54.838274,12879.8137,12879.8137,0.0,0.0,-588.3325999999997,-4.368326471178887,3,2,0,0,0,0,0,0,0.0,0.04368326471178886,0.04368326471178886,0.0,0.0,tokyo,tokyo
2026-02-23T00:05:55.388451,12879.8137,12879.8137,0.0,0.0,-588.3325999999997,-4.368326471178887,3,2,0,0,0,0,0,0,0.0,0.04368326471178886,0.04368326471178886,0.0,0.0,tokyo,tokyo
2026-02-23T00:08:47.844264,12879.8137,12879.8137,0.0,0.0,0.0,0.0,4,0,0,0,0,0,0,0,0.0,0.0,0.0,0.0,0.0,tokyo,tokyo
2026-02-23T00:08:48.490276,12879.8137,12879.8137,0.0,0.0,0.0,0.0,4,0,0,0,0,0,0,0,0.0,0.0,0.0,0.0,0.0,tokyo,tokyo
2026-02-23T00:11:28.762305,12879.8137,12879.8137,0.0,0.0,0.0,0.0,4,0,0,0,0,0,0,0,0.0,0.0,0.0,0.0,0.0,tokyo,tokyo
2026-02-23T00:11:29.416274,12879.8137,12879.8137,0.0,0.0,0.0,0.0,4,0,0,0,0,0,0,0,0.0,0.0,0.0,0.0,0.0,tokyo,tokyo
2026-02-23T00:14:08.731261,12879.8137,12879.8137,0.0,0.0,0.0,0.0,4,0,0,0,0,0,0,0,0.0,0.0,0.0,0.0,0.0,tokyo,tokyo
2026-02-23T00:14:09.347812,12879.8137,12879.8137,0.0,0.0,0.0,0.0,4,0,0,0,0,0,0,0,0.0,0.0,0.0,0.0,0.0,tokyo,tokyo
2026-02-23T00:16:41.118286,12879.8137,12879.8137,0.0,0.0,0.0,0.0,4,0,0,0,0,0,0,0,0.0,0.0,0.0,0.0,0.0,tokyo,tokyo
2026-02-23T00:16:41.770266,12879.8137,12879.8137,0.0,0.0,0.0,0.0,4,0,0,0,0,0,0,0,0.0,0.0,0.0,0.0,0.0,tokyo,tokyo
2026-02-23T00:19:08.934275,12879.8137,12879.8137,0.0,0.0,0.0,0.0,4,0,0,0,0,0,0,0,0.0,0.0,0.0,0.0,0.0,,
2026-02-23T00:40:38.177285,12879.8137,12879.8137,0.0,0.0,0.0,0.0,4,0,0,0,0,0,0,0,0.0,0.0,0.0,0.0,0.0,tokyo,tokyo
2026-02-23T00:40:38.834329,12879.8137,12879.8137,0.0,0.0,0.0,0.0,4,0,0,0,0,0,0,0,0.0,0.0,0.0,0.0,0.0,tokyo,tokyo
2026-02-23T00:42:07.563350,12879.8137,12879.8137,0.0,0.0,0.0,0.0,4,0,0,0,0,0,0,0,0.0,0.0,0.0,0.0,0.0,tokyo,tokyo
2026-02-23T00:42:08.185318,12879.8137,12879.8137,0.0,0.0,0.0,0.0,4,0,0,0,0,0,0,0,0.0,0.0,0.0,0.0,0.0,tokyo,tokyo
2026-02-23T00:43:55.434183,12879.8137,12879.8137,0.0,0.0,0.0,0.0,4,0,0,0,0,0,0,0,0.0,0.0,0.0,0.0,0.0,tokyo,tokyo
2026-02-23T00:43:56.106555,12879.8137,12879.8137,0.0,0.0,0.0,0.0,4,0,0,0,0,0,0,0,0.0,0.0,0.0,0.0,0.0,tokyo,tokyo
2026-02-23T00:45:39.682464,12879.8137,12879.8137,0.0,0.0,0.0,0.0,4,0,0,0,0,0,0,0,0.0,0.0,0.0,0.0,0.0,tokyo,tokyo
2026-02-23T00:45:40.304297,12879.8137,12879.8137,0.0,0.0,0.0,0.0,4,0,0,0,0,0,0,0,0.0,0.0,0.0,0.0,0.0,tokyo,tokyo
2026-02-23T00:47:23.921287,12879.8137,12879.8137,0.0,0.0,0.0,0.0,4,0,0,0,0,0,0,0,0.0,0.0,0.0,0.0,0.0,tokyo,tokyo
2026-02-23T00:47:24.522564,12879.8137,12879.8137,0.0,0.0,0.0,0.0,4,0,0,0,0,0,0,0,0.0,0.0,0.0,0.0,0.0,tokyo,tokyo
2026-02-23T00:49:07.684769,12879.8137,12879.8137,0.0,0.0,0.0,0.0,4,0,0,0,0,0,0,0,0.0,0.0,0.0,0.0,0.0,tokyo,tokyo
2026-02-23T00:49:08.392313,12879.8137,12879.8137,0.0,0.0,0.0,0.0,4,0,0,0,0,0,0,0,0.0,0.0,0.0,0.0,0.0,tokyo,tokyo
2026-02-23T00:50:53.231366,12879.8137,12879.8137,0.0,0.0,0.0,0.0,4,0,0,0,0,0,0,0,0.0,0.0,0.0,0.0,0.0,tokyo,tokyo
2026-02-23T00:50:53.867455,12879.8137,12879.8137,0.0,0.0,0.0,0.0,4,0,0,0,0,0,0,0,0.0,0.0,0.0,0.0,0.0,tokyo,tokyo
2026-02-23T00:52:27.484113,12879.8137,12879.8137,0.0,0.0,0.0,0.0,4,0,0,0,0,0,0,0,0.0,0.0,0.0,0.0,0.0,tokyo,tokyo
2026-02-23T00:52:28.070305,12879.8137,12879.8137,0.0,0.0,0.0,0.0,4,0,0,0,0,0,0,0,0.0,0.0,0.0,0.0,0.0,tokyo,tokyo
2026-02-23T00:54:03.513314,12879.8137,12879.8137,0.0,0.0,0.0,0.0,4,0,0,0,0,0,0,0,0.0,0.0,0.0,0.0,0.0,tokyo,tokyo
2026-02-23T00:54:04.221551,12879.8137,12879.8137,0.0,0.0,0.0,0.0,4,0,0,0,0,0,0,0,0.0,0.0,0.0,0.0,0.0,tokyo,tokyo
2026-02-23T00:55:38.697307,12879.8137,12879.8137,0.0,0.0,0.0,0.0,4,0,0,0,0,0,0,0,0.0,0.0,0.0,0.0,0.0,tokyo,tokyo
2026-02-23T00:55:39.305731,12879.8137,12879.8137,0.0,0.0,0.0,0.0,4,0,0,0,0,0,0,0,0.0,0.0,0.0,0.0,0.0,tokyo,tokyo
2026-02-23T00:57:12.666059,12879.8137,12879.8137,0.0,0.0,0.0,0.0,4,0,0,0,0,0,0,0,0.0,0.0,0.0,0.0,0.0,tokyo,tokyo
2026-02-23T00:57:13.280148,12879.8137,12879.8137,0.0,0.0,0.0,0.0,4,0,0,0,0,0,0,0,0.0,0.0,0.0,0.0,0.0,tokyo,tokyo
2026-02-23T00:58:45.728223,12879.8137,12879.8137,0.0,0.0,0.0,0.0,4,0,0,0,0,0,0,0,0.0,0.0,0.0,0.0,0.0,tokyo,tokyo
2026-02-23T00:58:46.360796,12879.8137,12879.8137,0.0,0.0,0.0,0.0,4,0,0,0,0,0,0,0,0.0,0.0,0.0,0.0,0.0,tokyo,tokyo
2026-02-23T01:00:30.028317,12879.8137,12879.8137,0.0,0.0,0.0,0.0,4,0,0,0,0,0,0,0,0.0,0.0,0.0,0.0,0.0,tokyo,tokyo
2026-02-23T01:00:30.647544,12879.8137,12879.8137,0.0,0.0,0.0,0.0,4,0,0,0,0,0,0,0,0.0,0.0,0.0,0.0,0.0,tokyo,tokyo
2026-02-23T01:03:05.717253,12879.8137,12879.8137,0.0,0.0,0.0,0.0,4,0,0,0,0,0,0,0,0.0,0.0,0.0,0.0,0.0,tokyo,tokyo
2026-02-23T01:03:06.362300,12879.8137,12879.8137,0.0,0.0,0.0,0.0,4,0,0,0,0,0,0,0,0.0,0.0,0.0,0.0,0.0,tokyo,tokyo
2026-02-23T01:05:34.667567,12879.8137,12879.8137,0.0,0.0,0.0,0.0,4,0,0,0,0,0,0,0,0.0,0.0,0.0,0.0,0.0,tokyo,tokyo
2026-02-23T01:05:35.344298,12879.8137,12879.8137,0.0,0.0,0.0,0.0,4,0,0,0,0,0,0,0,0.0,0.0,0.0,0.0,0.0,tokyo,tokyo
2026-02-23T01:08:13.997261,12879.8137,12879.8137,0.0,0.0,0.0,0.0,4,0,0,0,0,0,0,0,0.0,0.0,0.0,0.0,0.0,tokyo,tokyo
2026-02-23T01:08:14.631277,12879.8137,12879.8137,0.0,0.0,0.0,0.0,4,0,0,0,0,0,0,0,0.0,0.0,0.0,0.0,0.0,tokyo,tokyo
2026-02-23T01:10:52.821315,12879.8137,12879.8137,0.0,0.0,0.0,0.0,4,0,0,0,0,0,0,0,0.0,0.0,0.0,0.0,0.0,tokyo,tokyo
2026-02-23T01:10:53.490378,12879.8137,12879.8137,0.0,0.0,0.0,0.0,4,0,0,0,0,0,0,0,0.0,0.0,0.0,0.0,0.0,tokyo,tokyo
2026-02-23T01:13:28.800268,12879.8137,12879.8137,0.0,0.0,0.0,0.0,4,0,0,0,0,0,0,0,0.0,0.0,0.0,0.0,0.0,tokyo,tokyo
2026-02-23T01:13:29.444444,12879.8137,12879.8137,0.0,0.0,0.0,0.0,4,0,0,0,0,0,0,0,0.0,0.0,0.0,0.0,0.0,tokyo,tokyo
2026-02-23T01:15:57.336246,12879.8137,12879.8137,0.0,0.0,0.0,0.0,4,0,0,0,0,0,0,0,0.0,0.0,0.0,0.0,0.0,tokyo,tokyo
2026-02-23T01:15:57.975226,12879.8137,12879.8137,0.0,0.0,0.0,0.0,4,0,0,0,0,0,0,0,0.0,0.0,0.0,0.0,0.0,tokyo,tokyo
2026-02-23T01:18:31.563314,12879.8137,12879.8137,0.0,0.0,0.0,0.0,4,0,0,0,0,0,0,0,0.0,0.0,0.0,0.0,0.0,tokyo,tokyo
2026-02-23T01:18:32.223122,12879.8137,12879.8137,0.0,0.0,0.0,0.0,4,0,0,0,0,0,0,0,0.0,0.0,0.0,0.0,0.0,tokyo,tokyo
2026-02-23T01:20:57.782285,12879.8137,12879.8137,0.0,0.0,0.0,0.0,4,0,0,0,0,0,0,0,0.0,0.0,0.0,0.0,0.0,,
2026-02-23T01:40:23.889569,12879.8137,12879.8137,0.0,0.0,0.0,0.0,4,0,0,0,0,0,0,0,0.0,0.0,0.0,0.0,0.0,,
2026-02-23T01:59:08.583397,12879.8137,12879.8137,0.0,0.0,0.0,0.0,4,0,0,0,0,0,0,0,0.0,0.0,0.0,0.0,0.0,,
2026-02-23T02:28:29.035278,12879.8137,12879.8137,0.0,0.0,0.0,0.0,4,0,0,0,0,0,0,0,0.0,0.0,0.0,0.0,0.0,tokyo,tokyo
2026-02-23T02:28:29.657546,12879.8137,12879.8137,0.0,0.0,0.0,0.0,4,0,0,0,0,0,0,0,0.0,0.0,0.0,0.0,0.0,tokyo,tokyo
2026-02-23T02:31:07.566287,12879.8137,12879.8137,0.0,0.0,0.0,0.0,4,0,0,0,0,0,0,0,0.0,0.0,0.0,0.0,0.0,tokyo,tokyo
2026-02-23T02:31:08.179289,12879.8137,12879.8137,0.0,0.0,0.0,0.0,4,0,0,0,0,0,0,0,0.0,0.0,0.0,0.0,0.0,tokyo,tokyo
2026-02-23T02:33:58.722304,12879.8137,12879.8137,0.0,0.0,0.0,0.0,4,0,0,0,0,0,0,0,0.0,0.0,0.0,0.0,0.0,tokyo,tokyo
2026-02-23T02:33:59.354323,12879.8137,12879.8137,0.0,0.0,0.0,0.0,4,0,0,0,0,0,0,0,0.0,0.0,0.0,0.0,0.0,tokyo,tokyo
2026-02-23T02:36:38.328961,12879.8137,12879.8137,0.0,0.0,0.0,0.0,4,0,0,0,0,0,0,0,0.0,0.0,0.0,0.0,0.0,,
2026-02-23T03:00:56.233173,12879.8137,12879.8137,0.0,0.0,0.0,0.0,4,0,0,0,0,0,0,0,0.0,0.0,0.0,0.0,0.0,,
2026-02-23T03:26:38.614276,12879.8137,12879.8137,0.0,0.0,0.0,0.0,4,0,0,0,0,0,0,0,0.0,0.0,0.0,0.0,0.0,,
2026-02-23T03:45:10.640409,12879.8137,12879.8137,0.0,0.0,0.0,0.0,4,0,0,0,0,0,0,0,0.0,0.0,0.0,0.0,0.0,,
2026-02-23T04:04:29.326015,12879.8137,12879.8137,0.0,0.0,0.0,0.0,4,0,0,0,0,0,0,0,0.0,0.0,0.0,0.0,0.0,,
2026-02-23T04:26:45.594316,12879.8137,12879.8137,0.0,0.0,0.0,0.0,4,0,0,0,0,0,0,0,0.0,0.0,0.0,0.0,0.0,,
2026-02-23T04:45:02.987435,12879.8137,12879.8137,0.0,0.0,0.0,0.0,4,0,0,0,0,0,0,0,0.0,0.0,0.0,0.0,0.0,,
2026-02-23T05:04:15.656280,12879.8137,12879.8137,0.0,0.0,0.0,0.0,4,0,0,0,0,0,0,0,0.0,0.0,0.0,0.0,0.0,,
2026-02-23T05:26:42.999165,12879.8137,12879.8137,0.0,0.0,0.0,0.0,4,0,0,0,0,0,0,0,0.0,0.0,0.0,0.0,0.0,,
2026-02-23T05:44:15.376063,12879.8137,12879.8137,0.0,0.0,0.0,0.0,4,0,0,0,0,0,0,0,0.0,0.0,0.0,0.0,0.0,,
2026-02-23T06:02:29.358359,12879.8137,12879.8137,0.0,0.0,0.0,0.0,4,0,0,0,0,0,0,0,0.0,0.0,0.0,0.0,0.0,,
2026-02-23T06:26:52.851648,12879.8137,12879.8137,0.0,0.0,0.0,0.0,4,0,0,0,0,0,0,0,0.0,0.0,0.0,0.0,0.0,,
2026-02-23T06:49:27.121559,12879.8137,12879.8137,0.0,0.0,0.0,0.0,4,0,0,0,0,0,0,0,0.0,0.0,0.0,0.0,0.0,,
2026-02-23T07:10:59.760340,12879.8137,12879.8137,0.0,0.0,0.0,0.0,4,0,0,0,0,0,0,0,0.0,0.0,0.0,0.0,0.0,,
2026-02-23T07:32:51.650989,12879.8137,12879.8137,0.0,0.0,0.0,0.0,4,0,0,0,0,0,0,0,0.0,0.0,0.0,0.0,0.0,,
2026-02-23T07:51:35.093323,12879.8137,12879.8137,0.0,0.0,0.0,0.0,4,0,0,0,0,0,0,0,0.0,0.0,0.0,0.0,0.0,,
2026-02-23T08:13:56.968267,12879.8137,12879.8137,0.0,0.0,0.0,0.0,4,0,0,0,0,0,0,0,0.0,0.0,0.0,0.0,0.0,,
2026-02-23T08:35:26.134455,12879.8137,12879.8137,0.0,0.0,0.0,0.0,5,1,0,0,0,0,0,0,0.0,0.0,0.0,0.0,0.0,,
2026-02-23T08:54:25.120459,12879.8137,12879.8137,0.0,0.0,0.0,0.0,5,1,0,0,0,0,0,0,0.0,0.0,0.0,0.0,0.0,,
2026-02-23T09:15:17.298038,12879.8137,12879.8137,0.0,0.0,0.0,0.0,5,1,0,0,0,0,0,0,0.0,0.0,0.0,0.0,0.0,,
2026-02-23T09:32:20.999885,12879.8137,12879.8137,0.0,0.0,0.0,0.0,5,1,0,0,0,0,0,0,0.0,0.0,0.0,0.0,0.0,,
2026-02-23T09:46:07.553507,12879.8137,12879.8137,0.0,0.0,0.0,0.0,5,1,0,0,0,0,0,0,0.0,0.0,0.0,0.0,0.0,,
2026-02-23T09:59:44.501286,12879.8137,12879.8137,0.0,0.0,0.0,0.0,5,1,0,0,0,0,0,0,0.0,0.0,0.0,0.0,0.0,,
2026-02-23T10:21:09.946241,12879.8137,12879.8137,0.0,0.0,0.0,0.0,5,1,0,0,0,0,0,0,0.0,0.0,0.0,0.0,0.0,,
2026-02-23T10:41:37.328300,12879.8137,12879.8137,0.0,0.0,0.0,0.0,5,1,0,0,0,0,0,0,0.0,0.0,0.0,0.0,0.0,,
2026-02-23T10:57:51.338310,12879.8137,12879.8137,0.0,0.0,0.0,0.0,5,1,0,0,0,0,0,0,0.0,0.0,0.0,0.0,0.0,,
2026-02-23T11:16:47.261303,12879.8137,12879.8137,0.0,0.0,0.0,0.0,5,1,0,0,0,0,0,0,0.0,0.0,0.0,0.0,0.0,,
2026-02-23T11:33:24.968283,12879.8137,12879.8137,0.0,0.0,0.0,0.0,5,1,0,0,0,0,0,0,0.0,0.0,0.0,0.0,0.0,london,london
2026-02-23T11:33:25.706237,12879.8137,12879.8137,0.0,0.0,0.0,0.0,5,1,0,0,0,0,0,0,0.0,0.0,0.0,0.0,0.0,london,london
2026-02-23T11:34:52.101129,12879.8137,12879.8137,0.0,0.0,0.0,0.0,5,0,0,0,0,0,0,0,0.0,0.0,0.0,0.0,0.0,london,london
2026-02-23T11:34:52.931153,12879.8137,12879.8137,0.0,0.0,0.0,0.0,5,0,0,0,0,0,0,0,0.0,0.0,0.0,0.0,0.0,london,london
2026-02-23T11:36:28.542511,12879.8137,12879.8137,0.0,0.0,0.0,0.0,5,0,0,0,0,0,0,0,0.0,0.0,0.0,0.0,0.0,london,london
2026-02-23T11:36:29.334449,12879.8137,12879.8137,0.0,0.0,0.0,0.0,5,0,0,0,0,0,0,0,0.0,0.0,0.0,0.0,0.0,london,london
2026-02-23T11:37:56.844555,12879.8137,12879.8137,0.0,0.0,0.0,0.0,5,0,0,0,0,0,0,0,0.0,0.0,0.0,0.0,0.0,london,london
2026-02-23T11:37:57.642973,12879.8137,12879.8137,0.0,0.0,0.0,0.0,5,0,0,0,0,0,0,0,0.0,0.0,0.0,0.0,0.0,london,london
2026-02-23T11:39:23.945539,12879.8137,12879.8137,0.0,0.0,0.0,0.0,5,0,0,0,0,0,0,0,0.0,0.0,0.0,0.0,0.0,london,london
2026-02-23T11:39:24.779339,12879.8137,12879.8137,0.0,0.0,0.0,0.0,5,0,0,0,0,0,0,0,0.0,0.0,0.0,0.0,0.0,london,london
2026-02-23T11:40:54.025379,12879.8137,12879.8137,0.0,0.0,0.0,0.0,5,0,0,0,0,0,0,0,0.0,0.0,0.0,0.0,0.0,london,london
2026-02-23T11:40:54.768840,12879.8137,12879.8137,0.0,0.0,0.0,0.0,5,0,0,0,0,0,0,0,0.0,0.0,0.0,0.0,0.0,london,london
2026-02-23T11:42:31.090275,12879.8137,12879.8137,0.0,0.0,0.0,0.0,5,0,0,0,0,0,0,0,0.0,0.0,0.0,0.0,0.0,london,london
2026-02-23T11:42:31.799372,12879.8137,12879.8137,0.0,0.0,0.0,0.0,5,0,0,0,0,0,0,0,0.0,0.0,0.0,0.0,0.0,london,london
2026-02-23T11:44:00.169137,12879.8137,12879.8137,0.0,0.0,0.0,0.0,5,0,0,0,0,0,0,0,0.0,0.0,0.0,0.0,0.0,london,london
2026-02-23T11:44:00.946270,12879.8137,12879.8137,0.0,0.0,0.0,0.0,5,0,0,0,0,0,0,0,0.0,0.0,0.0,0.0,0.0,london,london
2026-02-23T11:45:32.951303,12879.8137,12879.8137,0.0,0.0,0.0,0.0,5,0,0,0,0,0,0,0,0.0,0.0,0.0,0.0,0.0,london,london
2026-02-23T11:45:33.697744,12879.8137,12879.8137,0.0,0.0,0.0,0.0,5,0,0,0,0,0,0,0,0.0,0.0,0.0,0.0,0.0,london,london
2026-02-23T11:47:08.559777,12879.8137,12879.8137,0.0,0.0,0.0,0.0,5,0,0,0,0,0,0,0,0.0,0.0,0.0,0.0,0.0,london,london
2026-02-23T11:47:09.295193,12879.8137,12879.8137,0.0,0.0,0.0,0.0,5,0,0,0,0,0,0,0,0.0,0.0,0.0,0.0,0.0,london,london
2026-02-23T11:48:39.168072,12879.8137,12879.8137,0.0,0.0,0.0,0.0,5,0,0,0,0,0,0,0,0.0,0.0,0.0,0.0,0.0,london,london
2026-02-23T11:48:39.998319,12879.8137,12879.8137,0.0,0.0,0.0,0.0,5,0,0,0,0,0,0,0,0.0,0.0,0.0,0.0,0.0,london,london
2026-02-23T11:50:18.109503,12879.8137,12879.8137,0.0,0.0,0.0,0.0,5,0,0,0,0,0,0,0,0.0,0.0,0.0,0.0,0.0,london,london
2026-02-23T11:50:18.978738,12879.8137,12879.8137,0.0,0.0,0.0,0.0,5,0,0,0,0,0,0,0,0.0,0.0,0.0,0.0,0.0,london,london
2026-02-23T11:51:45.929386,12879.8137,12879.8137,0.0,0.0,0.0,0.0,5,0,0,0,0,0,0,0,0.0,0.0,0.0,0.0,0.0,london,london
2026-02-23T11:51:46.646950,12879.8137,12879.8137,0.0,0.0,0.0,0.0,5,0,0,0,0,0,0,0,0.0,0.0,0.0,0.0,0.0,london,london
2026-02-23T11:53:15.266590,12879.8137,12879.8137,0.0,0.0,0.0,0.0,5,0,0,0,0,0,0,0,0.0,0.0,0.0,0.0,0.0,london,london
2026-02-23T11:53:16.028325,12879.8137,12879.8137,0.0,0.0,0.0,0.0,5,0,0,0,0,0,0,0,0.0,0.0,0.0,0.0,0.0,london,london
2026-02-23T11:54:45.610143,12879.8137,12879.8137,0.0,0.0,0.0,0.0,5,0,0,0,0,0,0,0,0.0,0.0,0.0,0.0,0.0,london,london
2026-02-23T11:54:46.338063,12879.8137,12879.8137,0.0,0.0,0.0,0.0,5,0,0,0,0,0,0,0,0.0,0.0,0.0,0.0,0.0,london,london
2026-02-23T11:56:18.754333,12879.8137,12879.8137,0.0,0.0,0.0,0.0,5,0,0,0,0,0,0,0,0.0,0.0,0.0,0.0,0.0,london,london
2026-02-23T11:56:19.580029,12879.8137,12879.8137,0.0,0.0,0.0,0.0,5,0,0,0,0,0,0,0,0.0,0.0,0.0,0.0,0.0,london,london
2026-02-23T11:57:49.113296,12879.8137,12879.8137,0.0,0.0,0.0,0.0,5,0,0,0,0,0,0,0,0.0,0.0,0.0,0.0,0.0,london,london
2026-02-23T11:57:49.857086,12879.8137,12879.8137,0.0,0.0,0.0,0.0,5,0,0,0,0,0,0,0,0.0,0.0,0.0,0.0,0.0,london,london
2026-02-23T11:59:18.795353,12879.8137,12879.8137,0.0,0.0,0.0,0.0,5,0,0,0,0,0,0,0,0.0,0.0,0.0,0.0,0.0,london,london
2026-02-23T11:59:19.541724,12879.8137,12879.8137,0.0,0.0,0.0,0.0,5,0,0,0,0,0,0,0,0.0,0.0,0.0,0.0,0.0,london,london
2026-02-23T12:01:26.773316,12879.8137,12879.8137,0.0,0.0,0.0,0.0,5,0,0,0,0,0,0,0,0.0,0.0,0.0,0.0,0.0,london,london
2026-02-23T12:01:27.536340,12879.8137,12879.8137,0.0,0.0,0.0,0.0,5,0,0,0,0,0,0,0,0.0,0.0,0.0,0.0,0.0,london,london
2026-02-23T12:03:47.752302,12879.8137,12879.8137,0.0,0.0,0.0,0.0,5,0,0,0,0,0,0,0,0.0,0.0,0.0,0.0,0.0,london,london
2026-02-23T12:03:48.497333,12879.8137,12879.8137,0.0,0.0,0.0,0.0,5,0,0,0,0,0,0,0,0.0,0.0,0.0,0.0,0.0,london,london
2026-02-23T12:06:12.052529,12879.8137,12879.8137,0.0,0.0,0.0,0.0,5,0,0,0,0,0,0,0,0.0,0.0,0.0,0.0,0.0,london,london
2026-02-23T12:06:12.849770,12879.8137,12879.8137,0.0,0.0,0.0,0.0,5,0,0,0,0,0,0,0,0.0,0.0,0.0,0.0,0.0,london,london
2026-02-23T12:08:25.073612,12879.8137,12879.8137,0.0,0.0,0.0,0.0,5,0,0,0,0,0,0,0,0.0,0.0,0.0,0.0,0.0,london,london
2026-02-23T12:08:25.863614,12879.8137,12879.8137,0.0,0.0,0.0,0.0,5,0,0,0,0,0,0,0,0.0,0.0,0.0,0.0,0.0,london,london
2026-02-23T12:10:32.094539,12879.8137,12879.8137,0.0,0.0,0.0,0.0,5,0,0,0,0,0,0,0,0.0,0.0,0.0,0.0,0.0,london,london
2026-02-23T12:10:32.904324,12879.8137,12879.8137,0.0,0.0,0.0,0.0,5,0,0,0,0,0,0,0,0.0,0.0,0.0,0.0,0.0,london,london
2026-02-23T12:12:32.309361,12879.8137,12879.8137,0.0,0.0,0.0,0.0,5,0,0,0,0,0,0,0,0.0,0.0,0.0,0.0,0.0,,
2026-02-23T12:30:31.726977,12879.8137,12879.8137,0.0,0.0,0.0,0.0,5,0,0,0,0,0,0,0,0.0,0.0,0.0,0.0,0.0,london,london
2026-02-23T12:30:32.644969,12879.8137,12879.8137,0.0,0.0,0.0,0.0,5,0,0,0,0,0,0,0,0.0,0.0,0.0,0.0,0.0,london,london
2026-02-23T12:32:04.684096,12879.8137,12879.8137,0.0,0.0,0.0,0.0,5,0,0,0,0,0,0,0,0.0,0.0,0.0,0.0,0.0,london,london
2026-02-23T12:32:05.434930,12879.8137,12879.8137,0.0,0.0,0.0,0.0,5,0,0,0,0,0,0,0,0.0,0.0,0.0,0.0,0.0,london,london
2026-02-23T12:33:26.920318,12879.8137,12879.8137,0.0,0.0,0.0,0.0,5,0,0,0,0,0,0,0,0.0,0.0,0.0,0.0,0.0,london,london
2026-02-23T12:33:27.704391,12879.8137,12879.8137,0.0,0.0,0.0,0.0,5,0,0,0,0,0,0,0,0.0,0.0,0.0,0.0,0.0,london,london
2026-02-23T12:34:55.387800,12879.8137,12879.8137,0.0,0.0,0.0,0.0,5,0,0,0,0,0,0,0,0.0,0.0,0.0,0.0,0.0,london,london
2026-02-23T12:34:56.119861,12879.8137,12879.8137,0.0,0.0,0.0,0.0,5,0,0,0,0,0,0,0,0.0,0.0,0.0,0.0,0.0,london,london
2026-02-23T12:36:23.756352,12879.8137,12879.8137,0.0,0.0,0.0,0.0,5,0,0,0,0,0,0,0,0.0,0.0,0.0,0.0,0.0,london,london
2026-02-23T12:36:24.511121,12879.8137,12879.8137,0.0,0.0,0.0,0.0,5,0,0,0,0,0,0,0,0.0,0.0,0.0,0.0,0.0,london,london
2026-02-23T12:37:43.610604,12879.8137,12879.8137,0.0,0.0,0.0,0.0,5,0,0,0,0,0,0,0,0.0,0.0,0.0,0.0,0.0,london,london
2026-02-23T12:37:44.345328,12879.8137,12879.8137,0.0,0.0,0.0,0.0,5,0,0,0,0,0,0,0,0.0,0.0,0.0,0.0,0.0,london,london
2026-02-23T12:39:06.234119,12879.8137,12879.8137,0.0,0.0,0.0,0.0,5,0,0,0,0,0,0,0,0.0,0.0,0.0,0.0,0.0,london,london
2026-02-23T12:39:06.978219,12879.8137,12879.8137,0.0,0.0,0.0,0.0,5,0,0,0,0,0,0,0,0.0,0.0,0.0,0.0,0.0,london,london
2026-02-23T12:40:30.988688,12879.8137,12879.8137,0.0,0.0,0.0,0.0,5,0,0,0,0,0,0,0,0.0,0.0,0.0,0.0,0.0,london,london
2026-02-23T12:40:31.749105,12879.8137,12879.8137,0.0,0.0,0.0,0.0,5,0,0,0,0,0,0,0,0.0,0.0,0.0,0.0,0.0,london,london
2026-02-23T12:41:58.722194,12879.8137,12879.8137,0.0,0.0,0.0,0.0,5,0,0,0,0,0,0,0,0.0,0.0,0.0,0.0,0.0,london,london
2026-02-23T12:41:59.494448,12879.8137,12879.8137,0.0,0.0,0.0,0.0,5,0,0,0,0,0,0,0,0.0,0.0,0.0,0.0,0.0,london,london
2026-02-23T12:43:29.902409,12879.8137,12879.8137,0.0,0.0,0.0,0.0,5,0,0,0,0,0,0,0,0.0,0.0,0.0,0.0,0.0,london,london
2026-02-23T12:43:30.684289,12879.8137,12879.8137,0.0,0.0,0.0,0.0,5,0,0,0,0,0,0,0,0.0,0.0,0.0,0.0,0.0,london,london
2026-02-23T12:44:52.131637,12879.8137,12879.8137,0.0,0.0,0.0,0.0,5,0,0,0,0,0,0,0,0.0,0.0,0.0,0.0,0.0,london,london
2026-02-23T12:44:52.889285,12879.8137,12879.8137,0.0,0.0,0.0,0.0,5,0,0,0,0,0,0,0,0.0,0.0,0.0,0.0,0.0,london,london
2026-02-23T12:46:05.146237,12879.8137,12879.8137,0.0,0.0,0.0,0.0,5,0,0,0,0,0,0,0,0.0,0.0,0.0,0.0,0.0,,
2026-02-23T12:58:52.107331,12879.8137,12879.8137,0.0,0.0,0.0,0.0,5,0,0,0,0,0,0,0,0.0,0.0,0.0,0.0,0.0,,
2026-02-23T13:18:32.020656,12879.8137,12879.8137,0.0,0.0,0.0,0.0,5,0,0,0,0,0,0,0,0.0,0.0,0.0,0.0,0.0,,
2026-02-23T13:34:03.464630,12879.8137,12879.8137,0.0,0.0,0.0,0.0,5,0,0,0,0,0,0,0,0.0,0.0,0.0,0.0,0.0,,
2026-02-23T13:47:07.990865,12879.8137,12879.8137,0.0,0.0,0.0,0.0,5,0,0,0,0,0,0,0,0.0,0.0,0.0,0.0,0.0,,
2026-02-23T14:00:19.248197,12879.8137,12879.8137,0.0,0.0,0.0,0.0,5,0,0,0,0,0,0,0,0.0,0.0,0.0,0.0,0.0,london_ny_overlap,london_ny_overlap
2026-02-23T14:00:20.067846,12879.8137,12879.8137,0.0,0.0,0.0,0.0,5,0,0,0,0,0,0,0,0.0,0.0,0.0,0.0,0.0,london_ny_overlap,london_ny_overlap
2026-02-23T14:02:29.046040,12879.8137,12879.8137,0.0,0.0,0.0,0.0,5,0,0,0,0,0,0,0,0.0,0.0,0.0,0.0,0.0,london_ny_overlap,london_ny_overlap
2026-02-23T14:02:29.923341,12879.8137,12879.8137,0.0,0.0,0.0,0.0,5,0,0,0,0,0,0,0,0.0,0.0,0.0,0.0,0.0,london_ny_overlap,london_ny_overlap
2026-02-23T14:04:40.242232,12879.8137,12879.8137,0.0,0.0,0.0,0.0,5,0,0,0,0,0,0,0,0.0,0.0,0.0,0.0,0.0,,
2026-02-23T14:25:01.796537,12879.8137,12879.8137,0.0,0.0,0.0,0.0,5,0,0,0,0,0,0,0,0.0,0.0,0.0,0.0,0.0,london_ny_overlap,london_ny_overlap
2026-02-23T14:25:02.584344,12879.8137,12879.8137,0.0,0.0,0.0,0.0,5,0,0,0,0,0,0,0,0.0,0.0,0.0,0.0,0.0,london_ny_overlap,london_ny_overlap
2026-02-23T14:27:12.391823,12879.8137,12879.8137,0.0,0.0,0.0,0.0,5,0,0,0,0,0,0,0,0.0,0.0,0.0,0.0,0.0,,
2026-02-23T14:48:16.279572,12879.8137,12879.8137,0.0,0.0,0.0,0.0,5,0,0,0,0,0,0,0,0.0,0.0,0.0,0.0,0.0,london_ny_overlap,london_ny_overlap
2026-02-23T14:48:17.100352,12879.8137,12879.8137,0.0,0.0,0.0,0.0,5,0,0,0,0,0,0,0,0.0,0.0,0.0,0.0,0.0,london_ny_overlap,london_ny_overlap
2026-02-23T14:50:35.651915,12879.8137,12879.8137,0.0,0.0,0.0,0.0,5,0,0,0,0,0,0,0,0.0,0.0,0.0,0.0,0.0,,
2026-02-23T15:09:04.190302,12879.8137,12879.8137,0.0,0.0,0.0,0.0,5,0,0,0,0,0,0,0,0.0,0.0,0.0,0.0,0.0,london_ny_overlap,london_ny_overlap
2026-02-23T15:09:05.021998,12879.8137,12879.8137,0.0,0.0,0.0,0.0,5,0,0,0,0,0,0,0,0.0,0.0,0.0,0.0,0.0,london_ny_overlap,london_ny_overlap
2026-02-23T15:11:30.920302,12879.8137,12879.8137,0.0,0.0,0.0,0.0,5,0,0,0,0,0,0,0,0.0,0.0,0.0,0.0,0.0,london_ny_overlap,london_ny_overlap
2026-02-23T15:11:31.736320,12879.8137,12879.8137,0.0,0.0,0.0,0.0,5,0,0,0,0,0,0,0,0.0,0.0,0.0,0.0,0.0,london_ny_overlap,london_ny_overlap
2026-02-23T15:13:55.638310,12879.8137,12879.8137,0.0,0.0,0.0,0.0,5,0,0,0,0,0,0,0,0.0,0.0,0.0,0.0,0.0,london_ny_overlap,london_ny_overlap
2026-02-23T15:13:56.393310,12879.8137,12879.8137,0.0,0.0,0.0,0.0,5,0,0,0,0,0,0,0,0.0,0.0,0.0,0.0,0.0,london_ny_overlap,london_ny_overlap
2026-02-23T15:16:21.214281,12879.8137,12879.8137,0.0,0.0,0.0,0.0,5,0,0,0,0,0,0,0,0.0,0.0,0.0,0.0,0.0,london_ny_overlap,london_ny_overlap
2026-02-23T15:16:21.984696,12879.8137,12879.8137,0.0,0.0,0.0,0.0,5,0,0,0,0,0,0,0,0.0,0.0,0.0,0.0,0.0,london_ny_overlap,london_ny_overlap
2026-02-23T15:18:55.810293,12879.8137,12879.8137,0.0,0.0,0.0,0.0,5,0,0,0,0,0,0,0,0.0,0.0,0.0,0.0,0.0,london_ny_overlap,london_ny_overlap
2026-02-23T15:18:56.620017,12879.8137,12879.8137,0.0,0.0,0.0,0.0,5,0,0,0,0,0,0,0,0.0,0.0,0.0,0.0,0.0,london_ny_overlap,london_ny_overlap
2026-02-23T15:21:27.165152,12879.8137,12879.8137,0.0,0.0,0.0,0.0,5,0,0,0,0,0,0,0,0.0,0.0,0.0,0.0,0.0,london_ny_overlap,london_ny_overlap
2026-02-23T15:21:27.925308,12879.8137,12879.8137,0.0,0.0,0.0,0.0,5,0,0,0,0,0,0,0,0.0,0.0,0.0,0.0,0.0,london_ny_overlap,london_ny_overlap
2026-02-23T15:23:52.496303,12879.8137,12879.8137,0.0,0.0,0.0,0.0,5,0,0,0,0,0,0,0,0.0,0.0,0.0,0.0,0.0,london_ny_overlap,london_ny_overlap
2026-02-23T15:23:53.314517,12879.8137,12879.8137,0.0,0.0,0.0,0.0,5,0,0,0,0,0,0,0,0.0,0.0,0.0,0.0,0.0,london_ny_overlap,london_ny_overlap
2026-02-23T15:26:17.146057,12879.8137,12879.8137,0.0,0.0,0.0,0.0,5,0,0,0,0,0,0,0,0.0,0.0,0.0,0.0,0.0,london_ny_overlap,london_ny_overlap
2026-02-23T15:26:17.977125,12879.8137,12879.8137,0.0,0.0,0.0,0.0,5,0,0,0,0,0,0,0,0.0,0.0,0.0,0.0,0.0,london_ny_overlap,london_ny_overlap
2026-02-23T15:27:52.207446,12879.8137,12879.8137,0.0,0.0,0.0,0.0,5,0,0,0,0,0,0,0,0.0,0.0,0.0,0.0,0.0,london_ny_overlap,london_ny_overlap
2026-02-23T15:27:52.917323,12879.8137,12879.8137,0.0,0.0,0.0,0.0,5,0,0,0,0,0,0,0,0.0,0.0,0.0,0.0,0.0,london_ny_overlap,london_ny_overlap
2026-02-23T15:29:29.842283,12879.8137,12879.8137,0.0,0.0,0.0,0.0,5,0,0,0,0,0,0,0,0.0,0.0,0.0,0.0,0.0,london_ny_overlap,london_ny_overlap
2026-02-23T15:29:30.605388,12879.8137,12879.8137,0.0,0.0,0.0,0.0,5,0,0,0,0,0,0,0,0.0,0.0,0.0,0.0,0.0,london_ny_overlap,london_ny_overlap
2026-02-23T15:31:14.087372,12879.8137,12879.8137,0.0,0.0,0.0,0.0,5,0,0,0,0,0,0,0,0.0,0.0,0.0,0.0,0.0,london_ny_overlap,london_ny_overlap
2026-02-23T15:31:14.885391,12879.8137,12879.8137,0.0,0.0,0.0,0.0,5,0,0,0,0,0,0,0,0.0,0.0,0.0,0.0,0.0,london_ny_overlap,london_ny_overlap
2026-02-23T15:32:47.972086,12879.8137,12879.8137,0.0,0.0,0.0,0.0,5,0,0,0,0,0,0,0,0.0,0.0,0.0,0.0,0.0,london_ny_overlap,london_ny_overlap
2026-02-23T15:32:48.708320,12879.8137,12879.8137,0.0,0.0,0.0,0.0,5,0,0,0,0,0,0,0,0.0,0.0,0.0,0.0,0.0,london_ny_overlap,london_ny_overlap
2026-02-23T15:34:24.654326,12879.8137,12879.8137,0.0,0.0,0.0,0.0,5,0,0,0,0,0,0,0,0.0,0.0,0.0,0.0,0.0,london_ny_overlap,london_ny_overlap
2026-02-23T15:34:25.429046,12879.8137,12879.8137,0.0,0.0,0.0,0.0,5,0,0,0,0,0,0,0,0.0,0.0,0.0,0.0,0.0,london_ny_overlap,london_ny_overlap
2026-02-23T15:35:58.980968,12879.8137,12879.8137,0.0,0.0,0.0,0.0,5,0,0,0,0,0,0,0,0.0,0.0,0.0,0.0,0.0,london_ny_overlap,london_ny_overlap
2026-02-23T15:35:59.699443,12879.8137,12879.8137,0.0,0.0,0.0,0.0,5,0,0,0,0,0,0,0,0.0,0.0,0.0,0.0,0.0,london_ny_overlap,london_ny_overlap
2026-02-23T15:37:30.807308,12879.8137,12879.8137,0.0,0.0,0.0,0.0,5,0,0,0,0,0,0,0,0.0,0.0,0.0,0.0,0.0,london_ny_overlap,london_ny_overlap
2026-02-23T15:37:31.557823,12879.8137,12879.8137,0.0,0.0,0.0,0.0,5,0,0,0,0,0,0,0,0.0,0.0,0.0,0.0,0.0,london_ny_overlap,london_ny_overlap
2026-02-23T15:39:07.370029,12879.8137,12879.8137,0.0,0.0,0.0,0.0,5,0,0,0,0,0,0,0,0.0,0.0,0.0,0.0,0.0,london_ny_overlap,london_ny_overlap
2026-02-23T15:39:08.248342,12879.8137,12879.8137,0.0,0.0,0.0,0.0,5,0,0,0,0,0,0,0,0.0,0.0,0.0,0.0,0.0,london_ny_overlap,london_ny_overlap
2026-02-23T15:40:48.066039,12879.8137,12879.8137,0.0,0.0,0.0,0.0,5,0,0,0,0,0,0,0,0.0,0.0,0.0,0.0,0.0,london_ny_overlap,london_ny_overlap
2026-02-23T15:40:48.933167,12879.8137,12879.8137,0.0,0.0,0.0,0.0,5,0,0,0,0,0,0,0,0.0,0.0,0.0,0.0,0.0,london_ny_overlap,london_ny_overlap
2026-02-23T15:42:28.029682,12879.8137,12879.8137,0.0,0.0,0.0,0.0,5,0,0,0,0,0,0,0,0.0,0.0,0.0,0.0,0.0,london_ny_overlap,london_ny_overlap
2026-02-23T15:42:28.774480,12879.8137,12879.8137,0.0,0.0,0.0,0.0,5,0,0,0,0,0,0,0,0.0,0.0,0.0,0.0,0.0,london_ny_overlap,london_ny_overlap
2026-02-23T15:43:56.867486,12879.8137,12879.8137,0.0,0.0,0.0,0.0,5,0,0,0,0,0,0,0,0.0,0.0,0.0,0.0,0.0,london_ny_overlap,london_ny_overlap
2026-02-23T15:43:57.665793,12879.8137,12879.8137,0.0,0.0,0.0,0.0,5,0,0,0,0,0,0,0,0.0,0.0,0.0,0.0,0.0,london_ny_overlap,london_ny_overlap
2026-02-23T15:45:22.638066,12879.8137,12879.8137,0.0,0.0,0.0,0.0,5,0,0,0,0,0,0,0,0.0,0.0,0.0,0.0,0.0,london_ny_overlap,london_ny_overlap
2026-02-23T15:45:23.377086,12879.8137,12879.8137,0.0,0.0,0.0,0.0,5,0,0,0,0,0,0,0,0.0,0.0,0.0,0.0,0.0,london_ny_overlap,london_ny_overlap
2026-02-23T15:46:50.929422,12879.8137,12879.8137,0.0,0.0,0.0,0.0,5,0,0,0,0,0,0,0,0.0,0.0,0.0,0.0,0.0,london_ny_overlap,london_ny_overlap
2026-02-23T15:46:51.712005,12879.8137,12879.8137,0.0,0.0,0.0,0.0,5,0,0,0,0,0,0,0,0.0,0.0,0.0,0.0,0.0,london_ny_overlap,london_ny_overlap
2026-02-23T15:48:19.971577,12879.8137,12879.8137,0.0,0.0,0.0,0.0,5,0,0,0,0,0,0,0,0.0,0.0,0.0,0.0,0.0,london_ny_overlap,london_ny_overlap
2026-02-23T15:48:20.723691,12879.8137,12879.8137,0.0,0.0,0.0,0.0,5,0,0,0,0,0,0,0,0.0,0.0,0.0,0.0,0.0,london_ny_overlap,london_ny_overlap
2026-02-23T15:49:57.096428,12879.8137,12879.8137,0.0,0.0,0.0,0.0,5,0,0,0,0,0,0,0,0.0,0.0,0.0,0.0,0.0,london_ny_overlap,london_ny_overlap
2026-02-23T15:49:57.865484,12879.8137,12879.8137,0.0,0.0,0.0,0.0,5,0,0,0,0,0,0,0,0.0,0.0,0.0,0.0,0.0,london_ny_overlap,london_ny_overlap
2026-02-23T15:51:30.561599,12879.8137,12879.8137,0.0,0.0,0.0,0.0,5,0,0,0,0,0,0,0,0.0,0.0,0.0,0.0,0.0,london_ny_overlap,london_ny_overlap
2026-02-23T15:51:31.468419,12879.8137,12879.8137,0.0,0.0,0.0,0.0,5,0,0,0,0,0,0,0,0.0,0.0,0.0,0.0,0.0,london_ny_overlap,london_ny_overlap
2026-02-23T15:53:01.940600,12879.8137,12879.8137,0.0,0.0,0.0,0.0,5,0,0,0,0,0,0,0,0.0,0.0,0.0,0.0,0.0,london_ny_overlap,london_ny_overlap
2026-02-23T15:53:02.715602,12879.8137,12879.8137,0.0,0.0,0.0,0.0,5,0,0,0,0,0,0,0,0.0,0.0,0.0,0.0,0.0,london_ny_overlap,london_ny_overlap
2026-02-23T15:54:39.588553,12879.8137,12879.8137,0.0,0.0,0.0,0.0,5,0,0,0,0,0,0,0,0.0,0.0,0.0,0.0,0.0,london_ny_overlap,london_ny_overlap
2026-02-23T15:54:40.396487,12879.8137,12879.8137,0.0,0.0,0.0,0.0,5,0,0,0,0,0,0,0,0.0,0.0,0.0,0.0,0.0,london_ny_overlap,london_ny_overlap
2026-02-23T15:56:19.947377,12879.8137,12879.8137,0.0,0.0,0.0,0.0,5,0,0,0,0,0,0,0,0.0,0.0,0.0,0.0,0.0,london_ny_overlap,london_ny_overlap
2026-02-23T15:56:20.689444,12879.8137,12879.8137,0.0,0.0,0.0,0.0,5,0,0,0,0,0,0,0,0.0,0.0,0.0,0.0,0.0,london_ny_overlap,london_ny_overlap
2026-02-23T15:57:45.108309,12879.8137,12879.8137,0.0,0.0,0.0,0.0,5,0,0,0,0,0,0,0,0.0,0.0,0.0,0.0,0.0,london_ny_overlap,london_ny_overlap
2026-02-23T15:57:45.888700,12879.8137,12879.8137,0.0,0.0,0.0,0.0,5,0,0,0,0,0,0,0,0.0,0.0,0.0,0.0,0.0,london_ny_overlap,london_ny_overlap
2026-02-23T15:59:23.270860,12879.8137,12879.8137,0.0,0.0,0.0,0.0,5,0,0,0,0,0,0,0,0.0,0.0,0.0,0.0,0.0,london_ny_overlap,london_ny_overlap
2026-02-23T15:59:24.024726,12879.8137,12879.8137,0.0,0.0,0.0,0.0,5,0,0,0,0,0,0,0,0.0,0.0,0.0,0.0,0.0,london_ny_overlap,london_ny_overlap
2026-02-23T16:01:55.881474,12879.8137,12879.8137,0.0,0.0,0.0,0.0,5,0,0,0,0,0,0,0,0.0,0.0,0.0,0.0,0.0,,
2026-02-23T16:26:54.112024,12879.8137,12879.8137,0.0,0.0,0.0,0.0,6,1,0,0,0,0,0,0,0.0,0.0,0.0,0.0,0.0,london_ny_overlap,london_ny_overlap
2026-02-23T16:26:55.128359,12879.8137,12879.8137,0.0,0.0,0.0,0.0,6,1,0,0,0,0,0,0,0.0,0.0,0.0,0.0,0.0,london_ny_overlap,london_ny_overlap
2026-02-23T16:28:38.654232,12879.8137,12879.8137,0.0,0.0,0.0,0.0,6,0,0,0,0,0,0,0,0.0,0.0,0.0,0.0,0.0,london_ny_overlap,london_ny_overlap
2026-02-23T16:28:39.611642,12879.8137,12879.8137,0.0,0.0,0.0,0.0,6,0,0,0,0,0,0,0,0.0,0.0,0.0,0.0,0.0,london_ny_overlap,london_ny_overlap
2026-02-23T16:30:26.718267,12879.8137,12879.8137,0.0,0.0,0.0,0.0,6,0,0,0,0,0,0,0,0.0,0.0,0.0,0.0,0.0,london_ny_overlap,london_ny_overlap
2026-02-23T16:30:27.594268,12879.8137,12879.8137,0.0,0.0,0.0,0.0,6,0,0,0,0,0,0,0,0.0,0.0,0.0,0.0,0.0,london_ny_overlap,london_ny_overlap
2026-02-23T16:32:07.790084,12879.8137,12879.8137,0.0,0.0,0.0,0.0,6,0,0,0,0,0,0,0,0.0,0.0,0.0,0.0,0.0,london_ny_overlap,london_ny_overlap
2026-02-23T16:32:08.676305,12879.8137,12879.8137,0.0,0.0,0.0,0.0,6,0,0,0,0,0,0,0,0.0,0.0,0.0,0.0,0.0,london_ny_overlap,london_ny_overlap
2026-02-23T16:33:52.345777,12879.8137,12879.8137,0.0,0.0,0.0,0.0,6,0,0,0,0,0,0,0,0.0,0.0,0.0,0.0,0.0,london_ny_overlap,london_ny_overlap
2026-02-23T16:33:53.226225,12879.8137,12879.8137,0.0,0.0,0.0,0.0,6,0,0,0,0,0,0,0,0.0,0.0,0.0,0.0,0.0,london_ny_overlap,london_ny_overlap
2026-02-23T16:35:30.042425,12879.8137,12879.8137,0.0,0.0,0.0,0.0,6,0,0,0,0,0,0,0,0.0,0.0,0.0,0.0,0.0,london_ny_overlap,london_ny_overlap
2026-02-23T16:35:30.938322,12879.8137,12879.8137,0.0,0.0,0.0,0.0,6,0,0,0,0,0,0,0,0.0,0.0,0.0,0.0,0.0,london_ny_overlap,london_ny_overlap
2026-02-23T16:37:14.750277,12879.8137,12879.8137,0.0,0.0,0.0,0.0,6,0,0,0,0,0,0,0,0.0,0.0,0.0,0.0,0.0,london_ny_overlap,london_ny_overlap
2026-02-23T16:37:15.594879,12879.8137,12879.8137,0.0,0.0,0.0,0.0,6,0,0,0,0,0,0,0,0.0,0.0,0.0,0.0,0.0,london_ny_overlap,london_ny_overlap
2026-02-23T16:38:52.105443,12879.8137,12879.8137,0.0,0.0,0.0,0.0,6,0,0,0,0,0,0,0,0.0,0.0,0.0,0.0,0.0,london_ny_overlap,london_ny_overlap
2026-02-23T16:38:53.007033,12879.8137,12879.8137,0.0,0.0,0.0,0.0,6,0,0,0,0,0,0,0,0.0,0.0,0.0,0.0,0.0,london_ny_overlap,london_ny_overlap
2026-02-23T16:40:41.681309,12879.8137,12879.8137,0.0,0.0,0.0,0.0,6,0,0,0,0,0,0,0,0.0,0.0,0.0,0.0,0.0,london_ny_overlap,london_ny_overlap
2026-02-23T16:40:42.720650,12879.8137,12879.8137,0.0,0.0,0.0,0.0,6,0,0,0,0,0,0,0,0.0,0.0,0.0,0.0,0.0,london_ny_overlap,london_ny_overlap
2026-02-23T16:42:28.548531,12879.8137,12879.8137,0.0,0.0,0.0,0.0,6,0,0,0,0,0,0,0,0.0,0.0,0.0,0.0,0.0,london_ny_overlap,london_ny_overlap
2026-02-23T16:42:29.446506,12879.8137,12879.8137,0.0,0.0,0.0,0.0,6,0,0,0,0,0,0,0,0.0,0.0,0.0,0.0,0.0,london_ny_overlap,london_ny_overlap
2026-02-23T16:44:16.750437,12879.8137,12879.8137,0.0,0.0,0.0,0.0,6,0,0,0,0,0,0,0,0.0,0.0,0.0,0.0,0.0,london_ny_overlap,london_ny_overlap
2026-02-23T16:44:17.775381,12879.8137,12879.8137,0.0,0.0,0.0,0.0,6,0,0,0,0,0,0,0,0.0,0.0,0.0,0.0,0.0,london_ny_overlap,london_ny_overlap
2026-02-23T16:45:50.990424,12879.8137,12879.8137,0.0,0.0,0.0,0.0,6,0,0,0,0,0,0,0,0.0,0.0,0.0,0.0,0.0,london_ny_overlap,london_ny_overlap
2026-02-23T16:45:51.866322,12879.8137,12879.8137,0.0,0.0,0.0,0.0,6,0,0,0,0,0,0,0,0.0,0.0,0.0,0.0,0.0,london_ny_overlap,london_ny_overlap
2026-02-23T16:47:30.337321,12879.8137,12879.8137,0.0,0.0,0.0,0.0,6,0,0,0,0,0,0,0,0.0,0.0,0.0,0.0,0.0,london_ny_overlap,london_ny_overlap
2026-02-23T16:47:31.230587,12879.8137,12879.8137,0.0,0.0,0.0,0.0,6,0,0,0,0,0,0,0,0.0,0.0,0.0,0.0,0.0,london_ny_overlap,london_ny_overlap
2026-02-23T16:49:13.182613,12879.8137,12879.8137,0.0,0.0,0.0,0.0,6,0,0,0,0,0,0,0,0.0,0.0,0.0,0.0,0.0,london_ny_overlap,london_ny_overlap
2026-02-23T16:49:14.091396,12879.8137,12879.8137,0.0,0.0,0.0,0.0,6,0,0,0,0,0,0,0,0.0,0.0,0.0,0.0,0.0,london_ny_overlap,london_ny_overlap
2026-02-23T16:50:59.149493,12879.8137,12879.8137,0.0,0.0,0.0,0.0,6,0,0,0,0,0,0,0,0.0,0.0,0.0,0.0,0.0,london_ny_overlap,london_ny_overlap
2026-02-23T16:51:00.049555,12879.8137,12879.8137,0.0,0.0,0.0,0.0,6,0,0,0,0,0,0,0,0.0,0.0,0.0,0.0,0.0,london_ny_overlap,london_ny_overlap
2026-02-23T16:52:42.060340,12879.8137,12879.8137,0.0,0.0,0.0,0.0,6,0,0,0,0,0,0,0,0.0,0.0,0.0,0.0,0.0,london_ny_overlap,london_ny_overlap
2026-02-23T16:52:42.931674,12879.8137,12879.8137,0.0,0.0,0.0,0.0,6,0,0,0,0,0,0,0,0.0,0.0,0.0,0.0,0.0,london_ny_overlap,london_ny_overlap
2026-02-23T16:54:28.137337,12879.8137,12879.8137,0.0,0.0,0.0,0.0,6,0,0,0,0,0,0,0,0.0,0.0,0.0,0.0,0.0,london_ny_overlap,london_ny_overlap
2026-02-23T16:54:28.990297,12879.8137,12879.8137,0.0,0.0,0.0,0.0,6,0,0,0,0,0,0,0,0.0,0.0,0.0,0.0,0.0,london_ny_overlap,london_ny_overlap
2026-02-23T16:56:06.751679,12879.8137,12879.8137,0.0,0.0,0.0,0.0,6,0,0,0,0,0,0,0,0.0,0.0,0.0,0.0,0.0,london_ny_overlap,london_ny_overlap
2026-02-23T16:56:07.590932,12879.8137,12879.8137,0.0,0.0,0.0,0.0,6,0,0,0,0,0,0,0,0.0,0.0,0.0,0.0,0.0,london_ny_overlap,london_ny_overlap
2026-02-23T16:57:47.426924,12879.8137,12879.8137,0.0,0.0,0.0,0.0,6,0,0,0,0,0,0,0,0.0,0.0,0.0,0.0,0.0,london_ny_overlap,london_ny_overlap
2026-02-23T16:57:48.280042,12879.8137,12879.8137,0.0,0.0,0.0,0.0,6,0,0,0,0,0,0,0,0.0,0.0,0.0,0.0,0.0,london_ny_overlap,london_ny_overlap
2026-02-23T16:59:21.904083,12879.8137,12879.8137,0.0,0.0,0.0,0.0,6,0,0,0,0,0,0,0,0.0,0.0,0.0,0.0,0.0,london_ny_overlap,london_ny_overlap
2026-02-23T16:59:22.777104,12879.8137,12879.8137,0.0,0.0,0.0,0.0,6,0,0,0,0,0,0,0,0.0,0.0,0.0,0.0,0.0,london_ny_overlap,london_ny_overlap
2026-02-23T17:02:06.226035,12879.8137,12879.8137,0.0,0.0,0.0,0.0,6,0,0,0,0,0,0,0,0.0,0.0,0.0,0.0,0.0,ny,ny
2026-02-23T17:02:07.109327,12879.8137,12879.8137,0.0,0.0,0.0,0.0,6,0,0,0,0,0,0,0,0.0,0.0,0.0,0.0,0.0,ny,ny
2026-02-23T17:04:58.285424,12879.8137,12879.8137,0.0,0.0,0.0,0.0,6,0,0,0,0,0,0,0,0.0,0.0,0.0,0.0,0.0,ny,ny
2026-02-23T17:04:59.186845,12879.8137,12879.8137,0.0,0.0,0.0,0.0,6,0,0,0,0,0,0,0,0.0,0.0,0.0,0.0,0.0,ny,ny
2026-02-23T17:07:46.581277,12879.8137,12879.8137,0.0,0.0,0.0,0.0,6,0,0,0,0,0,0,0,0.0,0.0,0.0,0.0,0.0,ny,ny
2026-02-23T17:07:47.466287,12879.8137,12879.8137,0.0,0.0,0.0,0.0,6,0,0,0,0,0,0,0,0.0,0.0,0.0,0.0,0.0,ny,ny
2026-02-23T17:10:39.565307,12879.8137,12879.8137,0.0,0.0,0.0,0.0,6,0,0,0,0,0,0,0,0.0,0.0,0.0,0.0,0.0,ny,ny
2026-02-23T17:10:40.443294,12879.8137,12879.8137,0.0,0.0,0.0,0.0,6,0,0,0,0,0,0,0,0.0,0.0,0.0,0.0,0.0,ny,ny
2026-02-23T17:13:34.800617,12879.8137,12879.8137,0.0,0.0,0.0,0.0,6,0,0,0,0,0,0,0,0.0,0.0,0.0,0.0,0.0,ny,ny
2026-02-23T17:13:35.707311,12879.8137,12879.8137,0.0,0.0,0.0,0.0,6,0,0,0,0,0,0,0,0.0,0.0,0.0,0.0,0.0,ny,ny
2026-02-23T17:16:23.062312,12879.8137,12879.8137,0.0,0.0,0.0,0.0,6,0,0,0,0,0,0,0,0.0,0.0,0.0,0.0,0.0,ny,ny
2026-02-23T17:16:23.995310,12879.8137,12879.8137,0.0,0.0,0.0,0.0,6,0,0,0,0,0,0,0,0.0,0.0,0.0,0.0,0.0,ny,ny
2026-02-23T17:19:06.475308,12879.8137,12879.8137,0.0,0.0,0.0,0.0,6,0,0,0,0,0,0,0,0.0,0.0,0.0,0.0,0.0,ny,ny
2026-02-23T17:19:07.452191,12879.8137,12879.8137,0.0,0.0,0.0,0.0,6,0,0,0,0,0,0,0,0.0,0.0,0.0,0.0,0.0,ny,ny
2026-02-23T17:21:50.399987,12879.8137,12879.8137,0.0,0.0,0.0,0.0,6,0,0,0,0,0,0,0,0.0,0.0,0.0,0.0,0.0,ny,ny
2026-02-23T17:21:51.321323,12879.8137,12879.8137,0.0,0.0,0.0,0.0,6,0,0,0,0,0,0,0,0.0,0.0,0.0,0.0,0.0,ny,ny
2026-02-23T17:24:31.638102,12879.8137,12879.8137,0.0,0.0,0.0,0.0,6,0,0,0,0,0,0,0,0.0,0.0,0.0,0.0,0.0,ny,ny
2026-02-23T17:24:32.549814,12879.8137,12879.8137,0.0,0.0,0.0,0.0,6,0,0,0,0,0,0,0,0.0,0.0,0.0,0.0,0.0,ny,ny
2026-02-23T17:27:13.617076,12879.8137,12879.8137,0.0,0.0,0.0,0.0,6,0,0,0,0,0,0,0,0.0,0.0,0.0,0.0,0.0,ny,ny
2026-02-23T17:27:14.501343,12879.8137,12879.8137,0.0,0.0,0.0,0.0,6,0,0,0,0,0,0,0,0.0,0.0,0.0,0.0,0.0,ny,ny
2026-02-23T17:28:58.846070,12879.8137,12879.8137,0.0,0.0,0.0,0.0,6,0,0,0,0,0,0,0,0.0,0.0,0.0,0.0,0.0,ny,ny
2026-02-23T17:28:59.654979,12879.8137,12879.8137,0.0,0.0,0.0,0.0,6,0,0,0,0,0,0,0,0.0,0.0,0.0,0.0,0.0,ny,ny
2026-02-23T17:30:45.187706,12879.8137,12879.8137,0.0,0.0,0.0,0.0,6,0,0,0,0,0,0,0,0.0,0.0,0.0,0.0,0.0,ny,ny
2026-02-23T17:30:46.038371,12879.8137,12879.8137,0.0,0.0,0.0,0.0,6,0,0,0,0,0,0,0,0.0,0.0,0.0,0.0,0.0,ny,ny
2026-02-23T17:32:21.273196,12879.8137,12879.8137,0.0,0.0,0.0,0.0,6,0,0,0,0,0,0,0,0.0,0.0,0.0,0.0,0.0,ny,ny
2026-02-23T17:32:22.130052,12879.8137,12879.8137,0.0,0.0,0.0,0.0,6,0,0,0,0,0,0,0,0.0,0.0,0.0,0.0,0.0,ny,ny
2026-02-23T17:34:05.737068,12879.8137,12879.8137,0.0,0.0,0.0,0.0,6,0,0,0,0,0,0,0,0.0,0.0,0.0,0.0,0.0,ny,ny
2026-02-23T17:34:06.623160,12879.8137,12879.8137,0.0,0.0,0.0,0.0,6,0,0,0,0,0,0,0,0.0,0.0,0.0,0.0,0.0,ny,ny
2026-02-23T17:35:47.000499,12879.8137,12879.8137,0.0,0.0,0.0,0.0,6,0,0,0,0,0,0,0,0.0,0.0,0.0,0.0,0.0,,
2026-02-23T17:56:38.112284,12879.8137,12879.8137,0.0,0.0,0.0,0.0,6,0,0,0,0,0,0,0,0.0,0.0,0.0,0.0,0.0,,
2026-02-23T18:26:17.362554,12879.8137,12879.8137,0.0,0.0,0.0,0.0,6,0,0,0,0,0,0,0,0.0,0.0,0.0,0.0,0.0,,
2026-02-23T18:52:39.192526,12879.8137,12879.8137,0.0,0.0,0.0,0.0,6,0,0,0,0,0,0,0,0.0,0.0,0.0,0.0,0.0,,
2026-02-23T19:16:04.403331,12879.8137,12879.8137,0.0,0.0,0.0,0.0,6,0,0,0,0,0,0,0,0.0,0.0,0.0,0.0,0.0,,
2026-02-23T19:36:53.245789,12879.8137,12879.8137,0.0,0.0,0.0,0.0,6,0,0,0,0,0,0,0,0.0,0.0,0.0,0.0,0.0,,
2026-02-23T19:55:22.607283,12879.8137,12879.8137,0.0,0.0,0.0,0.0,6,0,0,0,0,0,0,0,0.0,0.0,0.0,0.0,0.0,,
2026-02-23T20:18:24.634310,12879.8137,12879.8137,0.0,0.0,0.0,0.0,6,0,0,0,0,0,0,0,0.0,0.0,0.0,0.0,0.0,ny,ny
2026-02-23T20:18:25.501227,12879.8137,12879.8137,0.0,0.0,0.0,0.0,6,0,0,0,0,0,0,0,0.0,0.0,0.0,0.0,0.0,ny,ny
2026-02-23T20:20:27.113367,12879.8137,12879.8137,0.0,0.0,0.0,0.0,6,0,0,0,0,0,0,0,0.0,0.0,0.0,0.0,0.0,ny,ny
2026-02-23T20:20:28.047369,12879.8137,12879.8137,0.0,0.0,0.0,0.0,6,0,0,0,0,0,0,0,0.0,0.0,0.0,0.0,0.0,ny,ny
2026-02-23T20:22:31.143297,12879.8137,12879.8137,0.0,0.0,0.0,0.0,6,0,0,0,0,0,0,0,0.0,0.0,0.0,0.0,0.0,ny,ny
2026-02-23T20:22:32.024298,12879.8137,12879.8137,0.0,0.0,0.0,0.0,6,0,0,0,0,0,0,0,0.0,0.0,0.0,0.0,0.0,ny,ny
2026-02-23T20:24:02.217075,12879.8137,12879.8137,0.0,0.0,0.0,0.0,6,0,0,0,0,0,0,0,0.0,0.0,0.0,0.0,0.0,ny,ny
2026-02-23T20:24:03.050399,12879.8137,12879.8137,0.0,0.0,0.0,0.0,6,0,0,0,0,0,0,0,0.0,0.0,0.0,0.0,0.0,ny,ny
2026-02-23T20:25:23.297422,12879.8137,12879.8137,0.0,0.0,0.0,0.0,6,0,0,0,0,0,0,0,0.0,0.0,0.0,0.0,0.0,,
2026-02-23T20:43:31.318843,12879.8137,12879.8137,0.0,0.0,0.0,0.0,6,0,0,0,0,0,0,0,0.0,0.0,0.0,0.0,0.0,ny,ny
2026-02-23T20:43:32.250921,12879.8137,12879.8137,0.0,0.0,0.0,0.0,6,0,0,0,0,0,0,0,0.0,0.0,0.0,0.0,0.0,ny,ny
2026-02-23T20:44:38.790764,12879.8137,12879.8137,0.0,0.0,0.0,0.0,6,0,0,0,0,0,0,0,0.0,0.0,0.0,0.0,0.0,,
2026-02-23T21:01:53.714309,12879.8137,12879.8137,0.0,0.0,0.0,0.0,6,0,0,0,0,0,0,0,0.0,0.0,0.0,0.0,0.0,ny,ny
2026-02-23T21:01:54.613304,12879.8137,12879.8137,0.0,0.0,0.0,0.0,6,0,0,0,0,0,0,0,0.0,0.0,0.0,0.0,0.0,ny,ny
2026-02-23T21:03:47.365296,12879.8137,12879.8137,0.0,0.0,0.0,0.0,6,0,0,0,0,0,0,0,0.0,0.0,0.0,0.0,0.0,ny,ny
2026-02-23T21:03:48.277292,12879.8137,12879.8137,0.0,0.0,0.0,0.0,6,0,0,0,0,0,0,0,0.0,0.0,0.0,0.0,0.0,ny,ny
2026-02-23T21:05:38.658273,12879.8137,12879.8137,0.0,0.0,0.0,0.0,6,0,0,0,0,0,0,0,0.0,0.0,0.0,0.0,0.0,,
2026-02-23T21:27:03.988859,12879.8137,12879.8137,0.0,0.0,0.0,0.0,6,0,0,0,0,0,0,0,0.0,0.0,0.0,0.0,0.0,ny,ny
2026-02-23T21:27:04.905974,12879.8137,12879.8137,0.0,0.0,0.0,0.0,6,0,0,0,0,0,0,0,0.0,0.0,0.0,0.0,0.0,ny,ny
2026-02-23T21:28:19.258933,12879.8137,12879.8137,0.0,0.0,0.0,0.0,6,0,0,0,0,0,0,0,0.0,0.0,0.0,0.0,0.0,ny,ny
2026-02-23T21:28:20.113011,12879.8137,12879.8137,0.0,0.0,0.0,0.0,6,0,0,0,0,0,0,0,0.0,0.0,0.0,0.0,0.0,ny,ny
2026-02-23T21:29:31.686064,12879.8137,12879.8137,0.0,0.0,0.0,0.0,6,0,0,0,0,0,0,0,0.0,0.0,0.0,0.0,0.0,,
2026-02-23T21:46:32.130300,12879.8137,12879.8137,0.0,0.0,0.0,0.0,6,0,0,0,0,0,0,0,0.0,0.0,0.0,0.0,0.0,ny,ny
2026-02-23T21:46:32.973281,12879.8137,12879.8137,0.0,0.0,0.0,0.0,6,0,0,0,0,0,0,0,0.0,0.0,0.0,0.0,0.0,ny,ny
2026-02-23T21:47:42.288952,12879.8137,12879.8137,0.0,0.0,0.0,0.0,6,0,0,0,0,0,0,0,0.0,0.0,0.0,0.0,0.0,,
2026-02-23T22:13:10.745040,12873.0058,12873.0058,0.0,0.0,-6.8078999999997905,-0.05285713100027053,6,0,0,0,0,0,0,0,0.0,0.0005285713100027053,0.0005285713100027053,0.0,0.0,,
2026-02-23T23:12:51.620412,12873.0058,12873.0058,0.0,0.0,-6.8078999999997905,-0.05285713100027053,6,0,0,0,0,0,0,0,0.0,0.0005285713100027053,0.0005285713100027053,0.0,0.0,,
2026-02-24T00:07:17.810282,12873.0058,12873.0058,0.0,0.0,-6.8078999999997905,-0.05285713100027053,6,0,0,0,0,0,0,0,0.0,0.0005285713100027053,0.0005285713100027053,0.0,0.0,tokyo,tokyo
2026-02-24T00:07:18.723358,12873.0058,12873.0058,0.0,0.0,-6.8078999999997905,-0.05285713100027053,6,0,0,0,0,0,0,0,0.0,0.0005285713100027053,0.0005285713100027053,0.0,0.0,tokyo,tokyo
2026-02-24T00:09:36.012056,12873.0058,12873.0058,0.0,0.0,0.0,0.0,6,0,0,0,0,0,0,0,0.0,0.0,0.0,0.0,0.0,tokyo,tokyo
2026-02-24T00:09:36.952348,12873.0058,12873.0058,0.0,0.0,0.0,0.0,6,0,0,0,0,0,0,0,0.0,0.0,0.0,0.0,0.0,tokyo,tokyo
2026-02-24T00:11:50.538301,12873.0058,12873.0058,0.0,0.0,0.0,0.0,6,0,0,0,0,0,0,0,0.0,0.0,0.0,0.0,0.0,tokyo,tokyo
2026-02-24T00:11:51.375327,12873.0058,12873.0058,0.0,0.0,0.0,0.0,6,0,0,0,0,0,0,0,0.0,0.0,0.0,0.0,0.0,tokyo,tokyo
2026-02-24T00:13:59.504287,12873.0058,12873.0058,0.0,0.0,0.0,0.0,6,0,0,0,0,0,0,0,0.0,0.0,0.0,0.0,0.0,tokyo,tokyo
2026-02-24T00:14:00.447365,12873.0058,12873.0058,0.0,0.0,0.0,0.0,6,0,0,0,0,0,0,0,0.0,0.0,0.0,0.0,0.0,tokyo,tokyo
2026-02-24T00:16:17.626317,12873.0058,12873.0058,0.0,0.0,0.0,0.0,6,0,0,0,0,0,0,0,0.0,0.0,0.0,0.0,0.0,tokyo,tokyo
2026-02-24T00:16:18.505345,12873.0058,12873.0058,0.0,0.0,0.0,0.0,6,0,0,0,0,0,0,0,0.0,0.0,0.0,0.0,0.0,tokyo,tokyo
2026-02-24T00:18:28.545942,12873.0058,12873.0058,0.0,0.0,0.0,0.0,6,0,0,0,0,0,0,0,0.0,0.0,0.0,0.0,0.0,tokyo,tokyo
2026-02-24T00:18:29.353549,12873.0058,12873.0058,0.0,0.0,0.0,0.0,6,0,0,0,0,0,0,0,0.0,0.0,0.0,0.0,0.0,tokyo,tokyo
2026-02-24T00:20:29.948054,12873.0058,12873.0058,0.0,0.0,0.0,0.0,6,0,0,0,0,0,0,0,0.0,0.0,0.0,0.0,0.0,tokyo,tokyo
2026-02-24T00:20:30.843460,12873.0058,12873.0058,0.0,0.0,0.0,0.0,6,0,0,0,0,0,0,0,0.0,0.0,0.0,0.0,0.0,tokyo,tokyo
2026-02-24T00:22:40.124309,12873.0058,12873.0058,0.0,0.0,0.0,0.0,6,0,0,0,0,0,0,0,0.0,0.0,0.0,0.0,0.0,tokyo,tokyo
2026-02-24T00:22:40.956642,12873.0058,12873.0058,0.0,0.0,0.0,0.0,6,0,0,0,0,0,0,0,0.0,0.0,0.0,0.0,0.0,tokyo,tokyo
2026-02-24T00:24:17.745319,12873.0058,12873.0058,0.0,0.0,0.0,0.0,6,0,0,0,0,0,0,0,0.0,0.0,0.0,0.0,0.0,tokyo,tokyo
2026-02-24T00:24:18.544480,12873.0058,12873.0058,0.0,0.0,0.0,0.0,6,0,0,0,0,0,0,0,0.0,0.0,0.0,0.0,0.0,tokyo,tokyo
2026-02-24T00:25:50.140556,12873.0058,12873.0058,0.0,0.0,0.0,0.0,6,0,0,0,0,0,0,0,0.0,0.0,0.0,0.0,0.0,tokyo,tokyo
2026-02-24T00:25:51.015301,12873.0058,12873.0058,0.0,0.0,0.0,0.0,6,0,0,0,0,0,0,0,0.0,0.0,0.0,0.0,0.0,tokyo,tokyo
2026-02-24T00:27:19.630264,12873.0058,12873.0058,0.0,0.0,0.0,0.0,6,0,0,0,0,0,0,0,0.0,0.0,0.0,0.0,0.0,tokyo,tokyo
2026-02-24T00:27:20.437816,12873.0058,12873.0058,0.0,0.0,0.0,0.0,6,0,0,0,0,0,0,0,0.0,0.0,0.0,0.0,0.0,tokyo,tokyo
2026-02-24T00:28:40.313682,12873.0058,12873.0058,0.0,0.0,0.0,0.0,6,0,0,0,0,0,0,0,0.0,0.0,0.0,0.0,0.0,tokyo,tokyo
2026-02-24T00:28:41.176196,12873.0058,12873.0058,0.0,0.0,0.0,0.0,6,0,0,0,0,0,0,0,0.0,0.0,0.0,0.0,0.0,tokyo,tokyo
2026-02-24T00:30:02.991129,12873.0058,12873.0058,0.0,0.0,0.0,0.0,6,0,0,0,0,0,0,0,0.0,0.0,0.0,0.0,0.0,tokyo,tokyo
2026-02-24T00:30:03.850856,12873.0058,12873.0058,0.0,0.0,0.0,0.0,6,0,0,0,0,0,0,0,0.0,0.0,0.0,0.0,0.0,tokyo,tokyo
2026-02-24T00:31:29.718526,12873.0058,12873.0058,0.0,0.0,0.0,0.0,6,0,0,0,0,0,0,0,0.0,0.0,0.0,0.0,0.0,tokyo,tokyo
2026-02-24T00:31:30.598467,12873.0058,12873.0058,0.0,0.0,0.0,0.0,6,0,0,0,0,0,0,0,0.0,0.0,0.0,0.0,0.0,tokyo,tokyo
2026-02-24T00:32:56.940328,12873.0058,12873.0058,0.0,0.0,0.0,0.0,6,0,0,0,0,0,0,0,0.0,0.0,0.0,0.0,0.0,tokyo,tokyo
2026-02-24T00:32:57.733495,12873.0058,12873.0058,0.0,0.0,0.0,0.0,6,0,0,0,0,0,0,0,0.0,0.0,0.0,0.0,0.0,tokyo,tokyo
2026-02-24T00:34:19.675714,12873.0058,12873.0058,0.0,0.0,0.0,0.0,6,0,0,0,0,0,0,0,0.0,0.0,0.0,0.0,0.0,tokyo,tokyo
2026-02-24T00:34:20.580340,12873.0058,12873.0058,0.0,0.0,0.0,0.0,6,0,0,0,0,0,0,0,0.0,0.0,0.0,0.0,0.0,tokyo,tokyo
2026-02-24T00:35:44.670288,12873.0058,12873.0058,0.0,0.0,0.0,0.0,6,0,0,0,0,0,0,0,0.0,0.0,0.0,0.0,0.0,tokyo,tokyo
2026-02-24T00:35:45.576991,12873.0058,12873.0058,0.0,0.0,0.0,0.0,6,0,0,0,0,0,0,0,0.0,0.0,0.0,0.0,0.0,tokyo,tokyo
2026-02-24T00:37:18.243416,12873.0058,12873.0058,0.0,0.0,0.0,0.0,6,0,0,0,0,0,0,0,0.0,0.0,0.0,0.0,0.0,tokyo,tokyo
2026-02-24T00:37:19.075978,12873.0058,12873.0058,0.0,0.0,0.0,0.0,6,0,0,0,0,0,0,0,0.0,0.0,0.0,0.0,0.0,tokyo,tokyo
2026-02-24T00:38:45.396153,12873.0058,12873.0058,0.0,0.0,0.0,0.0,6,0,0,0,0,0,0,0,0.0,0.0,0.0,0.0,0.0,tokyo,tokyo
2026-02-24T00:38:46.212207,12873.0058,12873.0058,0.0,0.0,0.0,0.0,6,0,0,0,0,0,0,0,0.0,0.0,0.0,0.0,0.0,tokyo,tokyo
2026-02-24T00:40:12.077676,12873.0058,12873.0058,0.0,0.0,0.0,0.0,6,0,0,0,0,0,0,0,0.0,0.0,0.0,0.0,0.0,tokyo,tokyo
2026-02-24T00:40:12.884660,12873.0058,12873.0058,0.0,0.0,0.0,0.0,6,0,0,0,0,0,0,0,0.0,0.0,0.0,0.0,0.0,tokyo,tokyo
2026-02-24T00:41:43.745198,12873.0058,12873.0058,0.0,0.0,0.0,0.0,6,0,0,0,0,0,0,0,0.0,0.0,0.0,0.0,0.0,tokyo,tokyo
2026-02-24T00:41:44.574122,12873.0058,12873.0058,0.0,0.0,0.0,0.0,6,0,0,0,0,0,0,0,0.0,0.0,0.0,0.0,0.0,tokyo,tokyo
2026-02-24T00:43:07.567334,12873.0058,12873.0058,0.0,0.0,0.0,0.0,6,0,0,0,0,0,0,0,0.0,0.0,0.0,0.0,0.0,tokyo,tokyo
2026-02-24T00:43:08.409057,12873.0058,12873.0058,0.0,0.0,0.0,0.0,6,0,0,0,0,0,0,0,0.0,0.0,0.0,0.0,0.0,tokyo,tokyo
2026-02-24T00:44:30.108318,12873.0058,12873.0058,0.0,0.0,0.0,0.0,6,0,0,0,0,0,0,0,0.0,0.0,0.0,0.0,0.0,,
2026-02-24T01:04:45.907385,12873.0058,12873.0058,0.0,0.0,0.0,0.0,6,0,0,0,0,0,0,0,0.0,0.0,0.0,0.0,0.0,tokyo,tokyo
2026-02-24T01:04:46.751345,12873.0058,12873.0058,0.0,0.0,0.0,0.0,6,0,0,0,0,0,0,0,0.0,0.0,0.0,0.0,0.0,tokyo,tokyo
2026-02-24T01:06:53.295704,12873.0058,12873.0058,0.0,0.0,0.0,0.0,6,0,0,0,0,0,0,0,0.0,0.0,0.0,0.0,0.0,tokyo,tokyo
2026-02-24T01:06:54.155851,12873.0058,12873.0058,0.0,0.0,0.0,0.0,6,0,0,0,0,0,0,0,0.0,0.0,0.0,0.0,0.0,tokyo,tokyo
2026-02-24T01:09:11.435301,12873.0058,12873.0058,0.0,0.0,0.0,0.0,6,0,0,0,0,0,0,0,0.0,0.0,0.0,0.0,0.0,tokyo,tokyo
2026-02-24T01:09:12.261743,12873.0058,12873.0058,0.0,0.0,0.0,0.0,6,0,0,0,0,0,0,0,0.0,0.0,0.0,0.0,0.0,tokyo,tokyo
2026-02-24T01:11:35.087326,12873.0058,12873.0058,0.0,0.0,0.0,0.0,6,0,0,0,0,0,0,0,0.0,0.0,0.0,0.0,0.0,tokyo,tokyo
2026-02-24T01:11:35.970339,12873.0058,12873.0058,0.0,0.0,0.0,0.0,6,0,0,0,0,0,0,0,0.0,0.0,0.0,0.0,0.0,tokyo,tokyo
2026-02-24T01:13:45.834026,12873.0058,12873.0058,0.0,0.0,0.0,0.0,6,0,0,0,0,0,0,0,0.0,0.0,0.0,0.0,0.0,tokyo,tokyo
2026-02-24T01:13:46.707334,12873.0058,12873.0058,0.0,0.0,0.0,0.0,6,0,0,0,0,0,0,0,0.0,0.0,0.0,0.0,0.0,tokyo,tokyo
2026-02-24T01:16:04.799297,12873.0058,12873.0058,0.0,0.0,0.0,0.0,6,0,0,0,0,0,0,0,0.0,0.0,0.0,0.0,0.0,tokyo,tokyo
2026-02-24T01:16:05.656493,12873.0058,12873.0058,0.0,0.0,0.0,0.0,6,0,0,0,0,0,0,0,0.0,0.0,0.0,0.0,0.0,tokyo,tokyo
2026-02-24T01:18:18.623460,12873.0058,12873.0058,0.0,0.0,0.0,0.0,6,0,0,0,0,0,0,0,0.0,0.0,0.0,0.0,0.0,tokyo,tokyo
2026-02-24T01:18:19.440307,12873.0058,12873.0058,0.0,0.0,0.0,0.0,6,0,0,0,0,0,0,0,0.0,0.0,0.0,0.0,0.0,tokyo,tokyo
2026-02-24T01:20:32.577293,12748.647,12748.647,0.0,0.0,0.0,0.0,5,0,0,0,0,0,0,0,0.0,0.0,0.0,0.0,0.0,tokyo,tokyo
2026-02-24T01:20:33.312330,12748.647,12748.647,0.0,0.0,0.0,0.0,5,0,0,0,0,0,0,0,0.0,0.0,0.0,0.0,0.0,tokyo,tokyo
2026-02-24T01:22:41.253348,12748.647,12748.647,0.0,0.0,0.0,0.0,5,0,0,0,0,0,0,0,0.0,0.0,0.0,0.0,0.0,tokyo,tokyo
2026-02-24T01:22:42.027556,12748.647,12748.647,0.0,0.0,0.0,0.0,5,0,0,0,0,0,0,0,0.0,0.0,0.0,0.0,0.0,tokyo,tokyo
2026-02-24T01:24:54.360589,12748.647,12748.647,0.0,0.0,0.0,0.0,5,0,0,0,0,0,0,0,0.0,0.0,0.0,0.0,0.0,tokyo,tokyo
2026-02-24T01:24:55.155306,12748.647,12748.647,0.0,0.0,0.0,0.0,5,0,0,0,0,0,0,0,0.0,0.0,0.0,0.0,0.0,tokyo,tokyo
2026-02-24T01:26:27.534111,12748.647,12748.647,0.0,0.0,0.0,0.0,5,0,0,0,0,0,0,0,0.0,0.0,0.0,0.0,0.0,tokyo,tokyo
2026-02-24T01:26:28.256281,12748.647,12748.647,0.0,0.0,0.0,0.0,5,0,0,0,0,0,0,0,0.0,0.0,0.0,0.0,0.0,tokyo,tokyo
2026-02-24T01:27:52.220261,12748.647,12748.647,0.0,0.0,0.0,0.0,5,0,0,0,0,0,0,0,0.0,0.0,0.0,0.0,0.0,tokyo,tokyo
2026-02-24T01:27:52.926288,12748.647,12748.647,0.0,0.0,0.0,0.0,5,0,0,0,0,0,0,0,0.0,0.0,0.0,0.0,0.0,tokyo,tokyo
2026-02-24T01:29:19.854987,12748.647,12748.647,0.0,0.0,0.0,0.0,5,0,0,0,0,0,0,0,0.0,0.0,0.0,0.0,0.0,tokyo,tokyo
2026-02-24T01:29:20.613368,12748.647,12748.647,0.0,0.0,0.0,0.0,5,0,0,0,0,0,0,0,0.0,0.0,0.0,0.0,0.0,tokyo,tokyo
2026-02-24T01:30:57.295123,12748.647,12748.647,0.0,0.0,0.0,0.0,5,0,0,0,0,0,0,0,0.0,0.0,0.0,0.0,0.0,tokyo,tokyo
2026-02-24T01:30:57.982261,12748.647,12748.647,0.0,0.0,0.0,0.0,5,0,0,0,0,0,0,0,0.0,0.0,0.0,0.0,0.0,tokyo,tokyo
2026-02-24T01:32:18.054827,12748.647,12748.647,0.0,0.0,0.0,0.0,5,0,0,0,0,0,0,0,0.0,0.0,0.0,0.0,0.0,tokyo,tokyo
2026-02-24T01:32:18.778315,12748.647,12748.647,0.0,0.0,0.0,0.0,5,0,0,0,0,0,0,0,0.0,0.0,0.0,0.0,0.0,tokyo,tokyo
2026-02-24T01:33:41.499304,12748.647,12748.647,0.0,0.0,0.0,0.0,5,0,0,0,0,0,0,0,0.0,0.0,0.0,0.0,0.0,tokyo,tokyo
2026-02-24T01:33:42.187206,12748.647,12748.647,0.0,0.0,0.0,0.0,5,0,0,0,0,0,0,0,0.0,0.0,0.0,0.0,0.0,tokyo,tokyo
2026-02-24T01:35:12.450723,12748.647,12748.647,0.0,0.0,0.0,0.0,5,0,0,0,0,0,0,0,0.0,0.0,0.0,0.0,0.0,tokyo,tokyo
2026-02-24T01:35:13.164474,12748.647,12748.647,0.0,0.0,0.0,0.0,5,0,0,0,0,0,0,0,0.0,0.0,0.0,0.0,0.0,tokyo,tokyo
2026-02-24T01:36:38.311789,12748.647,12748.647,0.0,0.0,0.0,0.0,5,0,0,0,0,0,0,0,0.0,0.0,0.0,0.0,0.0,tokyo,tokyo
2026-02-24T01:36:38.993136,12748.647,12748.647,0.0,0.0,0.0,0.0,5,0,0,0,0,0,0,0,0.0,0.0,0.0,0.0,0.0,tokyo,tokyo
2026-02-24T01:37:55.894581,12748.647,12748.647,0.0,0.0,0.0,0.0,5,0,0,0,0,0,0,0,0.0,0.0,0.0,0.0,0.0,tokyo,tokyo
2026-02-24T01:37:56.622830,12748.647,12748.647,0.0,0.0,0.0,0.0,5,0,0,0,0,0,0,0,0.0,0.0,0.0,0.0,0.0,tokyo,tokyo
2026-02-24T01:39:19.077259,12748.647,12748.647,0.0,0.0,0.0,0.0,5,0,0,0,0,0,0,0,0.0,0.0,0.0,0.0,0.0,tokyo,tokyo
2026-02-24T01:39:19.866147,12748.647,12748.647,0.0,0.0,0.0,0.0,5,0,0,0,0,0,0,0,0.0,0.0,0.0,0.0,0.0,tokyo,tokyo
2026-02-24T01:41:02.355366,12748.647,12748.647,0.0,0.0,0.0,0.0,5,0,0,0,0,0,0,0,0.0,0.0,0.0,0.0,0.0,tokyo,tokyo
2026-02-24T01:41:03.090849,12748.647,12748.647,0.0,0.0,0.0,0.0,5,0,0,0,0,0,0,0,0.0,0.0,0.0,0.0,0.0,tokyo,tokyo
2026-02-24T01:42:40.052783,12748.647,12748.647,0.0,0.0,0.0,0.0,5,0,0,0,0,0,0,0,0.0,0.0,0.0,0.0,0.0,tokyo,tokyo
2026-02-24T01:42:40.806787,12748.647,12748.647,0.0,0.0,0.0,0.0,5,0,0,0,0,0,0,0,0.0,0.0,0.0,0.0,0.0,tokyo,tokyo
2026-02-24T01:44:07.118110,12748.647,12748.647,0.0,0.0,0.0,0.0,5,0,0,0,0,0,0,0,0.0,0.0,0.0,0.0,0.0,tokyo,tokyo
2026-02-24T01:44:07.821480,12748.647,12748.647,0.0,0.0,0.0,0.0,5,0,0,0,0,0,0,0,0.0,0.0,0.0,0.0,0.0,tokyo,tokyo
2026-02-24T01:45:53.604329,12748.647,12748.647,0.0,0.0,0.0,0.0,5,0,0,0,0,0,0,0,0.0,0.0,0.0,0.0,0.0,tokyo,tokyo
2026-02-24T01:45:54.322490,12748.647,12748.647,0.0,0.0,0.0,0.0,5,0,0,0,0,0,0,0,0.0,0.0,0.0,0.0,0.0,tokyo,tokyo
2026-02-24T01:47:24.136861,12748.647,12748.647,0.0,0.0,0.0,0.0,5,0,0,0,0,0,0,0,0.0,0.0,0.0,0.0,0.0,tokyo,tokyo
2026-02-24T01:47:24.853221,12748.647,12748.647,0.0,0.0,0.0,0.0,5,0,0,0,0,0,0,0,0.0,0.0,0.0,0.0,0.0,tokyo,tokyo
2026-02-24T01:49:04.556453,12748.647,12748.647,0.0,0.0,0.0,0.0,5,0,0,0,0,0,0,0,0.0,0.0,0.0,0.0,0.0,tokyo,tokyo
2026-02-24T01:49:05.326980,12748.647,12748.647,0.0,0.0,0.0,0.0,5,0,0,0,0,0,0,0,0.0,0.0,0.0,0.0,0.0,tokyo,tokyo
2026-02-24T01:50:41.347521,12748.647,12748.647,0.0,0.0,0.0,0.0,5,0,0,0,0,0,0,0,0.0,0.0,0.0,0.0,0.0,tokyo,tokyo
2026-02-24T01:50:42.041589,12748.647,12748.647,0.0,0.0,0.0,0.0,5,0,0,0,0,0,0,0,0.0,0.0,0.0,0.0,0.0,tokyo,tokyo
2026-02-24T01:52:06.171265,12748.647,12748.647,0.0,0.0,0.0,0.0,5,0,0,0,0,0,0,0,0.0,0.0,0.0,0.0,0.0,tokyo,tokyo
2026-02-24T01:52:06.887454,12748.647,12748.647,0.0,0.0,0.0,0.0,5,0,0,0,0,0,0,0,0.0,0.0,0.0,0.0,0.0,tokyo,tokyo
2026-02-24T01:53:37.654716,12748.647,12748.647,0.0,0.0,0.0,0.0,5,0,0,0,0,0,0,0,0.0,0.0,0.0,0.0,0.0,tokyo,tokyo
2026-02-24T01:53:38.387433,12748.647,12748.647,0.0,0.0,0.0,0.0,5,0,0,0,0,0,0,0,0.0,0.0,0.0,0.0,0.0,tokyo,tokyo
2026-02-24T01:55:14.508993,12748.647,12748.647,0.0,0.0,0.0,0.0,5,0,0,0,0,0,0,0,0.0,0.0,0.0,0.0,0.0,tokyo,tokyo
2026-02-24T01:55:15.203290,12748.647,12748.647,0.0,0.0,0.0,0.0,5,0,0,0,0,0,0,0,0.0,0.0,0.0,0.0,0.0,tokyo,tokyo
2026-02-24T01:56:39.954018,12748.647,12748.647,0.0,0.0,0.0,0.0,5,0,0,0,0,0,0,0,0.0,0.0,0.0,0.0,0.0,tokyo,tokyo
2026-02-24T01:56:40.684603,12748.647,12748.647,0.0,0.0,0.0,0.0,5,0,0,0,0,0,0,0,0.0,0.0,0.0,0.0,0.0,tokyo,tokyo
2026-02-24T01:58:13.236733,12748.647,12748.647,0.0,0.0,0.0,0.0,5,0,0,0,0,0,0,0,0.0,0.0,0.0,0.0,0.0,tokyo,tokyo
2026-02-24T01:58:13.986305,12748.647,12748.647,0.0,0.0,0.0,0.0,5,0,0,0,0,0,0,0,0.0,0.0,0.0,0.0,0.0,tokyo,tokyo
2026-02-24T01:59:41.447847,12748.647,12748.647,0.0,0.0,0.0,0.0,5,0,0,0,0,0,0,0,0.0,0.0,0.0,0.0,0.0,tokyo,tokyo
2026-02-24T01:59:42.150291,12748.647,12748.647,0.0,0.0,0.0,0.0,5,0,0,0,0,0,0,0,0.0,0.0,0.0,0.0,0.0,tokyo,tokyo
2026-02-24T02:01:56.402273,12748.647,12748.647,0.0,0.0,0.0,0.0,5,0,0,0,0,0,0,0,0.0,0.0,0.0,0.0,0.0,tokyo,tokyo
2026-02-24T02:01:57.129630,12748.647,12748.647,0.0,0.0,0.0,0.0,5,0,0,0,0,0,0,0,0.0,0.0,0.0,0.0,0.0,tokyo,tokyo
2026-02-24T02:04:27.752386,12748.647,12748.647,0.0,0.0,0.0,0.0,5,0,0,0,0,0,0,0,0.0,0.0,0.0,0.0,0.0,tokyo,tokyo
2026-02-24T02:04:28.498380,12748.647,12748.647,0.0,0.0,0.0,0.0,5,0,0,0,0,0,0,0,0.0,0.0,0.0,0.0,0.0,tokyo,tokyo
2026-02-24T02:06:42.111305,12748.647,12748.647,0.0,0.0,0.0,0.0,5,0,0,0,0,0,0,0,0.0,0.0,0.0,0.0,0.0,,
2026-02-24T02:32:10.696427,12748.647,12748.647,0.0,0.0,0.0,0.0,5,0,0,0,0,0,0,0,0.0,0.0,0.0,0.0,0.0,tokyo,tokyo
2026-02-24T02:32:11.435210,12748.647,12748.647,0.0,0.0,0.0,0.0,5,0,0,0,0,0,0,0,0.0,0.0,0.0,0.0,0.0,tokyo,tokyo
2026-02-24T02:34:21.131325,12748.647,12748.647,0.0,0.0,0.0,0.0,5,0,0,0,0,0,0,0,0.0,0.0,0.0,0.0,0.0,tokyo,tokyo
2026-02-24T02:34:21.871141,12748.647,12748.647,0.0,0.0,0.0,0.0,5,0,0,0,0,0,0,0,0.0,0.0,0.0,0.0,0.0,tokyo,tokyo
2026-02-24T02:36:33.527314,12748.647,12748.647,0.0,0.0,0.0,0.0,5,0,0,0,0,0,0,0,0.0,0.0,0.0,0.0,0.0,tokyo,tokyo
2026-02-24T02:36:34.268513,12748.647,12748.647,0.0,0.0,0.0,0.0,5,0,0,0,0,0,0,0,0.0,0.0,0.0,0.0,0.0,tokyo,tokyo
2026-02-24T02:38:45.810426,12748.647,12748.647,0.0,0.0,0.0,0.0,5,0,0,0,0,0,0,0,0.0,0.0,0.0,0.0,0.0,tokyo,tokyo
2026-02-24T02:38:46.648505,12748.647,12748.647,0.0,0.0,0.0,0.0,5,0,0,0,0,0,0,0,0.0,0.0,0.0,0.0,0.0,tokyo,tokyo
2026-02-24T02:40:56.527289,12748.647,12748.647,0.0,0.0,0.0,0.0,5,0,0,0,0,0,0,0,0.0,0.0,0.0,0.0,0.0,,
2026-02-24T03:01:12.655335,12748.647,12748.647,0.0,0.0,0.0,0.0,5,0,0,0,0,0,0,0,0.0,0.0,0.0,0.0,0.0,,
2026-02-24T03:25:02.025341,12748.647,12748.647,0.0,0.0,0.0,0.0,5,0,0,0,0,0,0,0,0.0,0.0,0.0,0.0,0.0,,
2026-02-24T03:43:13.270366,12748.647,12748.647,0.0,0.0,0.0,0.0,5,0,0,0,0,0,0,0,0.0,0.0,0.0,0.0,0.0,tokyo,tokyo
2026-02-24T03:43:13.960339,12748.647,12748.647,0.0,0.0,0.0,0.0,5,0,0,0,0,0,0,0,0.0,0.0,0.0,0.0,0.0,tokyo,tokyo
2026-02-24T03:44:32.687289,12748.647,12748.647,0.0,0.0,0.0,0.0,5,0,0,0,0,0,0,0,0.0,0.0,0.0,0.0,0.0,tokyo,tokyo
2026-02-24T03:44:33.418329,12748.647,12748.647,0.0,0.0,0.0,0.0,5,0,0,0,0,0,0,0,0.0,0.0,0.0,0.0,0.0,tokyo,tokyo
2026-02-24T03:45:53.685912,12748.647,12748.647,0.0,0.0,0.0,0.0,5,0,0,0,0,0,0,0,0.0,0.0,0.0,0.0,0.0,tokyo,tokyo
2026-02-24T03:45:54.374293,12748.647,12748.647,0.0,0.0,0.0,0.0,5,0,0,0,0,0,0,0,0.0,0.0,0.0,0.0,0.0,tokyo,tokyo
2026-02-24T03:47:15.658304,12748.647,12748.647,0.0,0.0,0.0,0.0,5,0,0,0,0,0,0,0,0.0,0.0,0.0,0.0,0.0,tokyo,tokyo
2026-02-24T03:47:16.388427,12748.647,12748.647,0.0,0.0,0.0,0.0,5,0,0,0,0,0,0,0,0.0,0.0,0.0,0.0,0.0,tokyo,tokyo
2026-02-24T03:48:33.904317,12748.647,12748.647,0.0,0.0,0.0,0.0,5,0,0,0,0,0,0,0,0.0,0.0,0.0,0.0,0.0,tokyo,tokyo
2026-02-24T03:48:34.656364,12748.647,12748.647,0.0,0.0,0.0,0.0,5,0,0,0,0,0,0,0,0.0,0.0,0.0,0.0,0.0,tokyo,tokyo
2026-02-24T03:49:58.078298,12748.647,12748.647,0.0,0.0,0.0,0.0,5,0,0,0,0,0,0,0,0.0,0.0,0.0,0.0,0.0,tokyo,tokyo
2026-02-24T03:49:58.785136,12748.647,12748.647,0.0,0.0,0.0,0.0,5,0,0,0,0,0,0,0,0.0,0.0,0.0,0.0,0.0,tokyo,tokyo
2026-02-24T03:51:20.280995,12748.647,12748.647,0.0,0.0,0.0,0.0,5,0,0,0,0,0,0,0,0.0,0.0,0.0,0.0,0.0,tokyo,tokyo
2026-02-24T03:51:21.070699,12748.647,12748.647,0.0,0.0,0.0,0.0,5,0,0,0,0,0,0,0,0.0,0.0,0.0,0.0,0.0,tokyo,tokyo
2026-02-24T03:52:34.760326,12748.647,12748.647,0.0,0.0,0.0,0.0,5,0,0,0,0,0,0,0,0.0,0.0,0.0,0.0,0.0,tokyo,tokyo
2026-02-24T03:52:35.479804,12748.647,12748.647,0.0,0.0,0.0,0.0,5,0,0,0,0,0,0,0,0.0,0.0,0.0,0.0,0.0,tokyo,tokyo
2026-02-24T03:53:52.344422,12748.647,12748.647,0.0,0.0,0.0,0.0,5,0,0,0,0,0,0,0,0.0,0.0,0.0,0.0,0.0,tokyo,tokyo
2026-02-24T03:53:53.105295,12748.647,12748.647,0.0,0.0,0.0,0.0,5,0,0,0,0,0,0,0,0.0,0.0,0.0,0.0,0.0,tokyo,tokyo
2026-02-24T03:55:11.392417,12748.647,12748.647,0.0,0.0,0.0,0.0,5,0,0,0,0,0,0,0,0.0,0.0,0.0,0.0,0.0,tokyo,tokyo
2026-02-24T03:55:12.113189,12748.647,12748.647,0.0,0.0,0.0,0.0,5,0,0,0,0,0,0,0,0.0,0.0,0.0,0.0,0.0,tokyo,tokyo
2026-02-24T03:56:29.102470,12748.647,12748.647,0.0,0.0,0.0,0.0,5,0,0,0,0,0,0,0,0.0,0.0,0.0,0.0,0.0,tokyo,tokyo
2026-02-24T03:56:29.826905,12748.647,12748.647,0.0,0.0,0.0,0.0,5,0,0,0,0,0,0,0,0.0,0.0,0.0,0.0,0.0,tokyo,tokyo
2026-02-24T03:57:52.616238,12748.647,12748.647,0.0,0.0,0.0,0.0,5,0,0,0,0,0,0,0,0.0,0.0,0.0,0.0,0.0,tokyo,tokyo
2026-02-24T03:57:53.334843,12748.647,12748.647,0.0,0.0,0.0,0.0,5,0,0,0,0,0,0,0,0.0,0.0,0.0,0.0,0.0,tokyo,tokyo
2026-02-24T03:59:12.077490,12748.647,12748.647,0.0,0.0,0.0,0.0,5,0,0,0,0,0,0,0,0.0,0.0,0.0,0.0,0.0,tokyo,tokyo
2026-02-24T03:59:12.780710,12748.647,12748.647,0.0,0.0,0.0,0.0,5,0,0,0,0,0,0,0,0.0,0.0,0.0,0.0,0.0,tokyo,tokyo
2026-02-24T04:00:50.763443,12748.647,12748.647,0.0,0.0,0.0,0.0,5,0,0,0,0,0,0,0,0.0,0.0,0.0,0.0,0.0,tokyo,tokyo
2026-02-24T04:00:51.515282,12748.647,12748.647,0.0,0.0,0.0,0.0,5,0,0,0,0,0,0,0,0.0,0.0,0.0,0.0,0.0,tokyo,tokyo
2026-02-24T04:02:44.594489,12748.647,12748.647,0.0,0.0,0.0,0.0,5,0,0,0,0,0,0,0,0.0,0.0,0.0,0.0,0.0,tokyo,tokyo
2026-02-24T04:02:45.424304,12748.647,12748.647,0.0,0.0,0.0,0.0,5,0,0,0,0,0,0,0,0.0,0.0,0.0,0.0,0.0,tokyo,tokyo
2026-02-24T04:04:36.562311,12748.647,12748.647,0.0,0.0,0.0,0.0,5,0,0,0,0,0,0,0,0.0,0.0,0.0,0.0,0.0,tokyo,tokyo
2026-02-24T04:04:37.297301,12748.647,12748.647,0.0,0.0,0.0,0.0,5,0,0,0,0,0,0,0,0.0,0.0,0.0,0.0,0.0,tokyo,tokyo
2026-02-24T04:06:31.412277,12748.647,12748.647,0.0,0.0,0.0,0.0,5,0,0,0,0,0,0,0,0.0,0.0,0.0,0.0,0.0,tokyo,tokyo
2026-02-24T04:06:32.136294,12748.647,12748.647,0.0,0.0,0.0,0.0,5,0,0,0,0,0,0,0,0.0,0.0,0.0,0.0,0.0,tokyo,tokyo
2026-02-24T04:08:28.390295,12748.647,12748.647,0.0,0.0,0.0,0.0,5,0,0,0,0,0,0,0,0.0,0.0,0.0,0.0,0.0,tokyo,tokyo
2026-02-24T04:08:29.141343,12748.647,12748.647,0.0,0.0,0.0,0.0,5,0,0,0,0,0,0,0,0.0,0.0,0.0,0.0,0.0,tokyo,tokyo
2026-02-24T04:10:31.937278,12748.647,12748.647,0.0,0.0,0.0,0.0,5,0,0,0,0,0,0,0,0.0,0.0,0.0,0.0,0.0,tokyo,tokyo
2026-02-24T04:10:32.676286,12748.647,12748.647,0.0,0.0,0.0,0.0,5,0,0,0,0,0,0,0,0.0,0.0,0.0,0.0,0.0,tokyo,tokyo
2026-02-24T04:12:30.449294,12748.647,12748.647,0.0,0.0,0.0,0.0,5,0,0,0,0,0,0,0,0.0,0.0,0.0,0.0,0.0,tokyo,tokyo
2026-02-24T04:12:31.233306,12748.647,12748.647,0.0,0.0,0.0,0.0,5,0,0,0,0,0,0,0,0.0,0.0,0.0,0.0,0.0,tokyo,tokyo
2026-02-24T04:14:27.853277,12748.647,12748.647,0.0,0.0,0.0,0.0,5,0,0,0,0,0,0,0,0.0,0.0,0.0,0.0,0.0,tokyo,tokyo
2026-02-24T04:14:28.607325,12748.647,12748.647,0.0,0.0,0.0,0.0,5,0,0,0,0,0,0,0,0.0,0.0,0.0,0.0,0.0,tokyo,tokyo
2026-02-24T04:16:28.646098,12748.647,12748.647,0.0,0.0,0.0,0.0,5,0,0,0,0,0,0,0,0.0,0.0,0.0,0.0,0.0,tokyo,tokyo
2026-02-24T04:16:29.398230,12748.647,12748.647,0.0,0.0,0.0,0.0,5,0,0,0,0,0,0,0,0.0,0.0,0.0,0.0,0.0,tokyo,tokyo
2026-02-24T04:18:33.023312,12748.647,12748.647,0.0,0.0,0.0,0.0,5,0,0,0,0,0,0,0,0.0,0.0,0.0,0.0,0.0,tokyo,tokyo
2026-02-24T04:18:33.756961,12748.647,12748.647,0.0,0.0,0.0,0.0,5,0,0,0,0,0,0,0,0.0,0.0,0.0,0.0,0.0,tokyo,tokyo
2026-02-24T04:20:31.345287,12748.647,12748.647,0.0,0.0,0.0,0.0,5,0,0,0,0,0,0,0,0.0,0.0,0.0,0.0,0.0,tokyo,tokyo
2026-02-24T04:20:32.104580,12748.647,12748.647,0.0,0.0,0.0,0.0,5,0,0,0,0,0,0,0,0.0,0.0,0.0,0.0,0.0,tokyo,tokyo
2026-02-24T04:22:29.658294,12748.647,12748.647,0.0,0.0,0.0,0.0,5,0,0,0,0,0,0,0,0.0,0.0,0.0,0.0,0.0,tokyo,tokyo
2026-02-24T04:22:30.387337,12748.647,12748.647,0.0,0.0,0.0,0.0,5,0,0,0,0,0,0,0,0.0,0.0,0.0,0.0,0.0,tokyo,tokyo
2026-02-24T04:24:29.915301,12748.647,12748.647,0.0,0.0,0.0,0.0,5,0,0,0,0,0,0,0,0.0,0.0,0.0,0.0,0.0,tokyo,tokyo
2026-02-24T04:24:30.646714,12748.647,12748.647,0.0,0.0,0.0,0.0,5,0,0,0,0,0,0,0,0.0,0.0,0.0,0.0,0.0,tokyo,tokyo
2026-02-24T04:26:02.701315,12748.647,12748.647,0.0,0.0,0.0,0.0,5,0,0,0,0,0,0,0,0.0,0.0,0.0,0.0,0.0,tokyo,tokyo
2026-02-24T04:26:03.456341,12748.647,12748.647,0.0,0.0,0.0,0.0,5,0,0,0,0,0,0,0,0.0,0.0,0.0,0.0,0.0,tokyo,tokyo
2026-02-24T04:27:19.791281,12748.647,12748.647,0.0,0.0,0.0,0.0,5,0,0,0,0,0,0,0,0.0,0.0,0.0,0.0,0.0,tokyo,tokyo
2026-02-24T04:27:20.552028,12748.647,12748.647,0.0,0.0,0.0,0.0,5,0,0,0,0,0,0,0,0.0,0.0,0.0,0.0,0.0,tokyo,tokyo
2026-02-24T04:28:36.666047,12748.647,12748.647,0.0,0.0,0.0,0.0,5,0,0,0,0,0,0,0,0.0,0.0,0.0,0.0,0.0,tokyo,tokyo
2026-02-24T04:28:37.417594,12748.647,12748.647,0.0,0.0,0.0,0.0,5,0,0,0,0,0,0,0,0.0,0.0,0.0,0.0,0.0,tokyo,tokyo
2026-02-24T04:30:00.690474,12748.647,12748.647,0.0,0.0,0.0,0.0,5,0,0,0,0,0,0,0,0.0,0.0,0.0,0.0,0.0,tokyo,tokyo
2026-02-24T04:30:01.416145,12748.647,12748.647,0.0,0.0,0.0,0.0,5,0,0,0,0,0,0,0,0.0,0.0,0.0,0.0,0.0,tokyo,tokyo
2026-02-24T04:31:23.558405,12748.647,12748.647,0.0,0.0,0.0,0.0,5,0,0,0,0,0,0,0,0.0,0.0,0.0,0.0,0.0,tokyo,tokyo
2026-02-24T04:31:24.288278,12748.647,12748.647,0.0,0.0,0.0,0.0,5,0,0,0,0,0,0,0,0.0,0.0,0.0,0.0,0.0,tokyo,tokyo
2026-02-24T04:32:40.917693,12748.647,12748.647,0.0,0.0,0.0,0.0,5,0,0,0,0,0,0,0,0.0,0.0,0.0,0.0,0.0,tokyo,tokyo
2026-02-24T04:32:41.648423,12748.647,12748.647,0.0,0.0,0.0,0.0,5,0,0,0,0,0,0,0,0.0,0.0,0.0,0.0,0.0,tokyo,tokyo
2026-02-24T04:34:03.665029,12623.7103,12623.7103,0.0,0.0,0.0,0.0,4,0,0,0,0,0,0,0,0.0,0.0,0.0,0.0,0.0,tokyo,tokyo
2026-02-24T04:34:04.359717,12623.7103,12623.7103,0.0,0.0,0.0,0.0,4,0,0,0,0,0,0,0,0.0,0.0,0.0,0.0,0.0,tokyo,tokyo
2026-02-24T04:35:30.188250,12623.7103,12623.7103,0.0,0.0,0.0,0.0,4,0,0,0,0,0,0,0,0.0,0.0,0.0,0.0,0.0,tokyo,tokyo
2026-02-24T04:35:30.829263,12623.7103,12623.7103,0.0,0.0,0.0,0.0,4,0,0,0,0,0,0,0,0.0,0.0,0.0,0.0,0.0,tokyo,tokyo
2026-02-24T04:36:58.574256,12623.7103,12623.7103,0.0,0.0,0.0,0.0,4,0,0,0,0,0,0,0,0.0,0.0,0.0,0.0,0.0,tokyo,tokyo
2026-02-24T04:36:59.201463,12623.7103,12623.7103,0.0,0.0,0.0,0.0,4,0,0,0,0,0,0,0,0.0,0.0,0.0,0.0,0.0,tokyo,tokyo
2026-02-24T04:38:24.231299,12623.7103,12623.7103,0.0,0.0,0.0,0.0,4,0,0,0,0,0,0,0,0.0,0.0,0.0,0.0,0.0,tokyo,tokyo
2026-02-24T04:38:24.855303,12623.7103,12623.7103,0.0,0.0,0.0,0.0,4,0,0,0,0,0,0,0,0.0,0.0,0.0,0.0,0.0,tokyo,tokyo
2026-02-24T04:39:40.353326,12623.7103,12623.7103,0.0,0.0,0.0,0.0,4,0,0,0,0,0,0,0,0.0,0.0,0.0,0.0,0.0,tokyo,tokyo
2026-02-24T04:39:40.965280,12623.7103,12623.7103,0.0,0.0,0.0,0.0,4,0,0,0,0,0,0,0,0.0,0.0,0.0,0.0,0.0,tokyo,tokyo
2026-02-24T04:41:08.884414,12623.7103,12623.7103,0.0,0.0,0.0,0.0,4,0,0,0,0,0,0,0,0.0,0.0,0.0,0.0,0.0,tokyo,tokyo
2026-02-24T04:41:09.549273,12623.7103,12623.7103,0.0,0.0,0.0,0.0,4,0,0,0,0,0,0,0,0.0,0.0,0.0,0.0,0.0,tokyo,tokyo
2026-02-24T04:42:38.460279,12623.7103,12623.7103,0.0,0.0,0.0,0.0,4,0,0,0,0,0,0,0,0.0,0.0,0.0,0.0,0.0,tokyo,tokyo
2026-02-24T04:42:39.126411,12623.7103,12623.7103,0.0,0.0,0.0,0.0,4,0,0,0,0,0,0,0,0.0,0.0,0.0,0.0,0.0,tokyo,tokyo
2026-02-24T04:44:06.706278,12623.7103,12623.7103,0.0,0.0,0.0,0.0,4,0,0,0,0,0,0,0,0.0,0.0,0.0,0.0,0.0,tokyo,tokyo
2026-02-24T04:44:07.313102,12623.7103,12623.7103,0.0,0.0,0.0,0.0,4,0,0,0,0,0,0,0,0.0,0.0,0.0,0.0,0.0,tokyo,tokyo
2026-02-24T04:45:26.402462,12623.7103,12623.7103,0.0,0.0,0.0,0.0,4,0,0,0,0,0,0,0,0.0,0.0,0.0,0.0,0.0,tokyo,tokyo
2026-02-24T04:45:27.013203,12623.7103,12623.7103,0.0,0.0,0.0,0.0,4,0,0,0,0,0,0,0,0.0,0.0,0.0,0.0,0.0,tokyo,tokyo
2026-02-24T04:46:46.460302,12623.7103,12623.7103,0.0,0.0,0.0,0.0,4,0,0,0,0,0,0,0,0.0,0.0,0.0,0.0,0.0,tokyo,tokyo
2026-02-24T04:46:47.053279,12623.7103,12623.7103,0.0,0.0,0.0,0.0,4,0,0,0,0,0,0,0,0.0,0.0,0.0,0.0,0.0,tokyo,tokyo
2026-02-24T04:48:04.933572,12623.7103,12623.7103,0.0,0.0,0.0,0.0,4,0,0,0,0,0,0,0,0.0,0.0,0.0,0.0,0.0,tokyo,tokyo
2026-02-24T04:48:05.542545,12623.7103,12623.7103,0.0,0.0,0.0,0.0,4,0,0,0,0,0,0,0,0.0,0.0,0.0,0.0,0.0,tokyo,tokyo
2026-02-24T04:49:23.656252,12623.7103,12623.7103,0.0,0.0,0.0,0.0,4,0,0,0,0,0,0,0,0.0,0.0,0.0,0.0,0.0,tokyo,tokyo
2026-02-24T04:49:24.264295,12623.7103,12623.7103,0.0,0.0,0.0,0.0,4,0,0,0,0,0,0,0,0.0,0.0,0.0,0.0,0.0,tokyo,tokyo
2026-02-24T04:50:47.851658,12623.7103,12623.7103,0.0,0.0,0.0,0.0,4,0,0,0,0,0,0,0,0.0,0.0,0.0,0.0,0.0,tokyo,tokyo
2026-02-24T04:50:48.527286,12623.7103,12623.7103,0.0,0.0,0.0,0.0,4,0,0,0,0,0,0,0,0.0,0.0,0.0,0.0,0.0,tokyo,tokyo
2026-02-24T04:52:09.291998,12623.7103,12623.7103,0.0,0.0,0.0,0.0,4,0,0,0,0,0,0,0,0.0,0.0,0.0,0.0,0.0,tokyo,tokyo
2026-02-24T04:52:09.897766,12623.7103,12623.7103,0.0,0.0,0.0,0.0,4,0,0,0,0,0,0,0,0.0,0.0,0.0,0.0,0.0,tokyo,tokyo
2026-02-24T04:53:38.695906,12623.7103,12623.7103,0.0,0.0,0.0,0.0,4,0,0,0,0,0,0,0,0.0,0.0,0.0,0.0,0.0,tokyo,tokyo
2026-02-24T04:53:39.346953,12623.7103,12623.7103,0.0,0.0,0.0,0.0,4,0,0,0,0,0,0,0,0.0,0.0,0.0,0.0,0.0,tokyo,tokyo
2026-02-24T04:54:58.334573,12623.7103,12623.7103,0.0,0.0,0.0,0.0,4,0,0,0,0,0,0,0,0.0,0.0,0.0,0.0,0.0,tokyo,tokyo
2026-02-24T04:54:58.933543,12623.7103,12623.7103,0.0,0.0,0.0,0.0,4,0,0,0,0,0,0,0,0.0,0.0,0.0,0.0,0.0,tokyo,tokyo
2026-02-24T04:56:17.663550,12623.7103,12623.7103,0.0,0.0,0.0,0.0,4,0,0,0,0,0,0,0,0.0,0.0,0.0,0.0,0.0,tokyo,tokyo
2026-02-24T04:56:18.280414,12623.7103,12623.7103,0.0,0.0,0.0,0.0,4,0,0,0,0,0,0,0,0.0,0.0,0.0,0.0,0.0,tokyo,tokyo
2026-02-24T04:57:41.425245,12623.7103,12623.7103,0.0,0.0,0.0,0.0,4,0,0,0,0,0,0,0,0.0,0.0,0.0,0.0,0.0,tokyo,tokyo
2026-02-24T04:57:42.022860,12623.7103,12623.7103,0.0,0.0,0.0,0.0,4,0,0,0,0,0,0,0,0.0,0.0,0.0,0.0,0.0,tokyo,tokyo
2026-02-24T04:59:06.764319,12623.7103,12623.7103,0.0,0.0,0.0,0.0,4,0,0,0,0,0,0,0,0.0,0.0,0.0,0.0,0.0,tokyo,tokyo
2026-02-24T04:59:07.437064,12623.7103,12623.7103,0.0,0.0,0.0,0.0,4,0,0,0,0,0,0,0,0.0,0.0,0.0,0.0,0.0,tokyo,tokyo
2026-02-24T05:00:53.696262,12623.7103,12623.7103,0.0,0.0,0.0,0.0,4,0,0,0,0,0,0,0,0.0,0.0,0.0,0.0,0.0,tokyo,tokyo
2026-02-24T05:00:54.315489,12623.7103,12623.7103,0.0,0.0,0.0,0.0,4,0,0,0,0,0,0,0,0.0,0.0,0.0,0.0,0.0,tokyo,tokyo
2026-02-24T05:02:51.649432,12623.7103,12623.7103,0.0,0.0,0.0,0.0,4,0,0,0,0,0,0,0,0.0,0.0,0.0,0.0,0.0,tokyo,tokyo
2026-02-24T05:02:52.268301,12623.7103,12623.7103,0.0,0.0,0.0,0.0,4,0,0,0,0,0,0,0,0.0,0.0,0.0,0.0,0.0,tokyo,tokyo
2026-02-24T05:04:43.119273,12623.7103,12623.7103,0.0,0.0,0.0,0.0,4,0,0,0,0,0,0,0,0.0,0.0,0.0,0.0,0.0,tokyo,tokyo
2026-02-24T05:04:43.775306,12623.7103,12623.7103,0.0,0.0,0.0,0.0,4,0,0,0,0,0,0,0,0.0,0.0,0.0,0.0,0.0,tokyo,tokyo
2026-02-24T05:06:34.622549,12623.7103,12623.7103,0.0,0.0,0.0,0.0,4,0,0,0,0,0,0,0,0.0,0.0,0.0,0.0,0.0,tokyo,tokyo
2026-02-24T05:06:35.262442,12623.7103,12623.7103,0.0,0.0,0.0,0.0,4,0,0,0,0,0,0,0,0.0,0.0,0.0,0.0,0.0,tokyo,tokyo
2026-02-24T05:08:34.344316,12623.7103,12623.7103,0.0,0.0,0.0,0.0,4,0,0,0,0,0,0,0,0.0,0.0,0.0,0.0,0.0,tokyo,tokyo
2026-02-24T05:08:35.018320,12623.7103,12623.7103,0.0,0.0,0.0,0.0,4,0,0,0,0,0,0,0,0.0,0.0,0.0,0.0,0.0,tokyo,tokyo
2026-02-24T05:10:37.656366,12623.7103,12623.7103,0.0,0.0,0.0,0.0,4,0,0,0,0,0,0,0,0.0,0.0,0.0,0.0,0.0,tokyo,tokyo
2026-02-24T05:10:38.327418,12623.7103,12623.7103,0.0,0.0,0.0,0.0,4,0,0,0,0,0,0,0,0.0,0.0,0.0,0.0,0.0,tokyo,tokyo
2026-02-24T05:12:37.761293,12623.7103,12623.7103,0.0,0.0,0.0,0.0,4,0,0,0,0,0,0,0,0.0,0.0,0.0,0.0,0.0,tokyo,tokyo
2026-02-24T05:12:38.428294,12623.7103,12623.7103,0.0,0.0,0.0,0.0,4,0,0,0,0,0,0,0,0.0,0.0,0.0,0.0,0.0,tokyo,tokyo
2026-02-24T05:14:33.765356,12623.7103,12623.7103,0.0,0.0,0.0,0.0,4,0,0,0,0,0,0,0,0.0,0.0,0.0,0.0,0.0,tokyo,tokyo
2026-02-24T05:14:34.408304,12623.7103,12623.7103,0.0,0.0,0.0,0.0,4,0,0,0,0,0,0,0,0.0,0.0,0.0,0.0,0.0,tokyo,tokyo
2026-02-24T05:16:33.684487,12623.7103,12623.7103,0.0,0.0,0.0,0.0,4,0,0,0,0,0,0,0,0.0,0.0,0.0,0.0,0.0,,
2026-02-24T05:36:28.473889,12623.7103,12623.7103,0.0,0.0,0.0,0.0,4,0,0,0,0,0,0,0,0.0,0.0,0.0,0.0,0.0,tokyo,tokyo
2026-02-24T05:36:29.093683,12623.7103,12623.7103,0.0,0.0,0.0,0.0,4,0,0,0,0,0,0,0,0.0,0.0,0.0,0.0,0.0,tokyo,tokyo
2026-02-24T05:37:46.615712,12623.7103,12623.7103,0.0,0.0,0.0,0.0,4,0,0,0,0,0,0,0,0.0,0.0,0.0,0.0,0.0,,
2026-02-24T05:55:46.910290,12623.7103,12623.7103,0.0,0.0,0.0,0.0,4,0,0,0,0,0,0,0,0.0,0.0,0.0,0.0,0.0,tokyo,tokyo
2026-02-24T05:55:47.502086,12623.7103,12623.7103,0.0,0.0,0.0,0.0,4,0,0,0,0,0,0,0,0.0,0.0,0.0,0.0,0.0,tokyo,tokyo
2026-02-24T05:57:08.829305,12623.7103,12623.7103,0.0,0.0,0.0,0.0,4,0,0,0,0,0,0,0,0.0,0.0,0.0,0.0,0.0,,
2026-02-24T06:20:53.293300,12623.7103,12623.7103,0.0,0.0,0.0,0.0,4,0,0,0,0,0,0,0,0.0,0.0,0.0,0.0,0.0,,
2026-02-24T06:44:18.991291,12623.7103,12623.7103,0.0,0.0,0.0,0.0,4,0,0,0,0,0,0,0,0.0,0.0,0.0,0.0,0.0,,
2026-02-24T07:02:32.420295,12623.7103,12623.7103,0.0,0.0,0.0,0.0,4,0,0,0,0,0,0,0,0.0,0.0,0.0,0.0,0.0,,
2026-02-24T07:26:09.687656,12623.7103,12623.7103,0.0,0.0,0.0,0.0,4,0,0,0,0,0,0,0,0.0,0.0,0.0,0.0,0.0,tokyo,tokyo
2026-02-24T07:26:10.294530,12623.7103,12623.7103,0.0,0.0,0.0,0.0,4,0,0,0,0,0,0,0,0.0,0.0,0.0,0.0,0.0,tokyo,tokyo
2026-02-24T07:27:31.749352,12623.7103,12623.7103,0.0,0.0,0.0,0.0,4,0,0,0,0,0,0,0,0.0,0.0,0.0,0.0,0.0,tokyo,tokyo
2026-02-24T07:27:32.351323,12623.7103,12623.7103,0.0,0.0,0.0,0.0,4,0,0,0,0,0,0,0,0.0,0.0,0.0,0.0,0.0,tokyo,tokyo
2026-02-24T07:29:00.724331,12623.7103,12623.7103,0.0,0.0,0.0,0.0,4,0,0,0,0,0,0,0,0.0,0.0,0.0,0.0,0.0,tokyo,tokyo
2026-02-24T07:29:01.353578,12623.7103,12623.7103,0.0,0.0,0.0,0.0,4,0,0,0,0,0,0,0,0.0,0.0,0.0,0.0,0.0,tokyo,tokyo
2026-02-24T07:30:22.606508,12623.7103,12623.7103,0.0,0.0,0.0,0.0,4,0,0,0,0,0,0,0,0.0,0.0,0.0,0.0,0.0,tokyo,tokyo
2026-02-24T07:30:23.278875,12623.7103,12623.7103,0.0,0.0,0.0,0.0,4,0,0,0,0,0,0,0,0.0,0.0,0.0,0.0,0.0,tokyo,tokyo
2026-02-24T07:31:54.345447,12623.7103,12623.7103,0.0,0.0,0.0,0.0,4,0,0,0,0,0,0,0,0.0,0.0,0.0,0.0,0.0,tokyo,tokyo
2026-02-24T07:31:54.964033,12623.7103,12623.7103,0.0,0.0,0.0,0.0,4,0,0,0,0,0,0,0,0.0,0.0,0.0,0.0,0.0,tokyo,tokyo
2026-02-24T07:33:12.750278,12623.7103,12623.7103,0.0,0.0,0.0,0.0,4,0,0,0,0,0,0,0,0.0,0.0,0.0,0.0,0.0,tokyo,tokyo
2026-02-24T07:33:13.364066,12623.7103,12623.7103,0.0,0.0,0.0,0.0,4,0,0,0,0,0,0,0,0.0,0.0,0.0,0.0,0.0,tokyo,tokyo
2026-02-24T07:34:27.308288,12623.7103,12623.7103,0.0,0.0,0.0,0.0,4,0,0,0,0,0,0,0,0.0,0.0,0.0,0.0,0.0,tokyo,tokyo
2026-02-24T07:34:27.954268,12623.7103,12623.7103,0.0,0.0,0.0,0.0,4,0,0,0,0,0,0,0,0.0,0.0,0.0,0.0,0.0,tokyo,tokyo
2026-02-24T07:35:59.266265,12623.7103,12623.7103,0.0,0.0,0.0,0.0,4,0,0,0,0,0,0,0,0.0,0.0,0.0,0.0,0.0,tokyo,tokyo
2026-02-24T07:35:59.970283,12623.7103,12623.7103,0.0,0.0,0.0,0.0,4,0,0,0,0,0,0,0,0.0,0.0,0.0,0.0,0.0,tokyo,tokyo
2026-02-24T07:37:29.496477,12623.7103,12623.7103,0.0,0.0,0.0,0.0,4,0,0,0,0,0,0,0,0.0,0.0,0.0,0.0,0.0,tokyo,tokyo
2026-02-24T07:37:30.118724,12623.7103,12623.7103,0.0,0.0,0.0,0.0,4,0,0,0,0,0,0,0,0.0,0.0,0.0,0.0,0.0,tokyo,tokyo
2026-02-24T07:38:49.199066,12623.7103,12623.7103,0.0,0.0,0.0,0.0,4,0,0,0,0,0,0,0,0.0,0.0,0.0,0.0,0.0,tokyo,tokyo
2026-02-24T07:38:49.820521,12623.7103,12623.7103,0.0,0.0,0.0,0.0,4,0,0,0,0,0,0,0,0.0,0.0,0.0,0.0,0.0,tokyo,tokyo
2026-02-24T07:40:11.023442,12623.7103,12623.7103,0.0,0.0,0.0,0.0,4,0,0,0,0,0,0,0,0.0,0.0,0.0,0.0,0.0,tokyo,tokyo
2026-02-24T07:40:11.743119,12623.7103,12623.7103,0.0,0.0,0.0,0.0,4,0,0,0,0,0,0,0,0.0,0.0,0.0,0.0,0.0,tokyo,tokyo
2026-02-24T07:41:34.745701,12623.7103,12623.7103,0.0,0.0,0.0,0.0,4,0,0,0,0,0,0,0,0.0,0.0,0.0,0.0,0.0,tokyo,tokyo
2026-02-24T07:41:35.391867,12623.7103,12623.7103,0.0,0.0,0.0,0.0,4,0,0,0,0,0,0,0,0.0,0.0,0.0,0.0,0.0,tokyo,tokyo
2026-02-24T07:43:06.012188,12623.7103,12623.7103,0.0,0.0,0.0,0.0,4,0,0,0,0,0,0,0,0.0,0.0,0.0,0.0,0.0,tokyo,tokyo
2026-02-24T07:43:06.616059,12623.7103,12623.7103,0.0,0.0,0.0,0.0,4,0,0,0,0,0,0,0,0.0,0.0,0.0,0.0,0.0,tokyo,tokyo
2026-02-24T07:44:34.289090,12623.7103,12623.7103,0.0,0.0,0.0,0.0,4,0,0,0,0,0,0,0,0.0,0.0,0.0,0.0,0.0,tokyo,tokyo
2026-02-24T07:44:35.005446,12623.7103,12623.7103,0.0,0.0,0.0,0.0,4,0,0,0,0,0,0,0,0.0,0.0,0.0,0.0,0.0,tokyo,tokyo
2026-02-24T07:45:54.996004,12623.7103,12623.7103,0.0,0.0,0.0,0.0,4,0,0,0,0,0,0,0,0.0,0.0,0.0,0.0,0.0,tokyo,tokyo
2026-02-24T07:45:55.609069,12623.7103,12623.7103,0.0,0.0,0.0,0.0,4,0,0,0,0,0,0,0,0.0,0.0,0.0,0.0,0.0,tokyo,tokyo
2026-02-24T07:47:17.745737,12623.7103,12623.7103,0.0,0.0,0.0,0.0,4,0,0,0,0,0,0,0,0.0,0.0,0.0,0.0,0.0,tokyo,tokyo
2026-02-24T07:47:18.340489,12623.7103,12623.7103,0.0,0.0,0.0,0.0,4,0,0,0,0,0,0,0,0.0,0.0,0.0,0.0,0.0,tokyo,tokyo
2026-02-24T07:48:39.701911,12623.7103,12623.7103,0.0,0.0,0.0,0.0,4,0,0,0,0,0,0,0,0.0,0.0,0.0,0.0,0.0,tokyo,tokyo
2026-02-24T07:48:40.385730,12623.7103,12623.7103,0.0,0.0,0.0,0.0,4,0,0,0,0,0,0,0,0.0,0.0,0.0,0.0,0.0,tokyo,tokyo
2026-02-24T07:50:01.043851,12623.7103,12623.7103,0.0,0.0,0.0,0.0,4,0,0,0,0,0,0,0,0.0,0.0,0.0,0.0,0.0,tokyo,tokyo
2026-02-24T07:50:01.645538,12623.7103,12623.7103,0.0,0.0,0.0,0.0,4,0,0,0,0,0,0,0,0.0,0.0,0.0,0.0,0.0,tokyo,tokyo
2026-02-24T07:51:36.349327,12623.7103,12623.7103,0.0,0.0,0.0,0.0,4,1,0,0,0,0,0,0,0.0,0.0,0.0,0.0,0.0,tokyo,tokyo
2026-02-24T07:51:36.956302,12623.7103,12623.7103,0.0,0.0,0.0,0.0,4,1,0,0,0,0,0,0,0.0,0.0,0.0,0.0,0.0,tokyo,tokyo
2026-02-24T07:53:05.396567,12623.7103,12623.7103,0.0,0.0,0.0,0.0,5,0,0,0,0,0,0,0,0.0,0.0,0.0,0.0,0.0,tokyo,tokyo
2026-02-24T07:53:06.135621,12623.7103,12623.7103,0.0,0.0,0.0,0.0,5,0,0,0,0,0,0,0,0.0,0.0,0.0,0.0,0.0,tokyo,tokyo
2026-02-24T07:54:26.983632,12623.7103,12623.7103,0.0,0.0,0.0,0.0,5,0,0,0,0,0,0,0,0.0,0.0,0.0,0.0,0.0,tokyo,tokyo
2026-02-24T07:54:27.778337,12623.7103,12623.7103,0.0,0.0,0.0,0.0,5,0,0,0,0,0,0,0,0.0,0.0,0.0,0.0,0.0,tokyo,tokyo
2026-02-24T07:55:58.597976,12623.7103,12623.7103,0.0,0.0,0.0,0.0,5,0,0,0,0,0,0,0,0.0,0.0,0.0,0.0,0.0,tokyo,tokyo
2026-02-24T07:55:59.319874,12623.7103,12623.7103,0.0,0.0,0.0,0.0,5,0,0,0,0,0,0,0,0.0,0.0,0.0,0.0,0.0,tokyo,tokyo
2026-02-24T07:57:28.743820,12623.7103,12623.7103,0.0,0.0,0.0,0.0,5,0,0,0,0,0,0,0,0.0,0.0,0.0,0.0,0.0,tokyo,tokyo
2026-02-24T07:57:29.455438,12623.7103,12623.7103,0.0,0.0,0.0,0.0,5,0,0,0,0,0,0,0,0.0,0.0,0.0,0.0,0.0,tokyo,tokyo
2026-02-24T07:58:47.556208,12623.7103,12623.7103,0.0,0.0,0.0,0.0,5,0,0,0,0,0,0,0,0.0,0.0,0.0,0.0,0.0,tokyo,tokyo
2026-02-24T07:58:48.256824,12623.7103,12623.7103,0.0,0.0,0.0,0.0,5,0,0,0,0,0,0,0,0.0,0.0,0.0,0.0,0.0,tokyo,tokyo
2026-02-24T08:00:22.868094,12623.7103,12623.7103,0.0,0.0,0.0,0.0,5,0,0,0,0,0,0,0,0.0,0.0,0.0,0.0,0.0,tokyo,tokyo
2026-02-24T08:00:23.646210,12623.7103,12623.7103,0.0,0.0,0.0,0.0,5,0,0,0,0,0,0,0,0.0,0.0,0.0,0.0,0.0,tokyo,tokyo
2026-02-24T08:03:00.558315,12623.7103,12623.7103,0.0,0.0,0.0,0.0,5,0,0,0,0,0,0,0,0.0,0.0,0.0,0.0,0.0,tokyo_london_overlap,tokyo_london_overlap
2026-02-24T08:03:01.303358,12623.7103,12623.7103,0.0,0.0,0.0,0.0,5,0,0,0,0,0,0,0,0.0,0.0,0.0,0.0,0.0,tokyo_london_overlap,tokyo_london_overlap
2026-02-24T08:05:17.674318,12623.7103,12623.7103,0.0,0.0,0.0,0.0,5,0,0,0,0,0,0,0,0.0,0.0,0.0,0.0,0.0,tokyo_london_overlap,tokyo_london_overlap
2026-02-24T08:05:18.462300,12623.7103,12623.7103,0.0,0.0,0.0,0.0,5,0,0,0,0,0,0,0,0.0,0.0,0.0,0.0,0.0,tokyo_london_overlap,tokyo_london_overlap
2026-02-24T08:07:35.333966,12623.7103,12623.7103,0.0,0.0,0.0,0.0,5,0,0,0,0,0,0,0,0.0,0.0,0.0,0.0,0.0,tokyo_london_overlap,tokyo_london_overlap
2026-02-24T08:07:36.181514,12623.7103,12623.7103,0.0,0.0,0.0,0.0,5,0,0,0,0,0,0,0,0.0,0.0,0.0,0.0,0.0,tokyo_london_overlap,tokyo_london_overlap
2026-02-24T08:09:52.116307,12623.7103,12623.7103,0.0,0.0,0.0,0.0,5,0,0,0,0,0,0,0,0.0,0.0,0.0,0.0,0.0,tokyo_london_overlap,tokyo_london_overlap
2026-02-24T08:09:52.861203,12623.7103,12623.7103,0.0,0.0,0.0,0.0,5,0,0,0,0,0,0,0,0.0,0.0,0.0,0.0,0.0,tokyo_london_overlap,tokyo_london_overlap
2026-02-24T08:12:27.023337,12623.7103,12623.7103,0.0,0.0,0.0,0.0,5,0,0,0,0,0,0,0,0.0,0.0,0.0,0.0,0.0,tokyo_london_overlap,tokyo_london_overlap
2026-02-24T08:12:27.792340,12623.7103,12623.7103,0.0,0.0,0.0,0.0,5,0,0,0,0,0,0,0,0.0,0.0,0.0,0.0,0.0,tokyo_london_overlap,tokyo_london_overlap
2026-02-24T08:14:51.738931,12623.7103,12623.7103,0.0,0.0,0.0,0.0,5,0,0,0,0,0,0,0,0.0,0.0,0.0,0.0,0.0,tokyo_london_overlap,tokyo_london_overlap
2026-02-24T08:14:52.448317,12623.7103,12623.7103,0.0,0.0,0.0,0.0,5,0,0,0,0,0,0,0,0.0,0.0,0.0,0.0,0.0,tokyo_london_overlap,tokyo_london_overlap
2026-02-24T08:17:07.271366,12623.7103,12623.7103,0.0,0.0,0.0,0.0,5,0,0,0,0,0,0,0,0.0,0.0,0.0,0.0,0.0,tokyo_london_overlap,tokyo_london_overlap
2026-02-24T08:17:08.004344,12623.7103,12623.7103,0.0,0.0,0.0,0.0,5,0,0,0,0,0,0,0,0.0,0.0,0.0,0.0,0.0,tokyo_london_overlap,tokyo_london_overlap
2026-02-24T08:19:22.805381,12623.7103,12623.7103,0.0,0.0,0.0,0.0,5,0,0,0,0,0,0,0,0.0,0.0,0.0,0.0,0.0,tokyo_london_overlap,tokyo_london_overlap
2026-02-24T08:19:23.591314,12623.7103,12623.7103,0.0,0.0,0.0,0.0,5,0,0,0,0,0,0,0,0.0,0.0,0.0,0.0,0.0,tokyo_london_overlap,tokyo_london_overlap
2026-02-24T08:21:43.556320,12623.7103,12623.7103,0.0,0.0,0.0,0.0,5,0,0,0,0,0,0,0,0.0,0.0,0.0,0.0,0.0,tokyo_london_overlap,tokyo_london_overlap
2026-02-24T08:21:44.324170,12623.7103,12623.7103,0.0,0.0,0.0,0.0,5,0,0,0,0,0,0,0,0.0,0.0,0.0,0.0,0.0,tokyo_london_overlap,tokyo_london_overlap
2026-02-24T08:24:15.262161,12623.7103,12623.7103,0.0,0.0,0.0,0.0,5,0,0,0,0,0,0,0,0.0,0.0,0.0,0.0,0.0,tokyo_london_overlap,tokyo_london_overlap
2026-02-24T08:24:16.039945,12623.7103,12623.7103,0.0,0.0,0.0,0.0,5,0,0,0,0,0,0,0,0.0,0.0,0.0,0.0,0.0,tokyo_london_overlap,tokyo_london_overlap
2026-02-24T08:26:38.001518,12623.7103,12623.7103,0.0,0.0,0.0,0.0,5,0,0,0,0,0,0,0,0.0,0.0,0.0,0.0,0.0,tokyo_london_overlap,tokyo_london_overlap
2026-02-24T08:26:38.839336,12623.7103,12623.7103,0.0,0.0,0.0,0.0,5,0,0,0,0,0,0,0,0.0,0.0,0.0,0.0,0.0,tokyo_london_overlap,tokyo_london_overlap
2026-02-24T08:28:07.422743,12623.7103,12623.7103,0.0,0.0,0.0,0.0,5,0,0,0,0,0,0,0,0.0,0.0,0.0,0.0,0.0,tokyo_london_overlap,tokyo_london_overlap
2026-02-24T08:28:08.140959,12623.7103,12623.7103,0.0,0.0,0.0,0.0,5,0,0,0,0,0,0,0,0.0,0.0,0.0,0.0,0.0,tokyo_london_overlap,tokyo_london_overlap
2026-02-24T08:29:33.289483,12623.7103,12623.7103,0.0,0.0,0.0,0.0,5,0,0,0,0,0,0,0,0.0,0.0,0.0,0.0,0.0,tokyo_london_overlap,tokyo_london_overlap
2026-02-24T08:29:34.093342,12623.7103,12623.7103,0.0,0.0,0.0,0.0,5,0,0,0,0,0,0,0,0.0,0.0,0.0,0.0,0.0,tokyo_london_overlap,tokyo_london_overlap
2026-02-24T08:31:08.240871,12623.7103,12623.7103,0.0,0.0,0.0,0.0,5,0,0,0,0,0,0,0,0.0,0.0,0.0,0.0,0.0,tokyo_london_overlap,tokyo_london_overlap
2026-02-24T08:31:08.949727,12623.7103,12623.7103,0.0,0.0,0.0,0.0,5,0,0,0,0,0,0,0,0.0,0.0,0.0,0.0,0.0,tokyo_london_overlap,tokyo_london_overlap
2026-02-24T08:32:35.096323,12623.7103,12623.7103,0.0,0.0,0.0,0.0,5,0,0,0,0,0,0,0,0.0,0.0,0.0,0.0,0.0,tokyo_london_overlap,tokyo_london_overlap
2026-02-24T08:32:35.851405,12623.7103,12623.7103,0.0,0.0,0.0,0.0,5,0,0,0,0,0,0,0,0.0,0.0,0.0,0.0,0.0,tokyo_london_overlap,tokyo_london_overlap
2026-02-24T08:34:05.536340,12623.7103,12623.7103,0.0,0.0,0.0,0.0,5,0,0,0,0,0,0,0,0.0,0.0,0.0,0.0,0.0,tokyo_london_overlap,tokyo_london_overlap
2026-02-24T08:34:06.273116,12623.7103,12623.7103,0.0,0.0,0.0,0.0,5,0,0,0,0,0,0,0,0.0,0.0,0.0,0.0,0.0,tokyo_london_overlap,tokyo_london_overlap
2026-02-24T08:35:45.085748,12623.7103,12623.7103,0.0,0.0,0.0,0.0,5,0,0,0,0,0,0,0,0.0,0.0,0.0,0.0,0.0,tokyo_london_overlap,tokyo_london_overlap
2026-02-24T08:35:45.903767,12623.7103,12623.7103,0.0,0.0,0.0,0.0,5,0,0,0,0,0,0,0,0.0,0.0,0.0,0.0,0.0,tokyo_london_overlap,tokyo_london_overlap
2026-02-24T08:37:18.485969,12623.7103,12623.7103,0.0,0.0,0.0,0.0,5,0,0,0,0,0,0,0,0.0,0.0,0.0,0.0,0.0,tokyo_london_overlap,tokyo_london_overlap
2026-02-24T08:37:19.244636,12623.7103,12623.7103,0.0,0.0,0.0,0.0,5,0,0,0,0,0,0,0,0.0,0.0,0.0,0.0,0.0,tokyo_london_overlap,tokyo_london_overlap
2026-02-24T08:38:55.877743,12623.7103,12623.7103,0.0,0.0,0.0,0.0,5,0,0,0,0,0,0,0,0.0,0.0,0.0,0.0,0.0,tokyo_london_overlap,tokyo_london_overlap
2026-02-24T08:38:56.666652,12623.7103,12623.7103,0.0,0.0,0.0,0.0,5,0,0,0,0,0,0,0,0.0,0.0,0.0,0.0,0.0,tokyo_london_overlap,tokyo_london_overlap
2026-02-24T08:40:37.892773,12623.7103,12623.7103,0.0,0.0,0.0,0.0,5,0,0,0,0,0,0,0,0.0,0.0,0.0,0.0,0.0,tokyo_london_overlap,tokyo_london_overlap
2026-02-24T08:40:38.895183,12623.7103,12623.7103,0.0,0.0,0.0,0.0,5,0,0,0,0,0,0,0,0.0,0.0,0.0,0.0,0.0,tokyo_london_overlap,tokyo_london_overlap
2026-02-24T08:42:08.797352,12623.7103,12623.7103,0.0,0.0,0.0,0.0,5,0,0,0,0,0,0,0,0.0,0.0,0.0,0.0,0.0,tokyo_london_overlap,tokyo_london_overlap
2026-02-24T08:42:09.546327,12623.7103,12623.7103,0.0,0.0,0.0,0.0,5,0,0,0,0,0,0,0,0.0,0.0,0.0,0.0,0.0,tokyo_london_overlap,tokyo_london_overlap
2026-02-24T08:43:45.994495,12623.7103,12623.7103,0.0,0.0,0.0,0.0,5,0,0,0,0,0,0,0,0.0,0.0,0.0,0.0,0.0,tokyo_london_overlap,tokyo_london_overlap
2026-02-24T08:43:46.787375,12623.7103,12623.7103,0.0,0.0,0.0,0.0,5,0,0,0,0,0,0,0,0.0,0.0,0.0,0.0,0.0,tokyo_london_overlap,tokyo_london_overlap
2026-02-24T08:45:22.191410,12623.7103,12623.7103,0.0,0.0,0.0,0.0,5,0,0,0,0,0,0,0,0.0,0.0,0.0,0.0,0.0,,
2026-02-24T09:07:10.226326,12623.7103,12623.7103,0.0,0.0,0.0,0.0,5,0,0,0,0,0,0,0,0.0,0.0,0.0,0.0,0.0,,
2026-02-24T09:29:15.988278,12623.7103,12623.7103,0.0,0.0,0.0,0.0,5,0,0,0,0,0,0,0,0.0,0.0,0.0,0.0,0.0,,
2026-02-24T09:44:07.845774,12623.7103,12623.7103,0.0,0.0,0.0,0.0,5,0,0,0,0,0,0,0,0.0,0.0,0.0,0.0,0.0,,
2026-02-24T09:58:24.222307,12623.7103,12623.7103,0.0,0.0,0.0,0.0,5,0,0,0,0,0,0,0,0.0,0.0,0.0,0.0,0.0,,
2026-02-24T10:20:46.205227,12623.7103,12623.7103,0.0,0.0,0.0,0.0,5,0,0,0,0,0,0,0,0.0,0.0,0.0,0.0,0.0,,
2026-02-24T10:42:09.238808,12623.7103,12623.7103,0.0,0.0,0.0,0.0,5,0,0,0,0,0,0,0,0.0,0.0,0.0,0.0,0.0,london,london
2026-02-24T10:42:10.027279,12623.7103,12623.7103,0.0,0.0,0.0,0.0,5,0,0,0,0,0,0,0,0.0,0.0,0.0,0.0,0.0,london,london
2026-02-24T10:44:28.538300,12623.7103,12623.7103,0.0,0.0,0.0,0.0,5,0,0,0,0,0,0,0,0.0,0.0,0.0,0.0,0.0,,
2026-02-24T11:02:57.245320,12623.7103,12623.7103,0.0,0.0,0.0,0.0,5,0,0,0,0,0,0,0,0.0,0.0,0.0,0.0,0.0,,
2026-02-24T11:23:47.068329,12623.7103,12623.7103,0.0,0.0,0.0,0.0,5,0,0,0,0,0,0,0,0.0,0.0,0.0,0.0,0.0,london,london
2026-02-24T11:23:47.874084,12623.7103,12623.7103,0.0,0.0,0.0,0.0,5,0,0,0,0,0,0,0,0.0,0.0,0.0,0.0,0.0,london,london
2026-02-24T11:25:55.858325,12623.7103,12623.7103,0.0,0.0,0.0,0.0,5,0,0,0,0,0,0,0,0.0,0.0,0.0,0.0,0.0,,
2026-02-24T11:40:00.233332,12623.7103,12623.7103,0.0,0.0,0.0,0.0,5,0,0,0,0,0,0,0,0.0,0.0,0.0,0.0,0.0,,
2026-02-24T11:53:29.918850,12623.7103,12623.7103,0.0,0.0,0.0,0.0,5,0,0,0,0,0,0,0,0.0,0.0,0.0,0.0,0.0,,
2026-02-24T12:11:11.625331,12623.7103,12623.7103,0.0,0.0,0.0,0.0,5,0,0,0,0,0,0,0,0.0,0.0,0.0,0.0,0.0,london,london
2026-02-24T12:11:12.434306,12623.7103,12623.7103,0.0,0.0,0.0,0.0,5,0,0,0,0,0,0,0,0.0,0.0,0.0,0.0,0.0,london,london
2026-02-24T12:13:25.177578,12623.7103,12623.7103,0.0,0.0,0.0,0.0,5,0,0,0,0,0,0,0,0.0,0.0,0.0,0.0,0.0,london,london
2026-02-24T12:13:25.903447,12623.7103,12623.7103,0.0,0.0,0.0,0.0,5,0,0,0,0,0,0,0,0.0,0.0,0.0,0.0,0.0,london,london
2026-02-24T12:15:37.887158,12623.7103,12623.7103,0.0,0.0,0.0,0.0,5,0,0,0,0,0,0,0,0.0,0.0,0.0,0.0,0.0,london,london
2026-02-24T12:15:38.640661,12623.7103,12623.7103,0.0,0.0,0.0,0.0,5,0,0,0,0,0,0,0,0.0,0.0,0.0,0.0,0.0,london,london
2026-02-24T12:17:43.046839,12623.7103,12623.7103,0.0,0.0,0.0,0.0,5,0,0,0,0,0,0,0,0.0,0.0,0.0,0.0,0.0,london,london
2026-02-24T12:17:43.785804,12623.7103,12623.7103,0.0,0.0,0.0,0.0,5,0,0,0,0,0,0,0,0.0,0.0,0.0,0.0,0.0,london,london
2026-02-24T12:19:43.118279,12623.7103,12623.7103,0.0,0.0,0.0,0.0,5,0,0,0,0,0,0,0,0.0,0.0,0.0,0.0,0.0,london,london
2026-02-24T12:19:43.887307,12623.7103,12623.7103,0.0,0.0,0.0,0.0,5,0,0,0,0,0,0,0,0.0,0.0,0.0,0.0,0.0,london,london
2026-02-24T12:21:49.687895,12623.7103,12623.7103,0.0,0.0,0.0,0.0,5,0,0,0,0,0,0,0,0.0,0.0,0.0,0.0,0.0,london,london
2026-02-24T12:21:50.428913,12623.7103,12623.7103,0.0,0.0,0.0,0.0,5,0,0,0,0,0,0,0,0.0,0.0,0.0,0.0,0.0,london,london
2026-02-24T12:23:55.250279,12623.7103,12623.7103,0.0,0.0,0.0,0.0,5,0,0,0,0,0,0,0,0.0,0.0,0.0,0.0,0.0,london,london
2026-02-24T12:23:56.019712,12623.7103,12623.7103,0.0,0.0,0.0,0.0,5,0,0,0,0,0,0,0,0.0,0.0,0.0,0.0,0.0,london,london
2026-02-24T12:26:02.267219,12623.7103,12623.7103,0.0,0.0,0.0,0.0,5,0,0,0,0,0,0,0,0.0,0.0,0.0,0.0,0.0,london,london
2026-02-24T12:26:03.117667,12623.7103,12623.7103,0.0,0.0,0.0,0.0,5,0,0,0,0,0,0,0,0.0,0.0,0.0,0.0,0.0,london,london
2026-02-24T12:27:27.223474,12623.7103,12623.7103,0.0,0.0,0.0,0.0,5,0,0,0,0,0,0,0,0.0,0.0,0.0,0.0,0.0,london,london
2026-02-24T12:27:27.953241,12623.7103,12623.7103,0.0,0.0,0.0,0.0,5,0,0,0,0,0,0,0,0.0,0.0,0.0,0.0,0.0,london,london
2026-02-24T12:28:47.094152,12623.7103,12623.7103,0.0,0.0,0.0,0.0,5,0,0,0,0,0,0,0,0.0,0.0,0.0,0.0,0.0,london,london
2026-02-24T12:28:47.812198,12623.7103,12623.7103,0.0,0.0,0.0,0.0,5,0,0,0,0,0,0,0,0.0,0.0,0.0,0.0,0.0,london,london
2026-02-24T12:30:12.613497,12623.7103,12623.7103,0.0,0.0,0.0,0.0,5,0,0,0,0,0,0,0,0.0,0.0,0.0,0.0,0.0,london,london
2026-02-24T12:30:13.425514,12623.7103,12623.7103,0.0,0.0,0.0,0.0,5,0,0,0,0,0,0,0,0.0,0.0,0.0,0.0,0.0,london,london
2026-02-24T12:31:33.852265,12623.7103,12623.7103,0.0,0.0,0.0,0.0,5,0,0,0,0,0,0,0,0.0,0.0,0.0,0.0,0.0,london,london
2026-02-24T12:31:34.569849,12623.7103,12623.7103,0.0,0.0,0.0,0.0,5,0,0,0,0,0,0,0,0.0,0.0,0.0,0.0,0.0,london,london
2026-02-24T12:33:02.869295,12623.7103,12623.7103,0.0,0.0,0.0,0.0,5,0,0,0,0,0,0,0,0.0,0.0,0.0,0.0,0.0,london,london
2026-02-24T12:33:03.647955,12623.7103,12623.7103,0.0,0.0,0.0,0.0,5,0,0,0,0,0,0,0,0.0,0.0,0.0,0.0,0.0,london,london
2026-02-24T12:34:35.361247,12623.7103,12623.7103,0.0,0.0,0.0,0.0,5,0,0,0,0,0,0,0,0.0,0.0,0.0,0.0,0.0,london,london
2026-02-24T12:34:36.080336,12623.7103,12623.7103,0.0,0.0,0.0,0.0,5,0,0,0,0,0,0,0,0.0,0.0,0.0,0.0,0.0,london,london
2026-02-24T12:36:01.762662,12623.7103,12623.7103,0.0,0.0,0.0,0.0,5,0,0,0,0,0,0,0,0.0,0.0,0.0,0.0,0.0,london,london
2026-02-24T12:36:02.534336,12623.7103,12623.7103,0.0,0.0,0.0,0.0,5,0,0,0,0,0,0,0,0.0,0.0,0.0,0.0,0.0,london,london
2026-02-24T12:37:28.912962,12623.7103,12623.7103,0.0,0.0,0.0,0.0,5,0,0,0,0,0,0,0,0.0,0.0,0.0,0.0,0.0,london,london
2026-02-24T12:37:29.631179,12623.7103,12623.7103,0.0,0.0,0.0,0.0,5,0,0,0,0,0,0,0,0.0,0.0,0.0,0.0,0.0,london,london
2026-02-24T12:39:03.225681,12623.7103,12623.7103,0.0,0.0,0.0,0.0,5,0,0,0,0,0,0,0,0.0,0.0,0.0,0.0,0.0,london,london
2026-02-24T12:39:03.988311,12623.7103,12623.7103,0.0,0.0,0.0,0.0,5,0,0,0,0,0,0,0,0.0,0.0,0.0,0.0,0.0,london,london
2026-02-24T12:40:30.891331,12623.7103,12623.7103,0.0,0.0,0.0,0.0,5,0,0,0,0,0,0,0,0.0,0.0,0.0,0.0,0.0,london,london
2026-02-24T12:40:31.619719,12623.7103,12623.7103,0.0,0.0,0.0,0.0,5,0,0,0,0,0,0,0,0.0,0.0,0.0,0.0,0.0,london,london
2026-02-24T12:41:55.450137,12623.7103,12623.7103,0.0,0.0,0.0,0.0,5,0,0,0,0,0,0,0,0.0,0.0,0.0,0.0,0.0,london,london
2026-02-24T12:41:56.201412,12623.7103,12623.7103,0.0,0.0,0.0,0.0,5,0,0,0,0,0,0,0,0.0,0.0,0.0,0.0,0.0,london,london
2026-02-24T12:43:24.186494,12623.7103,12623.7103,0.0,0.0,0.0,0.0,5,0,0,0,0,0,0,0,0.0,0.0,0.0,0.0,0.0,london,london
2026-02-24T12:43:24.981564,12623.7103,12623.7103,0.0,0.0,0.0,0.0,5,0,0,0,0,0,0,0,0.0,0.0,0.0,0.0,0.0,london,london
2026-02-24T12:44:51.474146,12623.7103,12623.7103,0.0,0.0,0.0,0.0,5,0,0,0,0,0,0,0,0.0,0.0,0.0,0.0,0.0,london,london
2026-02-24T12:44:52.192319,12623.7103,12623.7103,0.0,0.0,0.0,0.0,5,0,0,0,0,0,0,0,0.0,0.0,0.0,0.0,0.0,london,london
2026-02-24T12:46:10.667081,12623.7103,12623.7103,0.0,0.0,0.0,0.0,5,0,0,0,0,0,0,0,0.0,0.0,0.0,0.0,0.0,,
2026-02-24T12:59:36.046927,12623.7103,12623.7103,0.0,0.0,0.0,0.0,5,0,0,0,0,0,0,0,0.0,0.0,0.0,0.0,0.0,,
2026-02-24T13:18:53.760322,12623.7103,12623.7103,0.0,0.0,0.0,0.0,5,0,0,0,0,0,0,0,0.0,0.0,0.0,0.0,0.0,,
2026-02-24T13:34:21.427448,12623.7103,12623.7103,0.0,0.0,0.0,0.0,5,0,0,0,0,0,0,0,0.0,0.0,0.0,0.0,0.0,london_ny_overlap,london_ny_overlap
2026-02-24T13:34:22.154469,12623.7103,12623.7103,0.0,0.0,0.0,0.0,5,0,0,0,0,0,0,0,0.0,0.0,0.0,0.0,0.0,london_ny_overlap,london_ny_overlap
2026-02-24T13:35:45.246223,12623.7103,12623.7103,0.0,0.0,0.0,0.0,5,0,0,0,0,0,0,0,0.0,0.0,0.0,0.0,0.0,london_ny_overlap,london_ny_overlap
2026-02-24T13:35:46.028018,12623.7103,12623.7103,0.0,0.0,0.0,0.0,5,0,0,0,0,0,0,0,0.0,0.0,0.0,0.0,0.0,london_ny_overlap,london_ny_overlap
2026-02-24T13:37:08.349318,12623.7103,12623.7103,0.0,0.0,0.0,0.0,5,0,0,0,0,0,0,0,0.0,0.0,0.0,0.0,0.0,london_ny_overlap,london_ny_overlap
2026-02-24T13:37:09.128274,12623.7103,12623.7103,0.0,0.0,0.0,0.0,5,0,0,0,0,0,0,0,0.0,0.0,0.0,0.0,0.0,london_ny_overlap,london_ny_overlap
2026-02-24T13:38:41.530293,12623.7103,12623.7103,0.0,0.0,0.0,0.0,5,0,0,0,0,0,0,0,0.0,0.0,0.0,0.0,0.0,london_ny_overlap,london_ny_overlap
2026-02-24T13:38:42.248232,12623.7103,12623.7103,0.0,0.0,0.0,0.0,5,0,0,0,0,0,0,0,0.0,0.0,0.0,0.0,0.0,london_ny_overlap,london_ny_overlap
2026-02-24T13:40:04.200116,12623.7103,12623.7103,0.0,0.0,0.0,0.0,5,0,0,0,0,0,0,0,0.0,0.0,0.0,0.0,0.0,london_ny_overlap,london_ny_overlap
2026-02-24T13:40:04.993330,12623.7103,12623.7103,0.0,0.0,0.0,0.0,5,0,0,0,0,0,0,0,0.0,0.0,0.0,0.0,0.0,london_ny_overlap,london_ny_overlap
2026-02-24T13:41:31.895558,12623.7103,12623.7103,0.0,0.0,0.0,0.0,5,0,0,0,0,0,0,0,0.0,0.0,0.0,0.0,0.0,london_ny_overlap,london_ny_overlap
2026-02-24T13:41:32.642870,12623.7103,12623.7103,0.0,0.0,0.0,0.0,5,0,0,0,0,0,0,0,0.0,0.0,0.0,0.0,0.0,london_ny_overlap,london_ny_overlap
2026-02-24T13:43:04.942451,12623.7103,12623.7103,0.0,0.0,0.0,0.0,5,0,0,0,0,0,0,0,0.0,0.0,0.0,0.0,0.0,london_ny_overlap,london_ny_overlap
2026-02-24T13:43:05.670290,12623.7103,12623.7103,0.0,0.0,0.0,0.0,5,0,0,0,0,0,0,0,0.0,0.0,0.0,0.0,0.0,london_ny_overlap,london_ny_overlap
2026-02-24T13:44:33.882445,12623.7103,12623.7103,0.0,0.0,0.0,0.0,5,0,0,0,0,0,0,0,0.0,0.0,0.0,0.0,0.0,london_ny_overlap,london_ny_overlap
2026-02-24T13:44:34.614337,12623.7103,12623.7103,0.0,0.0,0.0,0.0,5,0,0,0,0,0,0,0,0.0,0.0,0.0,0.0,0.0,london_ny_overlap,london_ny_overlap
2026-02-24T13:45:59.398275,12623.7103,12623.7103,0.0,0.0,0.0,0.0,5,0,0,0,0,0,0,0,0.0,0.0,0.0,0.0,0.0,london_ny_overlap,london_ny_overlap
2026-02-24T13:46:00.138990,12623.7103,12623.7103,0.0,0.0,0.0,0.0,5,0,0,0,0,0,0,0,0.0,0.0,0.0,0.0,0.0,london_ny_overlap,london_ny_overlap
2026-02-24T13:47:28.484256,12623.7103,12623.7103,0.0,0.0,0.0,0.0,5,0,0,0,0,0,0,0,0.0,0.0,0.0,0.0,0.0,london_ny_overlap,london_ny_overlap
2026-02-24T13:47:29.222125,12623.7103,12623.7103,0.0,0.0,0.0,0.0,5,0,0,0,0,0,0,0,0.0,0.0,0.0,0.0,0.0,london_ny_overlap,london_ny_overlap
2026-02-24T13:48:59.218322,12623.7103,12623.7103,0.0,0.0,0.0,0.0,5,0,0,0,0,0,0,0,0.0,0.0,0.0,0.0,0.0,london_ny_overlap,london_ny_overlap
2026-02-24T13:49:00.046914,12623.7103,12623.7103,0.0,0.0,0.0,0.0,5,0,0,0,0,0,0,0,0.0,0.0,0.0,0.0,0.0,london_ny_overlap,london_ny_overlap
2026-02-24T13:50:26.929971,12623.7103,12623.7103,0.0,0.0,0.0,0.0,5,0,0,0,0,0,0,0,0.0,0.0,0.0,0.0,0.0,london_ny_overlap,london_ny_overlap
2026-02-24T13:50:27.729356,12623.7103,12623.7103,0.0,0.0,0.0,0.0,5,0,0,0,0,0,0,0,0.0,0.0,0.0,0.0,0.0,london_ny_overlap,london_ny_overlap
2026-02-24T13:51:53.360001,12623.7103,12623.7103,0.0,0.0,0.0,0.0,5,0,0,0,0,0,0,0,0.0,0.0,0.0,0.0,0.0,london_ny_overlap,london_ny_overlap
2026-02-24T13:51:54.091292,12623.7103,12623.7103,0.0,0.0,0.0,0.0,5,0,0,0,0,0,0,0,0.0,0.0,0.0,0.0,0.0,london_ny_overlap,london_ny_overlap
2026-02-24T13:53:23.490346,12623.7103,12623.7103,0.0,0.0,0.0,0.0,5,0,0,0,0,0,0,0,0.0,0.0,0.0,0.0,0.0,london_ny_overlap,london_ny_overlap
2026-02-24T13:53:24.244565,12623.7103,12623.7103,0.0,0.0,0.0,0.0,5,0,0,0,0,0,0,0,0.0,0.0,0.0,0.0,0.0,london_ny_overlap,london_ny_overlap
2026-02-24T13:54:56.522031,12623.7103,12623.7103,0.0,0.0,0.0,0.0,5,0,0,0,0,0,0,0,0.0,0.0,0.0,0.0,0.0,london_ny_overlap,london_ny_overlap
2026-02-24T13:54:57.240653,12623.7103,12623.7103,0.0,0.0,0.0,0.0,5,0,0,0,0,0,0,0,0.0,0.0,0.0,0.0,0.0,london_ny_overlap,london_ny_overlap
2026-02-24T13:56:20.746292,12623.7103,12623.7103,0.0,0.0,0.0,0.0,5,0,0,0,0,0,0,0,0.0,0.0,0.0,0.0,0.0,london_ny_overlap,london_ny_overlap
2026-02-24T13:56:21.498241,12623.7103,12623.7103,0.0,0.0,0.0,0.0,5,0,0,0,0,0,0,0,0.0,0.0,0.0,0.0,0.0,london_ny_overlap,london_ny_overlap
2026-02-24T13:57:44.340655,12623.7103,12623.7103,0.0,0.0,0.0,0.0,5,0,0,0,0,0,0,0,0.0,0.0,0.0,0.0,0.0,london_ny_overlap,london_ny_overlap
2026-02-24T13:57:45.080392,12623.7103,12623.7103,0.0,0.0,0.0,0.0,5,0,0,0,0,0,0,0,0.0,0.0,0.0,0.0,0.0,london_ny_overlap,london_ny_overlap
2026-02-24T13:59:13.624736,12623.7103,12623.7103,0.0,0.0,0.0,0.0,5,0,0,0,0,0,0,0,0.0,0.0,0.0,0.0,0.0,london_ny_overlap,london_ny_overlap
2026-02-24T13:59:14.513798,12623.7103,12623.7103,0.0,0.0,0.0,0.0,5,0,0,0,0,0,0,0,0.0,0.0,0.0,0.0,0.0,london_ny_overlap,london_ny_overlap
2026-02-24T14:01:21.205280,12623.7103,12623.7103,0.0,0.0,0.0,0.0,5,0,0,0,0,0,0,0,0.0,0.0,0.0,0.0,0.0,london_ny_overlap,london_ny_overlap
2026-02-24T14:01:21.959904,12623.7103,12623.7103,0.0,0.0,0.0,0.0,5,0,0,0,0,0,0,0,0.0,0.0,0.0,0.0,0.0,london_ny_overlap,london_ny_overlap
2026-02-24T14:03:32.132294,12623.7103,12623.7103,0.0,0.0,0.0,0.0,5,0,0,0,0,0,0,0,0.0,0.0,0.0,0.0,0.0,london_ny_overlap,london_ny_overlap
2026-02-24T14:03:32.932669,12623.7103,12623.7103,0.0,0.0,0.0,0.0,5,0,0,0,0,0,0,0,0.0,0.0,0.0,0.0,0.0,london_ny_overlap,london_ny_overlap
2026-02-24T14:05:46.020807,12623.7103,12623.7103,0.0,0.0,0.0,0.0,5,0,0,0,0,0,0,0,0.0,0.0,0.0,0.0,0.0,london_ny_overlap,london_ny_overlap
2026-02-24T14:05:46.882524,12623.7103,12623.7103,0.0,0.0,0.0,0.0,5,0,0,0,0,0,0,0,0.0,0.0,0.0,0.0,0.0,london_ny_overlap,london_ny_overlap
2026-02-24T14:07:58.124285,12623.7103,12623.7103,0.0,0.0,0.0,0.0,5,0,0,0,0,0,0,0,0.0,0.0,0.0,0.0,0.0,london_ny_overlap,london_ny_overlap
2026-02-24T14:07:58.939283,12623.7103,12623.7103,0.0,0.0,0.0,0.0,5,0,0,0,0,0,0,0,0.0,0.0,0.0,0.0,0.0,london_ny_overlap,london_ny_overlap
2026-02-24T14:10:03.023476,12623.7103,12623.7103,0.0,0.0,0.0,0.0,5,0,0,0,0,0,0,0,0.0,0.0,0.0,0.0,0.0,london_ny_overlap,london_ny_overlap
2026-02-24T14:10:03.863353,12623.7103,12623.7103,0.0,0.0,0.0,0.0,5,0,0,0,0,0,0,0,0.0,0.0,0.0,0.0,0.0,london_ny_overlap,london_ny_overlap
2026-02-24T14:12:10.791331,12623.7103,12623.7103,0.0,0.0,0.0,0.0,5,0,0,0,0,0,0,0,0.0,0.0,0.0,0.0,0.0,london_ny_overlap,london_ny_overlap
2026-02-24T14:12:11.573327,12623.7103,12623.7103,0.0,0.0,0.0,0.0,5,0,0,0,0,0,0,0,0.0,0.0,0.0,0.0,0.0,london_ny_overlap,london_ny_overlap
2026-02-24T14:14:23.720291,12623.7103,12623.7103,0.0,0.0,0.0,0.0,5,0,0,0,0,0,0,0,0.0,0.0,0.0,0.0,0.0,london_ny_overlap,london_ny_overlap
2026-02-24T14:14:24.499831,12623.7103,12623.7103,0.0,0.0,0.0,0.0,5,0,0,0,0,0,0,0,0.0,0.0,0.0,0.0,0.0,london_ny_overlap,london_ny_overlap
2026-02-24T14:16:38.759336,12623.7103,12623.7103,0.0,0.0,0.0,0.0,5,0,0,0,0,0,0,0,0.0,0.0,0.0,0.0,0.0,london_ny_overlap,london_ny_overlap
2026-02-24T14:16:39.523341,12623.7103,12623.7103,0.0,0.0,0.0,0.0,5,0,0,0,0,0,0,0,0.0,0.0,0.0,0.0,0.0,london_ny_overlap,london_ny_overlap
2026-02-24T14:18:57.760293,12623.7103,12623.7103,0.0,0.0,0.0,0.0,5,0,0,0,0,0,0,0,0.0,0.0,0.0,0.0,0.0,london_ny_overlap,london_ny_overlap
2026-02-24T14:18:58.527324,12623.7103,12623.7103,0.0,0.0,0.0,0.0,5,0,0,0,0,0,0,0,0.0,0.0,0.0,0.0,0.0,london_ny_overlap,london_ny_overlap
2026-02-24T14:21:11.153360,12623.7103,12623.7103,0.0,0.0,0.0,0.0,5,0,0,0,0,0,0,0,0.0,0.0,0.0,0.0,0.0,london_ny_overlap,london_ny_overlap
2026-02-24T14:21:11.908322,12623.7103,12623.7103,0.0,0.0,0.0,0.0,5,0,0,0,0,0,0,0,0.0,0.0,0.0,0.0,0.0,london_ny_overlap,london_ny_overlap
2026-02-24T14:23:28.311462,12623.7103,12623.7103,0.0,0.0,0.0,0.0,5,0,0,0,0,0,0,0,0.0,0.0,0.0,0.0,0.0,london_ny_overlap,london_ny_overlap
2026-02-24T14:23:29.162579,12623.7103,12623.7103,0.0,0.0,0.0,0.0,5,0,0,0,0,0,0,0,0.0,0.0,0.0,0.0,0.0,london_ny_overlap,london_ny_overlap
2026-02-24T14:25:45.741309,12623.7103,12623.7103,0.0,0.0,0.0,0.0,5,0,0,0,0,0,0,0,0.0,0.0,0.0,0.0,0.0,london_ny_overlap,london_ny_overlap
2026-02-24T14:25:46.541388,12623.7103,12623.7103,0.0,0.0,0.0,0.0,5,0,0,0,0,0,0,0,0.0,0.0,0.0,0.0,0.0,london_ny_overlap,london_ny_overlap
2026-02-24T14:27:57.468301,12623.7103,12623.7103,0.0,0.0,0.0,0.0,5,0,0,0,0,0,0,0,0.0,0.0,0.0,0.0,0.0,london_ny_overlap,london_ny_overlap
2026-02-24T14:27:58.267324,12623.7103,12623.7103,0.0,0.0,0.0,0.0,5,0,0,0,0,0,0,0,0.0,0.0,0.0,0.0,0.0,london_ny_overlap,london_ny_overlap
2026-02-24T14:30:10.192478,12623.7103,12623.7103,0.0,0.0,0.0,0.0,5,0,0,0,0,0,0,0,0.0,0.0,0.0,0.0,0.0,london_ny_overlap,london_ny_overlap
2026-02-24T14:30:11.031415,12623.7103,12623.7103,0.0,0.0,0.0,0.0,5,0,0,0,0,0,0,0,0.0,0.0,0.0,0.0,0.0,london_ny_overlap,london_ny_overlap
2026-02-24T14:32:24.259837,12623.7103,12623.7103,0.0,0.0,0.0,0.0,5,0,0,0,0,0,0,0,0.0,0.0,0.0,0.0,0.0,london_ny_overlap,london_ny_overlap
2026-02-24T14:32:25.058440,12623.7103,12623.7103,0.0,0.0,0.0,0.0,5,0,0,0,0,0,0,0,0.0,0.0,0.0,0.0,0.0,london_ny_overlap,london_ny_overlap
2026-02-24T14:34:54.305605,12623.7103,12623.7103,0.0,0.0,0.0,0.0,5,0,0,0,0,0,0,0,0.0,0.0,0.0,0.0,0.0,london_ny_overlap,london_ny_overlap
2026-02-24T14:34:55.095357,12623.7103,12623.7103,0.0,0.0,0.0,0.0,5,0,0,0,0,0,0,0,0.0,0.0,0.0,0.0,0.0,london_ny_overlap,london_ny_overlap
2026-02-24T14:37:15.711299,12623.7103,12623.7103,0.0,0.0,0.0,0.0,5,0,0,0,0,0,0,0,0.0,0.0,0.0,0.0,0.0,,
2026-02-24T14:58:13.077448,12623.7103,12623.7103,0.0,0.0,0.0,0.0,5,0,0,0,0,0,0,0,0.0,0.0,0.0,0.0,0.0,london_ny_overlap,london_ny_overlap
2026-02-24T14:58:13.817081,12623.7103,12623.7103,0.0,0.0,0.0,0.0,5,0,0,0,0,0,0,0,0.0,0.0,0.0,0.0,0.0,london_ny_overlap,london_ny_overlap
2026-02-24T14:59:53.728701,12623.7103,12623.7103,0.0,0.0,0.0,0.0,5,0,0,0,0,0,0,0,0.0,0.0,0.0,0.0,0.0,,
2026-02-24T15:24:13.652673,12623.7103,12623.7103,0.0,0.0,0.0,0.0,5,0,0,0,0,0,0,0,0.0,0.0,0.0,0.0,0.0,,
2026-02-24T15:40:14.755010,12623.7103,12623.7103,0.0,0.0,0.0,0.0,5,0,0,0,0,0,0,0,0.0,0.0,0.0,0.0,0.0,,
2026-02-24T15:55:28.748734,12623.7103,12623.7103,0.0,0.0,0.0,0.0,5,0,0,0,0,0,0,0,0.0,0.0,0.0,0.0,0.0,,
2026-02-24T16:17:30.128354,12623.7103,12623.7103,0.0,0.0,0.0,0.0,5,0,0,0,0,0,0,0,0.0,0.0,0.0,0.0,0.0,,
2026-02-24T16:37:34.297275,12623.7103,12623.7103,0.0,0.0,0.0,0.0,5,0,0,0,0,0,0,0,0.0,0.0,0.0,0.0,0.0,,
2026-02-24T16:53:10.211392,12623.7103,12623.7103,0.0,0.0,0.0,0.0,5,0,0,0,0,0,0,0,0.0,0.0,0.0,0.0,0.0,,
2026-02-24T17:14:56.867333,12623.7103,12623.7103,0.0,0.0,0.0,0.0,5,0,0,0,0,0,0,0,0.0,0.0,0.0,0.0,0.0,,
2026-02-24T17:35:44.159297,12623.7103,12623.7103,0.0,0.0,0.0,0.0,5,0,0,0,0,0,0,0,0.0,0.0,0.0,0.0,0.0,,
2026-02-24T17:54:44.623290,12623.7103,12623.7103,0.0,0.0,0.0,0.0,5,0,0,0,0,0,0,0,0.0,0.0,0.0,0.0,0.0,,
2026-02-24T18:18:00.465327,12623.7103,12623.7103,0.0,0.0,0.0,0.0,5,0,0,0,0,0,0,0,0.0,0.0,0.0,0.0,0.0,,
2026-02-24T18:41:56.249347,12623.7103,12623.7103,0.0,0.0,0.0,0.0,5,0,0,0,0,0,0,0,0.0,0.0,0.0,0.0,0.0,,
2026-02-24T19:01:25.125969,12623.7103,12623.7103,0.0,0.0,0.0,0.0,5,0,0,0,0,0,0,0,0.0,0.0,0.0,0.0,0.0,,
2026-02-24T19:24:43.061825,12623.7103,12623.7103,0.0,0.0,0.0,0.0,5,0,0,0,0,0,0,0,0.0,0.0,0.0,0.0,0.0,ny,ny
2026-02-24T19:24:43.775291,12623.7103,12623.7103,0.0,0.0,0.0,0.0,5,0,0,0,0,0,0,0,0.0,0.0,0.0,0.0,0.0,ny,ny
2026-02-24T19:26:06.589924,12623.7103,12623.7103,0.0,0.0,0.0,0.0,5,0,0,0,0,0,0,0,0.0,0.0,0.0,0.0,0.0,ny,ny
2026-02-24T19:26:07.301714,12623.7103,12623.7103,0.0,0.0,0.0,0.0,5,0,0,0,0,0,0,0,0.0,0.0,0.0,0.0,0.0,ny,ny
2026-02-24T19:27:22.775321,12623.7103,12623.7103,0.0,0.0,0.0,0.0,5,0,0,0,0,0,0,0,0.0,0.0,0.0,0.0,0.0,,
2026-02-24T19:44:36.137180,12623.7103,12623.7103,0.0,0.0,0.0,0.0,5,0,0,0,0,0,0,0,0.0,0.0,0.0,0.0,0.0,ny,ny
2026-02-24T19:44:36.847287,12623.7103,12623.7103,0.0,0.0,0.0,0.0,5,0,0,0,0,0,0,0,0.0,0.0,0.0,0.0,0.0,ny,ny
2026-02-24T19:45:43.887310,12623.7103,12623.7103,0.0,0.0,0.0,0.0,5,0,0,0,0,0,0,0,0.0,0.0,0.0,0.0,0.0,,
2026-02-24T20:05:31.535220,12623.7103,12623.7103,0.0,0.0,0.0,0.0,5,0,0,0,0,0,0,0,0.0,0.0,0.0,0.0,0.0,,
2026-02-24T20:26:58.612364,12623.7103,12623.7103,0.0,0.0,0.0,0.0,5,0,0,0,0,0,0,0,0.0,0.0,0.0,0.0,0.0,,
2026-02-24T20:43:55.365155,12623.7103,12623.7103,0.0,0.0,0.0,0.0,5,0,0,0,0,0,0,0,0.0,0.0,0.0,0.0,0.0,,
2026-02-24T21:01:17.612380,12623.7103,12623.7103,0.0,0.0,0.0,0.0,5,0,0,0,0,0,0,0,0.0,0.0,0.0,0.0,0.0,,
2026-02-24T21:24:40.273281,12623.7103,12623.7103,0.0,0.0,0.0,0.0,5,0,0,0,0,0,0,0,0.0,0.0,0.0,0.0,0.0,,
2026-02-24T21:42:16.604329,12623.7103,12623.7103,0.0,0.0,0.0,0.0,5,0,0,0,0,0,0,0,0.0,0.0,0.0,0.0,0.0,,
2026-02-24T21:59:59.409419,12623.7103,12623.7103,0.0,0.0,0.0,0.0,5,0,0,0,0,0,0,0,0.0,0.0,0.0,0.0,0.0,,
2026-02-24T22:55:29.994314,12621.433,12621.433,0.0,0.0,-2.277299999999741,-0.01803986265432391,5,0,0,0,0,0,0,0,0.0,0.0001803986265432391,0.0001803986265432391,0.0,0.0,,
2026-02-24T23:53:52.752249,12621.433,12621.433,0.0,0.0,-2.277299999999741,-0.01803986265432391,5,0,0,0,0,0,0,0,0.0,0.0001803986265432391,0.0001803986265432391,0.0,0.0,,
2026-02-25T00:24:52.936352,12621.433,12621.433,0.0,0.0,-2.277299999999741,-0.01803986265432391,5,0,0,0,0,0,0,0,0.0,0.0001803986265432391,0.0001803986265432391,0.0,0.0,,
2026-02-25T00:43:31.364218,12621.433,12621.433,0.0,0.0,-2.277299999999741,-0.01803986265432391,5,0,0,0,0,0,0,0,0.0,0.0001803986265432391,0.0001803986265432391,0.0,0.0,,
2026-02-25T01:02:41.548507,12621.433,12621.433,0.0,0.0,-2.277299999999741,-0.01803986265432391,5,0,0,0,0,0,0,0,0.0,0.0001803986265432391,0.0001803986265432391,0.0,0.0,,
2026-02-25T01:26:31.038284,12621.433,12621.433,0.0,0.0,-2.277299999999741,-0.01803986265432391,5,0,0,0,0,0,0,0,0.0,0.0001803986265432391,0.0001803986265432391,0.0,0.0,,
2026-02-25T01:45:03.666291,12621.433,12621.433,0.0,0.0,-2.277299999999741,-0.01803986265432391,5,0,0,0,0,0,0,0,0.0,0.0001803986265432391,0.0001803986265432391,0.0,0.0,,
2026-02-25T02:05:47.573517,12621.433,12621.433,0.0,0.0,-2.277299999999741,-0.01803986265432391,5,0,0,0,0,0,0,0,0.0,0.0001803986265432391,0.0001803986265432391,0.0,0.0,,
2026-02-25T02:30:57.765289,12621.433,12621.433,0.0,0.0,-2.277299999999741,-0.01803986265432391,5,0,0,0,0,0,0,0,0.0,0.0001803986265432391,0.0001803986265432391,0.0,0.0,,
2026-02-25T02:53:27.210905,12621.433,12621.433,0.0,0.0,-2.277299999999741,-0.01803986265432391,5,0,0,0,0,0,0,0,0.0,0.0001803986265432391,0.0001803986265432391,0.0,0.0,,
2026-02-25T03:17:26.279281,12621.433,12621.433,0.0,0.0,-2.277299999999741,-0.01803986265432391,5,0,0,0,0,0,0,0,0.0,0.0001803986265432391,0.0001803986265432391,0.0,0.0,,
2026-02-25T03:37:25.354393,12621.433,12621.433,0.0,0.0,-2.277299999999741,-0.01803986265432391,5,0,0,0,0,0,0,0,0.0,0.0001803986265432391,0.0001803986265432391,0.0,0.0,,
2026-02-25T03:56:24.333501,12621.433,12621.433,0.0,0.0,-2.277299999999741,-0.01803986265432391,5,0,0,0,0,0,0,0,0.0,0.0001803986265432391,0.0001803986265432391,0.0,0.0,,
2026-02-25T04:21:03.601334,12621.433,12621.433,0.0,0.0,-2.277299999999741,-0.01803986265432391,5,0,0,0,0,0,0,0,0.0,0.0001803986265432391,0.0001803986265432391,0.0,0.0,,
2026-02-25T04:40:23.898230,12621.433,12621.433,0.0,0.0,-2.277299999999741,-0.01803986265432391,5,0,0,0,0,0,0,0,0.0,0.0001803986265432391,0.0001803986265432391,0.0,0.0,,
2026-02-25T04:59:44.865430,12621.433,12621.433,0.0,0.0,-2.277299999999741,-0.01803986265432391,5,0,0,0,0,0,0,0,0.0,0.0001803986265432391,0.0001803986265432391,0.0,0.0,,
2026-02-25T05:24:43.124009,12621.433,12621.433,0.0,0.0,-2.277299999999741,-0.01803986265432391,5,0,0,0,0,0,0,0,0.0,0.0001803986265432391,0.0001803986265432391,0.0,0.0,,
2026-02-25T05:42:55.147320,12621.433,12621.433,0.0,0.0,-2.277299999999741,-0.01803986265432391,5,0,0,0,0,0,0,0,0.0,0.0001803986265432391,0.0001803986265432391,0.0,0.0,,
2026-02-25T06:02:10.865779,12621.433,12621.433,0.0,0.0,-2.277299999999741,-0.01803986265432391,5,0,0,0,0,0,0,0,0.0,0.0001803986265432391,0.0001803986265432391,0.0,0.0,,
2026-02-25T06:28:11.652323,12621.433,12621.433,0.0,0.0,-2.277299999999741,-0.01803986265432391,5,0,0,0,0,0,0,0,0.0,0.0001803986265432391,0.0001803986265432391,0.0,0.0,,
2026-02-25T06:51:32.450713,12621.433,12621.433,0.0,0.0,-2.277299999999741,-0.01803986265432391,5,0,0,0,0,0,0,0,0.0,0.0001803986265432391,0.0001803986265432391,0.0,0.0,,
2026-02-25T07:13:59.888328,12621.433,12621.433,0.0,0.0,-2.277299999999741,-0.01803986265432391,5,0,0,0,0,0,0,0,0.0,0.0001803986265432391,0.0001803986265432391,0.0,0.0,,
2026-02-25T07:35:01.699384,12621.433,12621.433,0.0,0.0,-2.277299999999741,-0.01803986265432391,5,0,0,0,0,0,0,0,0.0,0.0001803986265432391,0.0001803986265432391,0.0,0.0,,
2026-02-25T07:53:13.116385,12621.433,12621.433,0.0,0.0,-2.277299999999741,-0.01803986265432391,5,0,0,0,0,0,0,0,0.0,0.0001803986265432391,0.0001803986265432391,0.0,0.0,,
2026-02-25T08:16:28.605291,12621.433,12621.433,0.0,0.0,-2.277299999999741,-0.01803986265432391,5,0,0,0,0,0,0,0,0.0,0.0001803986265432391,0.0001803986265432391,0.0,0.0,tokyo_london_overlap,tokyo_london_overlap
2026-02-25T08:16:29.350417,12621.433,12621.433,0.0,0.0,-2.277299999999741,-0.01803986265432391,5,0,0,0,0,0,0,0,0.0,0.0001803986265432391,0.0001803986265432391,0.0,0.0,tokyo_london_overlap,tokyo_london_overlap
2026-02-25T08:18:41.125542,12621.433,12621.433,0.0,0.0,0.0,0.0,5,0,0,0,0,0,0,0,0.0,0.0,0.0,0.0,0.0,tokyo_london_overlap,tokyo_london_overlap
2026-02-25T08:18:41.912572,12621.433,12621.433,0.0,0.0,0.0,0.0,5,0,0,0,0,0,0,0,0.0,0.0,0.0,0.0,0.0,tokyo_london_overlap,tokyo_london_overlap
2026-02-25T08:20:57.520285,12621.433,12621.433,0.0,0.0,0.0,0.0,5,0,0,0,0,0,0,0,0.0,0.0,0.0,0.0,0.0,tokyo_london_overlap,tokyo_london_overlap
2026-02-25T08:20:58.239308,12621.433,12621.433,0.0,0.0,0.0,0.0,5,0,0,0,0,0,0,0,0.0,0.0,0.0,0.0,0.0,tokyo_london_overlap,tokyo_london_overlap
2026-02-25T08:23:01.502457,12621.433,12621.433,0.0,0.0,0.0,0.0,5,0,0,0,0,0,0,0,0.0,0.0,0.0,0.0,0.0,tokyo_london_overlap,tokyo_london_overlap
2026-02-25T08:23:02.233324,12621.433,12621.433,0.0,0.0,0.0,0.0,5,0,0,0,0,0,0,0,0.0,0.0,0.0,0.0,0.0,tokyo_london_overlap,tokyo_london_overlap
2026-02-25T08:25:06.788979,12621.433,12621.433,0.0,0.0,0.0,0.0,5,0,0,0,0,0,0,0,0.0,0.0,0.0,0.0,0.0,tokyo_london_overlap,tokyo_london_overlap
2026-02-25T08:25:07.572356,12621.433,12621.433,0.0,0.0,0.0,0.0,5,0,0,0,0,0,0,0,0.0,0.0,0.0,0.0,0.0,tokyo_london_overlap,tokyo_london_overlap
2026-02-25T08:26:27.564846,12621.433,12621.433,0.0,0.0,0.0,0.0,5,0,0,0,0,0,0,0,0.0,0.0,0.0,0.0,0.0,tokyo_london_overlap,tokyo_london_overlap
2026-02-25T08:26:28.270238,12621.433,12621.433,0.0,0.0,0.0,0.0,5,0,0,0,0,0,0,0,0.0,0.0,0.0,0.0,0.0,tokyo_london_overlap,tokyo_london_overlap
2026-02-25T08:27:55.786323,12621.433,12621.433,0.0,0.0,0.0,0.0,5,0,0,0,0,0,0,0,0.0,0.0,0.0,0.0,0.0,tokyo_london_overlap,tokyo_london_overlap
2026-02-25T08:27:56.513112,12621.433,12621.433,0.0,0.0,0.0,0.0,5,0,0,0,0,0,0,0,0.0,0.0,0.0,0.0,0.0,tokyo_london_overlap,tokyo_london_overlap
2026-02-25T08:29:24.340636,12621.433,12621.433,0.0,0.0,0.0,0.0,5,0,0,0,0,0,0,0,0.0,0.0,0.0,0.0,0.0,tokyo_london_overlap,tokyo_london_overlap
2026-02-25T08:29:25.075349,12621.433,12621.433,0.0,0.0,0.0,0.0,5,0,0,0,0,0,0,0,0.0,0.0,0.0,0.0,0.0,tokyo_london_overlap,tokyo_london_overlap
2026-02-25T08:30:50.635227,12621.433,12621.433,0.0,0.0,0.0,0.0,5,0,0,0,0,0,0,0,0.0,0.0,0.0,0.0,0.0,tokyo_london_overlap,tokyo_london_overlap
2026-02-25T08:30:51.346844,12621.433,12621.433,0.0,0.0,0.0,0.0,5,0,0,0,0,0,0,0,0.0,0.0,0.0,0.0,0.0,tokyo_london_overlap,tokyo_london_overlap
2026-02-25T08:32:17.110452,12621.433,12621.433,0.0,0.0,0.0,0.0,5,0,0,0,0,0,0,0,0.0,0.0,0.0,0.0,0.0,tokyo_london_overlap,tokyo_london_overlap
2026-02-25T08:32:17.892366,12621.433,12621.433,0.0,0.0,0.0,0.0,5,0,0,0,0,0,0,0,0.0,0.0,0.0,0.0,0.0,tokyo_london_overlap,tokyo_london_overlap
2026-02-25T08:33:42.064111,12621.433,12621.433,0.0,0.0,0.0,0.0,5,0,0,0,0,0,0,0,0.0,0.0,0.0,0.0,0.0,tokyo_london_overlap,tokyo_london_overlap
2026-02-25T08:33:42.828614,12621.433,12621.433,0.0,0.0,0.0,0.0,5,0,0,0,0,0,0,0,0.0,0.0,0.0,0.0,0.0,tokyo_london_overlap,tokyo_london_overlap
2026-02-25T08:35:11.636606,12621.433,12621.433,0.0,0.0,0.0,0.0,5,0,0,0,0,0,0,0,0.0,0.0,0.0,0.0,0.0,tokyo_london_overlap,tokyo_london_overlap
2026-02-25T08:35:12.333194,12621.433,12621.433,0.0,0.0,0.0,0.0,5,0,0,0,0,0,0,0,0.0,0.0,0.0,0.0,0.0,tokyo_london_overlap,tokyo_london_overlap
2026-02-25T08:36:31.764535,12621.433,12621.433,0.0,0.0,0.0,0.0,5,0,0,0,0,0,0,0,0.0,0.0,0.0,0.0,0.0,tokyo_london_overlap,tokyo_london_overlap
2026-02-25T08:36:32.466316,12621.433,12621.433,0.0,0.0,0.0,0.0,5,0,0,0,0,0,0,0,0.0,0.0,0.0,0.0,0.0,tokyo_london_overlap,tokyo_london_overlap
2026-02-25T08:37:56.755229,12621.433,12621.433,0.0,0.0,0.0,0.0,5,0,0,0,0,0,0,0,0.0,0.0,0.0,0.0,0.0,tokyo_london_overlap,tokyo_london_overlap
2026-02-25T08:37:57.466611,12621.433,12621.433,0.0,0.0,0.0,0.0,5,0,0,0,0,0,0,0,0.0,0.0,0.0,0.0,0.0,tokyo_london_overlap,tokyo_london_overlap
2026-02-25T08:39:18.317487,12621.433,12621.433,0.0,0.0,0.0,0.0,5,0,0,0,0,0,0,0,0.0,0.0,0.0,0.0,0.0,tokyo_london_overlap,tokyo_london_overlap
2026-02-25T08:39:19.027186,12621.433,12621.433,0.0,0.0,0.0,0.0,5,0,0,0,0,0,0,0,0.0,0.0,0.0,0.0,0.0,tokyo_london_overlap,tokyo_london_overlap
2026-02-25T08:40:46.974354,12621.433,12621.433,0.0,0.0,0.0,0.0,5,0,0,0,0,0,0,0,0.0,0.0,0.0,0.0,0.0,tokyo_london_overlap,tokyo_london_overlap
2026-02-25T08:40:47.758345,12621.433,12621.433,0.0,0.0,0.0,0.0,5,0,0,0,0,0,0,0,0.0,0.0,0.0,0.0,0.0,tokyo_london_overlap,tokyo_london_overlap
2026-02-25T08:42:11.278217,12621.433,12621.433,0.0,0.0,0.0,0.0,5,0,0,0,0,0,0,0,0.0,0.0,0.0,0.0,0.0,tokyo_london_overlap,tokyo_london_overlap
2026-02-25T08:42:11.996422,12621.433,12621.433,0.0,0.0,0.0,0.0,5,0,0,0,0,0,0,0,0.0,0.0,0.0,0.0,0.0,tokyo_london_overlap,tokyo_london_overlap
2026-02-25T08:43:34.007644,12621.433,12621.433,0.0,0.0,0.0,0.0,5,0,0,0,0,0,0,0,0.0,0.0,0.0,0.0,0.0,tokyo_london_overlap,tokyo_london_overlap
2026-02-25T08:43:34.745494,12621.433,12621.433,0.0,0.0,0.0,0.0,5,0,0,0,0,0,0,0,0.0,0.0,0.0,0.0,0.0,tokyo_london_overlap,tokyo_london_overlap
2026-02-25T08:44:54.923212,12621.433,12621.433,0.0,0.0,0.0,0.0,5,0,0,0,0,0,0,0,0.0,0.0,0.0,0.0,0.0,tokyo_london_overlap,tokyo_london_overlap
2026-02-25T08:44:55.634726,12621.433,12621.433,0.0,0.0,0.0,0.0,5,0,0,0,0,0,0,0,0.0,0.0,0.0,0.0,0.0,tokyo_london_overlap,tokyo_london_overlap
2026-02-25T08:46:09.889109,12621.433,12621.433,0.0,0.0,0.0,0.0,5,0,0,0,0,0,0,0,0.0,0.0,0.0,0.0,0.0,tokyo_london_overlap,tokyo_london_overlap
2026-02-25T08:46:10.620217,12621.433,12621.433,0.0,0.0,0.0,0.0,5,0,0,0,0,0,0,0,0.0,0.0,0.0,0.0,0.0,tokyo_london_overlap,tokyo_london_overlap
2026-02-25T08:47:23.764667,12621.433,12621.433,0.0,0.0,0.0,0.0,5,0,0,0,0,0,0,0,0.0,0.0,0.0,0.0,0.0,tokyo_london_overlap,tokyo_london_overlap
2026-02-25T08:47:24.532976,12621.433,12621.433,0.0,0.0,0.0,0.0,5,0,0,0,0,0,0,0,0.0,0.0,0.0,0.0,0.0,tokyo_london_overlap,tokyo_london_overlap
2026-02-25T08:48:42.342428,12621.433,12621.433,0.0,0.0,0.0,0.0,5,0,0,0,0,0,0,0,0.0,0.0,0.0,0.0,0.0,tokyo_london_overlap,tokyo_london_overlap
2026-02-25T08:48:43.087310,12621.433,12621.433,0.0,0.0,0.0,0.0,5,0,0,0,0,0,0,0,0.0,0.0,0.0,0.0,0.0,tokyo_london_overlap,tokyo_london_overlap
2026-02-25T08:50:08.390235,12621.433,12621.433,0.0,0.0,0.0,0.0,5,0,0,0,0,0,0,0,0.0,0.0,0.0,0.0,0.0,tokyo_london_overlap,tokyo_london_overlap
2026-02-25T08:50:09.192355,12621.433,12621.433,0.0,0.0,0.0,0.0,5,0,0,0,0,0,0,0,0.0,0.0,0.0,0.0,0.0,tokyo_london_overlap,tokyo_london_overlap
2026-02-25T08:51:39.326630,12621.433,12621.433,0.0,0.0,0.0,0.0,5,0,0,0,0,0,0,0,0.0,0.0,0.0,0.0,0.0,tokyo_london_overlap,tokyo_london_overlap
2026-02-25T08:51:40.056671,12621.433,12621.433,0.0,0.0,0.0,0.0,5,0,0,0,0,0,0,0,0.0,0.0,0.0,0.0,0.0,tokyo_london_overlap,tokyo_london_overlap
2026-02-25T08:52:57.332643,12621.433,12621.433,0.0,0.0,0.0,0.0,5,0,0,0,0,0,0,0,0.0,0.0,0.0,0.0,0.0,tokyo_london_overlap,tokyo_london_overlap
2026-02-25T08:52:58.080668,12621.433,12621.433,0.0,0.0,0.0,0.0,5,0,0,0,0,0,0,0,0.0,0.0,0.0,0.0,0.0,tokyo_london_overlap,tokyo_london_overlap
2026-02-25T08:54:14.583890,12621.433,12621.433,0.0,0.0,0.0,0.0,5,0,0,0,0,0,0,0,0.0,0.0,0.0,0.0,0.0,tokyo_london_overlap,tokyo_london_overlap
2026-02-25T08:54:15.309787,12621.433,12621.433,0.0,0.0,0.0,0.0,5,0,0,0,0,0,0,0,0.0,0.0,0.0,0.0,0.0,tokyo_london_overlap,tokyo_london_overlap
2026-02-25T08:55:37.606483,12621.433,12621.433,0.0,0.0,0.0,0.0,5,0,0,0,0,0,0,0,0.0,0.0,0.0,0.0,0.0,tokyo_london_overlap,tokyo_london_overlap
2026-02-25T08:55:38.350077,12621.433,12621.433,0.0,0.0,0.0,0.0,5,0,0,0,0,0,0,0,0.0,0.0,0.0,0.0,0.0,tokyo_london_overlap,tokyo_london_overlap
2026-02-25T08:57:02.759509,12621.433,12621.433,0.0,0.0,0.0,0.0,5,0,0,0,0,0,0,0,0.0,0.0,0.0,0.0,0.0,tokyo_london_overlap,tokyo_london_overlap
2026-02-25T08:57:03.511319,12621.433,12621.433,0.0,0.0,0.0,0.0,5,0,0,0,0,0,0,0,0.0,0.0,0.0,0.0,0.0,tokyo_london_overlap,tokyo_london_overlap
2026-02-25T08:58:30.452289,12621.433,12621.433,0.0,0.0,0.0,0.0,5,0,0,0,0,0,0,0,0.0,0.0,0.0,0.0,0.0,tokyo_london_overlap,tokyo_london_overlap
2026-02-25T08:58:31.167256,12621.433,12621.433,0.0,0.0,0.0,0.0,5,0,0,0,0,0,0,0,0.0,0.0,0.0,0.0,0.0,tokyo_london_overlap,tokyo_london_overlap
2026-02-25T08:59:46.555503,12621.433,12621.433,0.0,0.0,0.0,0.0,5,0,0,0,0,0,0,0,0.0,0.0,0.0,0.0,0.0,tokyo_london_overlap,tokyo_london_overlap
2026-02-25T08:59:47.286681,12621.433,12621.433,0.0,0.0,0.0,0.0,5,0,0,0,0,0,0,0,0.0,0.0,0.0,0.0,0.0,tokyo_london_overlap,tokyo_london_overlap
2026-02-25T09:01:48.947491,12621.433,12621.433,0.0,0.0,0.0,0.0,5,0,0,0,0,0,0,0,0.0,0.0,0.0,0.0,0.0,london,london
2026-02-25T09:01:49.695488,12621.433,12621.433,0.0,0.0,0.0,0.0,5,0,0,0,0,0,0,0,0.0,0.0,0.0,0.0,0.0,london,london
2026-02-25T09:03:48.682600,12621.433,12621.433,0.0,0.0,0.0,0.0,5,0,0,0,0,0,0,0,0.0,0.0,0.0,0.0,0.0,london,london
2026-02-25T09:03:49.453310,12621.433,12621.433,0.0,0.0,0.0,0.0,5,0,0,0,0,0,0,0,0.0,0.0,0.0,0.0,0.0,london,london
2026-02-25T09:05:55.380312,12621.433,12621.433,0.0,0.0,0.0,0.0,5,0,0,0,0,0,0,0,0.0,0.0,0.0,0.0,0.0,london,london
2026-02-25T09:05:56.160335,12621.433,12621.433,0.0,0.0,0.0,0.0,5,0,0,0,0,0,0,0,0.0,0.0,0.0,0.0,0.0,london,london
2026-02-25T09:08:15.855293,12621.433,12621.433,0.0,0.0,0.0,0.0,5,0,0,0,0,0,0,0,0.0,0.0,0.0,0.0,0.0,london,london
2026-02-25T09:08:16.608317,12621.433,12621.433,0.0,0.0,0.0,0.0,5,0,0,0,0,0,0,0,0.0,0.0,0.0,0.0,0.0,london,london
2026-02-25T09:10:27.817663,12621.433,12621.433,0.0,0.0,0.0,0.0,5,0,0,0,0,0,0,0,0.0,0.0,0.0,0.0,0.0,london,london
2026-02-25T09:10:28.591779,12621.433,12621.433,0.0,0.0,0.0,0.0,5,0,0,0,0,0,0,0,0.0,0.0,0.0,0.0,0.0,london,london
2026-02-25T09:12:45.356555,12621.433,12621.433,0.0,0.0,0.0,0.0,5,0,0,0,0,0,0,0,0.0,0.0,0.0,0.0,0.0,london,london
2026-02-25T09:12:46.148386,12621.433,12621.433,0.0,0.0,0.0,0.0,5,0,0,0,0,0,0,0,0.0,0.0,0.0,0.0,0.0,london,london
2026-02-25T09:15:01.197766,12621.433,12621.433,0.0,0.0,0.0,0.0,5,0,0,0,0,0,0,0,0.0,0.0,0.0,0.0,0.0,london,london
2026-02-25T09:15:01.959047,12621.433,12621.433,0.0,0.0,0.0,0.0,5,0,0,0,0,0,0,0,0.0,0.0,0.0,0.0,0.0,london,london
2026-02-25T09:17:09.893303,12621.433,12621.433,0.0,0.0,0.0,0.0,5,0,0,0,0,0,0,0,0.0,0.0,0.0,0.0,0.0,london,london
2026-02-25T09:17:10.701369,12621.433,12621.433,0.0,0.0,0.0,0.0,5,0,0,0,0,0,0,0,0.0,0.0,0.0,0.0,0.0,london,london
2026-02-25T09:19:22.887283,12621.433,12621.433,0.0,0.0,0.0,0.0,5,0,0,0,0,0,0,0,0.0,0.0,0.0,0.0,0.0,london,london
2026-02-25T09:19:23.700106,12621.433,12621.433,0.0,0.0,0.0,0.0,5,0,0,0,0,0,0,0,0.0,0.0,0.0,0.0,0.0,london,london
2026-02-25T09:21:52.005337,12621.433,12621.433,0.0,0.0,0.0,0.0,5,0,0,0,0,0,0,0,0.0,0.0,0.0,0.0,0.0,london,london
2026-02-25T09:21:52.781316,12621.433,12621.433,0.0,0.0,0.0,0.0,5,0,0,0,0,0,0,0,0.0,0.0,0.0,0.0,0.0,london,london
2026-02-25T09:23:59.689938,12621.433,12621.433,0.0,0.0,0.0,0.0,5,0,0,0,0,0,0,0,0.0,0.0,0.0,0.0,0.0,london,london
2026-02-25T09:24:00.453330,12621.433,12621.433,0.0,0.0,0.0,0.0,5,0,0,0,0,0,0,0,0.0,0.0,0.0,0.0,0.0,london,london
2026-02-25T09:26:04.544239,12621.433,12621.433,0.0,0.0,0.0,0.0,5,0,0,0,0,0,0,0,0.0,0.0,0.0,0.0,0.0,london,london
2026-02-25T09:26:05.303455,12621.433,12621.433,0.0,0.0,0.0,0.0,5,0,0,0,0,0,0,0,0.0,0.0,0.0,0.0,0.0,london,london
2026-02-25T09:27:49.210274,12621.433,12621.433,0.0,0.0,0.0,0.0,5,0,0,0,0,0,0,0,0.0,0.0,0.0,0.0,0.0,london,london
2026-02-25T09:27:49.913672,12621.433,12621.433,0.0,0.0,0.0,0.0,5,0,0,0,0,0,0,0,0.0,0.0,0.0,0.0,0.0,london,london
2026-02-25T09:29:12.290034,12621.433,12621.433,0.0,0.0,0.0,0.0,5,0,0,0,0,0,0,0,0.0,0.0,0.0,0.0,0.0,london,london
2026-02-25T09:29:13.075316,12621.433,12621.433,0.0,0.0,0.0,0.0,5,0,0,0,0,0,0,0,0.0,0.0,0.0,0.0,0.0,london,london
2026-02-25T09:30:50.572390,12621.433,12621.433,0.0,0.0,0.0,0.0,5,0,0,0,0,0,0,0,0.0,0.0,0.0,0.0,0.0,london,london
2026-02-25T09:30:51.291718,12621.433,12621.433,0.0,0.0,0.0,0.0,5,0,0,0,0,0,0,0,0.0,0.0,0.0,0.0,0.0,london,london
2026-02-25T09:32:18.789730,12621.433,12621.433,0.0,0.0,0.0,0.0,5,0,0,0,0,0,0,0,0.0,0.0,0.0,0.0,0.0,london,london
2026-02-25T09:32:19.510286,12621.433,12621.433,0.0,0.0,0.0,0.0,5,0,0,0,0,0,0,0,0.0,0.0,0.0,0.0,0.0,london,london
2026-02-25T09:33:48.219471,12621.433,12621.433,0.0,0.0,0.0,0.0,5,0,0,0,0,0,0,0,0.0,0.0,0.0,0.0,0.0,london,london
2026-02-25T09:33:48.944735,12621.433,12621.433,0.0,0.0,0.0,0.0,5,0,0,0,0,0,0,0,0.0,0.0,0.0,0.0,0.0,london,london
2026-02-25T09:35:23.707833,12621.433,12621.433,0.0,0.0,0.0,0.0,5,0,0,0,0,0,0,0,0.0,0.0,0.0,0.0,0.0,london,london
2026-02-25T09:35:24.498317,12621.433,12621.433,0.0,0.0,0.0,0.0,5,0,0,0,0,0,0,0,0.0,0.0,0.0,0.0,0.0,london,london
2026-02-25T09:37:03.086296,12621.433,12621.433,0.0,0.0,0.0,0.0,5,0,0,0,0,0,0,0,0.0,0.0,0.0,0.0,0.0,london,london
2026-02-25T09:37:03.892977,12621.433,12621.433,0.0,0.0,0.0,0.0,5,0,0,0,0,0,0,0,0.0,0.0,0.0,0.0,0.0,london,london
2026-02-25T09:38:31.834350,12621.433,12621.433,0.0,0.0,0.0,0.0,5,0,0,0,0,0,0,0,0.0,0.0,0.0,0.0,0.0,london,london
2026-02-25T09:38:32.572295,12621.433,12621.433,0.0,0.0,0.0,0.0,5,0,0,0,0,0,0,0,0.0,0.0,0.0,0.0,0.0,london,london
2026-02-25T09:39:58.970543,12621.433,12621.433,0.0,0.0,0.0,0.0,5,0,0,0,0,0,0,0,0.0,0.0,0.0,0.0,0.0,london,london
2026-02-25T09:39:59.743443,12621.433,12621.433,0.0,0.0,0.0,0.0,5,0,0,0,0,0,0,0,0.0,0.0,0.0,0.0,0.0,london,london
2026-02-25T09:41:36.080963,12621.433,12621.433,0.0,0.0,0.0,0.0,5,0,0,0,0,0,0,0,0.0,0.0,0.0,0.0,0.0,london,london
2026-02-25T09:41:36.798805,12621.433,12621.433,0.0,0.0,0.0,0.0,5,0,0,0,0,0,0,0,0.0,0.0,0.0,0.0,0.0,london,london
2026-02-25T09:43:04.322186,12621.433,12621.433,0.0,0.0,0.0,0.0,5,0,0,0,0,0,0,0,0.0,0.0,0.0,0.0,0.0,london,london
2026-02-25T09:43:05.063284,12621.433,12621.433,0.0,0.0,0.0,0.0,5,0,0,0,0,0,0,0,0.0,0.0,0.0,0.0,0.0,london,london
2026-02-25T09:44:31.970738,12621.433,12621.433,0.0,0.0,0.0,0.0,5,0,0,0,0,0,0,0,0.0,0.0,0.0,0.0,0.0,london,london
2026-02-25T09:44:32.795366,12621.433,12621.433,0.0,0.0,0.0,0.0,5,0,0,0,0,0,0,0,0.0,0.0,0.0,0.0,0.0,london,london
2026-02-25T09:45:59.854254,12621.433,12621.433,0.0,0.0,0.0,0.0,5,0,0,0,0,0,0,0,0.0,0.0,0.0,0.0,0.0,london,london
2026-02-25T09:46:00.576576,12621.433,12621.433,0.0,0.0,0.0,0.0,5,0,0,0,0,0,0,0,0.0,0.0,0.0,0.0,0.0,london,london
2026-02-25T09:47:32.897075,12621.433,12621.433,0.0,0.0,0.0,0.0,5,0,0,0,0,0,0,0,0.0,0.0,0.0,0.0,0.0,london,london
2026-02-25T09:47:33.631058,12621.433,12621.433,0.0,0.0,0.0,0.0,5,0,0,0,0,0,0,0,0.0,0.0,0.0,0.0,0.0,london,london
2026-02-25T09:49:05.780281,12621.433,12621.433,0.0,0.0,0.0,0.0,5,0,0,0,0,0,0,0,0.0,0.0,0.0,0.0,0.0,london,london
2026-02-25T09:49:06.503099,12621.433,12621.433,0.0,0.0,0.0,0.0,5,0,0,0,0,0,0,0,0.0,0.0,0.0,0.0,0.0,london,london
2026-02-25T09:50:35.962956,12621.433,12621.433,0.0,0.0,0.0,0.0,5,0,0,0,0,0,0,0,0.0,0.0,0.0,0.0,0.0,london,london
2026-02-25T09:50:36.697007,12621.433,12621.433,0.0,0.0,0.0,0.0,5,0,0,0,0,0,0,0,0.0,0.0,0.0,0.0,0.0,london,london
2026-02-25T09:52:05.488338,12621.433,12621.433,0.0,0.0,0.0,0.0,5,0,0,0,0,0,0,0,0.0,0.0,0.0,0.0,0.0,london,london
2026-02-25T09:52:06.342427,12621.433,12621.433,0.0,0.0,0.0,0.0,5,0,0,0,0,0,0,0,0.0,0.0,0.0,0.0,0.0,london,london
2026-02-25T09:53:35.017457,12621.433,12621.433,0.0,0.0,0.0,0.0,5,0,0,0,0,0,0,0,0.0,0.0,0.0,0.0,0.0,london,london
2026-02-25T09:53:35.765518,12621.433,12621.433,0.0,0.0,0.0,0.0,5,0,0,0,0,0,0,0,0.0,0.0,0.0,0.0,0.0,london,london
2026-02-25T09:55:03.680778,12621.433,12621.433,0.0,0.0,0.0,0.0,5,0,0,0,0,0,0,0,0.0,0.0,0.0,0.0,0.0,london,london
2026-02-25T09:55:04.408365,12621.433,12621.433,0.0,0.0,0.0,0.0,5,0,0,0,0,0,0,0,0.0,0.0,0.0,0.0,0.0,london,london
2026-02-25T09:56:24.946331,12621.433,12621.433,0.0,0.0,0.0,0.0,5,0,0,0,0,0,0,0,0.0,0.0,0.0,0.0,0.0,london,london
2026-02-25T09:56:25.704303,12621.433,12621.433,0.0,0.0,0.0,0.0,5,0,0,0,0,0,0,0,0.0,0.0,0.0,0.0,0.0,london,london
2026-02-25T09:57:55.493522,12621.433,12621.433,0.0,0.0,0.0,0.0,5,0,0,0,0,0,0,0,0.0,0.0,0.0,0.0,0.0,london,london
2026-02-25T09:57:56.255233,12621.433,12621.433,0.0,0.0,0.0,0.0,5,0,0,0,0,0,0,0,0.0,0.0,0.0,0.0,0.0,london,london
2026-02-25T09:59:33.444330,12621.433,12621.433,0.0,0.0,0.0,0.0,5,0,0,0,0,0,0,0,0.0,0.0,0.0,0.0,0.0,london,london
2026-02-25T09:59:34.192333,12621.433,12621.433,0.0,0.0,0.0,0.0,5,0,0,0,0,0,0,0,0.0,0.0,0.0,0.0,0.0,london,london
2026-02-25T10:02:05.648068,12621.433,12621.433,0.0,0.0,0.0,0.0,5,0,0,0,0,0,0,0,0.0,0.0,0.0,0.0,0.0,london,london
2026-02-25T10:02:06.438056,12621.433,12621.433,0.0,0.0,0.0,0.0,5,0,0,0,0,0,0,0,0.0,0.0,0.0,0.0,0.0,london,london
2026-02-25T10:04:37.046317,12621.433,12621.433,0.0,0.0,0.0,0.0,5,0,0,0,0,0,0,0,0.0,0.0,0.0,0.0,0.0,london,london
2026-02-25T10:04:37.773348,12621.433,12621.433,0.0,0.0,0.0,0.0,5,0,0,0,0,0,0,0,0.0,0.0,0.0,0.0,0.0,london,london
2026-02-25T10:07:12.779329,12621.433,12621.433,0.0,0.0,0.0,0.0,5,0,0,0,0,0,0,0,0.0,0.0,0.0,0.0,0.0,london,london
2026-02-25T10:07:13.596304,12621.433,12621.433,0.0,0.0,0.0,0.0,5,0,0,0,0,0,0,0,0.0,0.0,0.0,0.0,0.0,london,london
2026-02-25T10:09:47.902321,12621.433,12621.433,0.0,0.0,0.0,0.0,5,0,0,0,0,0,0,0,0.0,0.0,0.0,0.0,0.0,london,london
2026-02-25T10:09:48.730224,12621.433,12621.433,0.0,0.0,0.0,0.0,5,0,0,0,0,0,0,0,0.0,0.0,0.0,0.0,0.0,london,london
2026-02-25T10:12:16.272364,12621.433,12621.433,0.0,0.0,0.0,0.0,5,0,0,0,0,0,0,0,0.0,0.0,0.0,0.0,0.0,london,london
2026-02-25T10:12:17.025355,12621.433,12621.433,0.0,0.0,0.0,0.0,5,0,0,0,0,0,0,0,0.0,0.0,0.0,0.0,0.0,london,london
2026-02-25T10:14:44.371302,12621.433,12621.433,0.0,0.0,0.0,0.0,5,0,0,0,0,0,0,0,0.0,0.0,0.0,0.0,0.0,london,london
2026-02-25T10:14:45.172352,12621.433,12621.433,0.0,0.0,0.0,0.0,5,0,0,0,0,0,0,0,0.0,0.0,0.0,0.0,0.0,london,london
2026-02-25T10:17:08.696293,12621.433,12621.433,0.0,0.0,0.0,0.0,5,0,0,0,0,0,0,0,0.0,0.0,0.0,0.0,0.0,,
2026-02-25T10:39:01.418586,12621.433,12621.433,0.0,0.0,0.0,0.0,5,0,0,0,0,0,0,0,0.0,0.0,0.0,0.0,0.0,london,london
2026-02-25T10:39:02.221568,12621.433,12621.433,0.0,0.0,0.0,0.0,5,0,0,0,0,0,0,0,0.0,0.0,0.0,0.0,0.0,london,london
2026-02-25T10:41:31.384083,12621.433,12621.433,0.0,0.0,0.0,0.0,5,0,0,0,0,0,0,0,0.0,0.0,0.0,0.0,0.0,london,london
2026-02-25T10:41:32.164111,12621.433,12621.433,0.0,0.0,0.0,0.0,5,0,0,0,0,0,0,0,0.0,0.0,0.0,0.0,0.0,london,london
2026-02-25T10:43:52.899587,12621.433,12621.433,0.0,0.0,0.0,0.0,5,0,0,0,0,0,0,0,0.0,0.0,0.0,0.0,0.0,london,london
2026-02-25T10:43:53.645323,12621.433,12621.433,0.0,0.0,0.0,0.0,5,0,0,0,0,0,0,0,0.0,0.0,0.0,0.0,0.0,london,london
2026-02-25T10:46:14.415302,12621.433,12621.433,0.0,0.0,0.0,0.0,5,0,0,0,0,0,0,0,0.0,0.0,0.0,0.0,0.0,london,london
2026-02-25T10:46:15.183311,12621.433,12621.433,0.0,0.0,0.0,0.0,5,0,0,0,0,0,0,0,0.0,0.0,0.0,0.0,0.0,london,london
2026-02-25T10:48:32.216894,12621.433,12621.433,0.0,0.0,0.0,0.0,5,0,0,0,0,0,0,0,0.0,0.0,0.0,0.0,0.0,london,london
2026-02-25T10:48:33.029743,12621.433,12621.433,0.0,0.0,0.0,0.0,5,0,0,0,0,0,0,0,0.0,0.0,0.0,0.0,0.0,london,london
2026-02-25T10:50:55.230279,12621.433,12621.433,0.0,0.0,0.0,0.0,5,0,0,0,0,0,0,0,0.0,0.0,0.0,0.0,0.0,london,london
2026-02-25T10:50:56.019303,12621.433,12621.433,0.0,0.0,0.0,0.0,5,0,0,0,0,0,0,0,0.0,0.0,0.0,0.0,0.0,london,london
2026-02-25T10:53:07.912303,12621.433,12621.433,0.0,0.0,0.0,0.0,5,0,0,0,0,0,0,0,0.0,0.0,0.0,0.0,0.0,london,london
2026-02-25T10:53:08.681681,12621.433,12621.433,0.0,0.0,0.0,0.0,5,0,0,0,0,0,0,0,0.0,0.0,0.0,0.0,0.0,london,london
2026-02-25T10:55:11.362311,12621.433,12621.433,0.0,0.0,0.0,0.0,5,0,0,0,0,0,0,0,0.0,0.0,0.0,0.0,0.0,london,london
2026-02-25T10:55:12.174301,12621.433,12621.433,0.0,0.0,0.0,0.0,5,0,0,0,0,0,0,0,0.0,0.0,0.0,0.0,0.0,london,london
2026-02-25T10:56:47.834711,12621.433,12621.433,0.0,0.0,0.0,0.0,5,0,0,0,0,0,0,0,0.0,0.0,0.0,0.0,0.0,london,london
2026-02-25T10:56:48.563847,12621.433,12621.433,0.0,0.0,0.0,0.0,5,0,0,0,0,0,0,0,0.0,0.0,0.0,0.0,0.0,london,london
2026-02-25T10:58:17.866471,12621.433,12621.433,0.0,0.0,0.0,0.0,5,0,0,0,0,0,0,0,0.0,0.0,0.0,0.0,0.0,london,london
2026-02-25T10:58:18.614274,12621.433,12621.433,0.0,0.0,0.0,0.0,5,0,0,0,0,0,0,0,0.0,0.0,0.0,0.0,0.0,london,london
2026-02-25T10:59:47.686264,12621.433,12621.433,0.0,0.0,0.0,0.0,5,0,0,0,0,0,0,0,0.0,0.0,0.0,0.0,0.0,london,london
2026-02-25T10:59:48.483797,12621.433,12621.433,0.0,0.0,0.0,0.0,5,0,0,0,0,0,0,0,0.0,0.0,0.0,0.0,0.0,london,london
2026-02-25T11:02:11.863525,12621.433,12621.433,0.0,0.0,0.0,0.0,5,0,0,0,0,0,0,0,0.0,0.0,0.0,0.0,0.0,london,london
2026-02-25T11:02:12.625006,12621.433,12621.433,0.0,0.0,0.0,0.0,5,0,0,0,0,0,0,0,0.0,0.0,0.0,0.0,0.0,london,london
2026-02-25T11:04:49.954280,12621.433,12621.433,0.0,0.0,0.0,0.0,5,0,0,0,0,0,0,0,0.0,0.0,0.0,0.0,0.0,london,london
2026-02-25T11:04:50.724253,12621.433,12621.433,0.0,0.0,0.0,0.0,5,0,0,0,0,0,0,0,0.0,0.0,0.0,0.0,0.0,london,london
2026-02-25T11:07:08.071520,12621.433,12621.433,0.0,0.0,0.0,0.0,5,0,0,0,0,0,0,0,0.0,0.0,0.0,0.0,0.0,london,london
2026-02-25T11:07:08.847300,12621.433,12621.433,0.0,0.0,0.0,0.0,5,0,0,0,0,0,0,0,0.0,0.0,0.0,0.0,0.0,london,london
2026-02-25T11:09:23.290265,12621.433,12621.433,0.0,0.0,0.0,0.0,5,0,0,0,0,0,0,0,0.0,0.0,0.0,0.0,0.0,london,london
2026-02-25T11:09:24.075280,12621.433,12621.433,0.0,0.0,0.0,0.0,5,0,0,0,0,0,0,0,0.0,0.0,0.0,0.0,0.0,london,london
2026-02-25T11:11:41.394659,12621.433,12621.433,0.0,0.0,0.0,0.0,5,0,0,0,0,0,0,0,0.0,0.0,0.0,0.0,0.0,london,london
2026-02-25T11:11:42.156318,12621.433,12621.433,0.0,0.0,0.0,0.0,5,0,0,0,0,0,0,0,0.0,0.0,0.0,0.0,0.0,london,london
2026-02-25T11:14:06.823673,12621.433,12621.433,0.0,0.0,0.0,0.0,5,0,0,0,0,0,0,0,0.0,0.0,0.0,0.0,0.0,london,london
2026-02-25T11:14:07.562400,12621.433,12621.433,0.0,0.0,0.0,0.0,5,0,0,0,0,0,0,0,0.0,0.0,0.0,0.0,0.0,london,london
2026-02-25T11:16:28.763294,12621.433,12621.433,0.0,0.0,0.0,0.0,5,0,0,0,0,0,0,0,0.0,0.0,0.0,0.0,0.0,london,london
2026-02-25T11:16:29.547250,12621.433,12621.433,0.0,0.0,0.0,0.0,5,0,0,0,0,0,0,0,0.0,0.0,0.0,0.0,0.0,london,london
2026-02-25T11:18:42.375955,12621.433,12621.433,0.0,0.0,0.0,0.0,5,0,0,0,0,0,0,0,0.0,0.0,0.0,0.0,0.0,london,london
2026-02-25T11:18:43.137288,12621.433,12621.433,0.0,0.0,0.0,0.0,5,0,0,0,0,0,0,0,0.0,0.0,0.0,0.0,0.0,london,london
2026-02-25T11:20:53.739981,12621.433,12621.433,0.0,0.0,0.0,0.0,5,0,0,0,0,0,0,0,0.0,0.0,0.0,0.0,0.0,london,london
2026-02-25T11:20:54.538118,12621.433,12621.433,0.0,0.0,0.0,0.0,5,0,0,0,0,0,0,0,0.0,0.0,0.0,0.0,0.0,london,london
2026-02-25T11:23:09.735181,12621.433,12621.433,0.0,0.0,0.0,0.0,5,0,0,0,0,0,0,0,0.0,0.0,0.0,0.0,0.0,london,london
2026-02-25T11:23:10.632796,12621.433,12621.433,0.0,0.0,0.0,0.0,5,0,0,0,0,0,0,0,0.0,0.0,0.0,0.0,0.0,london,london
2026-02-25T11:25:23.801485,12621.433,12621.433,0.0,0.0,0.0,0.0,5,0,0,0,0,0,0,0,0.0,0.0,0.0,0.0,0.0,london,london
2026-02-25T11:25:24.620317,12621.433,12621.433,0.0,0.0,0.0,0.0,5,0,0,0,0,0,0,0,0.0,0.0,0.0,0.0,0.0,london,london
2026-02-25T11:27:19.742079,12621.433,12621.433,0.0,0.0,0.0,0.0,5,0,0,0,0,0,0,0,0.0,0.0,0.0,0.0,0.0,london,london
2026-02-25T11:27:20.484799,12621.433,12621.433,0.0,0.0,0.0,0.0,5,0,0,0,0,0,0,0,0.0,0.0,0.0,0.0,0.0,london,london
2026-02-25T11:28:43.645296,12621.433,12621.433,0.0,0.0,0.0,0.0,5,0,0,0,0,0,0,0,0.0,0.0,0.0,0.0,0.0,london,london
2026-02-25T11:28:44.378517,12621.433,12621.433,0.0,0.0,0.0,0.0,5,0,0,0,0,0,0,0,0.0,0.0,0.0,0.0,0.0,london,london
2026-02-25T11:30:02.307446,12621.433,12621.433,0.0,0.0,0.0,0.0,5,0,0,0,0,0,0,0,0.0,0.0,0.0,0.0,0.0,london,london
2026-02-25T11:30:03.098720,12621.433,12621.433,0.0,0.0,0.0,0.0,5,0,0,0,0,0,0,0,0.0,0.0,0.0,0.0,0.0,london,london
2026-02-25T11:31:24.592330,12621.433,12621.433,0.0,0.0,0.0,0.0,5,0,0,0,0,0,0,0,0.0,0.0,0.0,0.0,0.0,london,london
2026-02-25T11:31:25.340285,12621.433,12621.433,0.0,0.0,0.0,0.0,5,0,0,0,0,0,0,0,0.0,0.0,0.0,0.0,0.0,london,london
2026-02-25T11:32:54.010572,12621.433,12621.433,0.0,0.0,0.0,0.0,5,0,0,0,0,0,0,0,0.0,0.0,0.0,0.0,0.0,london,london
2026-02-25T11:32:54.739299,12621.433,12621.433,0.0,0.0,0.0,0.0,5,0,0,0,0,0,0,0,0.0,0.0,0.0,0.0,0.0,london,london
2026-02-25T11:34:18.049438,12621.433,12621.433,0.0,0.0,0.0,0.0,5,0,0,0,0,0,0,0,0.0,0.0,0.0,0.0,0.0,london,london
2026-02-25T11:34:18.860357,12621.433,12621.433,0.0,0.0,0.0,0.0,5,0,0,0,0,0,0,0,0.0,0.0,0.0,0.0,0.0,london,london
2026-02-25T11:35:47.211890,12621.433,12621.433,0.0,0.0,0.0,0.0,5,0,0,0,0,0,0,0,0.0,0.0,0.0,0.0,0.0,london,london
2026-02-25T11:35:48.005472,12621.433,12621.433,0.0,0.0,0.0,0.0,5,0,0,0,0,0,0,0,0.0,0.0,0.0,0.0,0.0,london,london
2026-02-25T11:37:19.806843,12621.433,12621.433,0.0,0.0,0.0,0.0,5,0,0,0,0,0,0,0,0.0,0.0,0.0,0.0,0.0,london,london
2026-02-25T11:37:20.526904,12621.433,12621.433,0.0,0.0,0.0,0.0,5,0,0,0,0,0,0,0,0.0,0.0,0.0,0.0,0.0,london,london
2026-02-25T11:38:43.452922,12621.433,12621.433,0.0,0.0,0.0,0.0,5,0,0,0,0,0,0,0,0.0,0.0,0.0,0.0,0.0,london,london
2026-02-25T11:38:44.191133,12621.433,12621.433,0.0,0.0,0.0,0.0,5,0,0,0,0,0,0,0,0.0,0.0,0.0,0.0,0.0,london,london
2026-02-25T11:40:05.111981,12621.433,12621.433,0.0,0.0,0.0,0.0,5,0,0,0,0,0,0,0,0.0,0.0,0.0,0.0,0.0,london,london
2026-02-25T11:40:05.881509,12621.433,12621.433,0.0,0.0,0.0,0.0,5,0,0,0,0,0,0,0,0.0,0.0,0.0,0.0,0.0,london,london
2026-02-25T11:41:39.986065,12621.433,12621.433,0.0,0.0,0.0,0.0,5,0,0,0,0,0,0,0,0.0,0.0,0.0,0.0,0.0,london,london
2026-02-25T11:41:40.741805,12621.433,12621.433,0.0,0.0,0.0,0.0,5,0,0,0,0,0,0,0,0.0,0.0,0.0,0.0,0.0,london,london
2026-02-25T11:43:10.633356,12621.433,12621.433,0.0,0.0,0.0,0.0,5,0,0,0,0,0,0,0,0.0,0.0,0.0,0.0,0.0,london,london
2026-02-25T11:43:11.366804,12621.433,12621.433,0.0,0.0,0.0,0.0,5,0,0,0,0,0,0,0,0.0,0.0,0.0,0.0,0.0,london,london
2026-02-25T11:44:41.128570,12621.433,12621.433,0.0,0.0,0.0,0.0,5,0,0,0,0,0,0,0,0.0,0.0,0.0,0.0,0.0,london,london
2026-02-25T11:44:41.906250,12621.433,12621.433,0.0,0.0,0.0,0.0,5,0,0,0,0,0,0,0,0.0,0.0,0.0,0.0,0.0,london,london
2026-02-25T11:46:05.685220,12621.433,12621.433,0.0,0.0,0.0,0.0,5,0,0,0,0,0,0,0,0.0,0.0,0.0,0.0,0.0,london,london
2026-02-25T11:46:06.408694,12621.433,12621.433,0.0,0.0,0.0,0.0,5,0,0,0,0,0,0,0,0.0,0.0,0.0,0.0,0.0,london,london
2026-02-25T11:47:24.142332,12621.433,12621.433,0.0,0.0,0.0,0.0,5,0,0,0,0,0,0,0,0.0,0.0,0.0,0.0,0.0,london,london
2026-02-25T11:47:24.889354,12621.433,12621.433,0.0,0.0,0.0,0.0,5,0,0,0,0,0,0,0,0.0,0.0,0.0,0.0,0.0,london,london
2026-02-25T11:48:44.780718,12621.433,12621.433,0.0,0.0,0.0,0.0,5,0,0,0,0,0,0,0,0.0,0.0,0.0,0.0,0.0,london,london
2026-02-25T11:48:45.553290,12621.433,12621.433,0.0,0.0,0.0,0.0,5,0,0,0,0,0,0,0,0.0,0.0,0.0,0.0,0.0,london,london
2026-02-25T11:50:06.970303,12621.433,12621.433,0.0,0.0,0.0,0.0,5,0,0,0,0,0,0,0,0.0,0.0,0.0,0.0,0.0,london,london
2026-02-25T11:50:07.689365,12621.433,12621.433,0.0,0.0,0.0,0.0,5,0,0,0,0,0,0,0,0.0,0.0,0.0,0.0,0.0,london,london
2026-02-25T11:51:29.240349,12621.433,12621.433,0.0,0.0,0.0,0.0,5,0,0,0,0,0,0,0,0.0,0.0,0.0,0.0,0.0,london,london
2026-02-25T11:51:29.983730,12621.433,12621.433,0.0,0.0,0.0,0.0,5,0,0,0,0,0,0,0,0.0,0.0,0.0,0.0,0.0,london,london
2026-02-25T11:52:47.941424,12621.433,12621.433,0.0,0.0,0.0,0.0,5,0,0,0,0,0,0,0,0.0,0.0,0.0,0.0,0.0,london,london
2026-02-25T11:52:48.734728,12621.433,12621.433,0.0,0.0,0.0,0.0,5,0,0,0,0,0,0,0,0.0,0.0,0.0,0.0,0.0,london,london
2026-02-25T11:54:17.647297,12621.433,12621.433,0.0,0.0,0.0,0.0,5,0,0,0,0,0,0,0,0.0,0.0,0.0,0.0,0.0,london,london
2026-02-25T11:54:18.354632,12621.433,12621.433,0.0,0.0,0.0,0.0,5,0,0,0,0,0,0,0,0.0,0.0,0.0,0.0,0.0,london,london
2026-02-25T11:55:43.460689,12621.433,12621.433,0.0,0.0,0.0,0.0,5,0,0,0,0,0,0,0,0.0,0.0,0.0,0.0,0.0,london,london
2026-02-25T11:55:44.277594,12621.433,12621.433,0.0,0.0,0.0,0.0,5,0,0,0,0,0,0,0,0.0,0.0,0.0,0.0,0.0,london,london
2026-02-25T11:56:54.823607,12621.433,12621.433,0.0,0.0,0.0,0.0,5,0,0,0,0,0,0,0,0.0,0.0,0.0,0.0,0.0,london,london
2026-02-25T11:56:55.613316,12621.433,12621.433,0.0,0.0,0.0,0.0,5,0,0,0,0,0,0,0,0.0,0.0,0.0,0.0,0.0,london,london
2026-02-25T11:58:19.307462,12621.433,12621.433,0.0,0.0,0.0,0.0,5,0,0,0,0,0,0,0,0.0,0.0,0.0,0.0,0.0,london,london
2026-02-25T11:58:20.102775,12621.433,12621.433,0.0,0.0,0.0,0.0,5,0,0,0,0,0,0,0,0.0,0.0,0.0,0.0,0.0,london,london
2026-02-25T11:59:37.783525,12621.433,12621.433,0.0,0.0,0.0,0.0,5,0,0,0,0,0,0,0,0.0,0.0,0.0,0.0,0.0,london,london
2026-02-25T11:59:38.636446,12621.433,12621.433,0.0,0.0,0.0,0.0,5,0,0,0,0,0,0,0,0.0,0.0,0.0,0.0,0.0,london,london
2026-02-25T12:01:50.389236,12621.433,12621.433,0.0,0.0,0.0,0.0,5,0,0,0,0,0,0,0,0.0,0.0,0.0,0.0,0.0,london,london
2026-02-25T12:01:51.166510,12621.433,12621.433,0.0,0.0,0.0,0.0,5,0,0,0,0,0,0,0,0.0,0.0,0.0,0.0,0.0,london,london
2026-02-25T12:03:58.677029,12621.433,12621.433,0.0,0.0,0.0,0.0,5,0,0,0,0,0,0,0,0.0,0.0,0.0,0.0,0.0,london,london
2026-02-25T12:03:59.472361,12621.433,12621.433,0.0,0.0,0.0,0.0,5,0,0,0,0,0,0,0,0.0,0.0,0.0,0.0,0.0,london,london
2026-02-25T12:06:07.608483,12621.433,12621.433,0.0,0.0,0.0,0.0,5,0,0,0,0,0,0,0,0.0,0.0,0.0,0.0,0.0,,
2026-02-25T12:25:59.710302,12621.433,12621.433,0.0,0.0,0.0,0.0,5,0,0,0,0,0,0,0,0.0,0.0,0.0,0.0,0.0,,
2026-02-25T12:39:35.449310,12621.433,12621.433,0.0,0.0,0.0,0.0,5,0,0,0,0,0,0,0,0.0,0.0,0.0,0.0,0.0,,
2026-02-25T12:52:53.964488,12621.433,12621.433,0.0,0.0,0.0,0.0,5,0,0,0,0,0,0,0,0.0,0.0,0.0,0.0,0.0,,
2026-02-25T13:09:44.794303,12621.433,12621.433,0.0,0.0,0.0,0.0,5,0,0,0,0,0,0,0,0.0,0.0,0.0,0.0,0.0,,
2026-02-25T13:28:10.926293,12621.433,12621.433,0.0,0.0,0.0,0.0,5,0,0,0,0,0,0,0,0.0,0.0,0.0,0.0,0.0,,
2026-02-25T13:41:00.282557,12621.433,12621.433,0.0,0.0,0.0,0.0,5,0,0,0,0,0,0,0,0.0,0.0,0.0,0.0,0.0,,
2026-02-25T13:54:09.716617,12621.433,12621.433,0.0,0.0,0.0,0.0,5,0,0,0,0,0,0,0,0.0,0.0,0.0,0.0,0.0,,
2026-02-25T14:12:58.326282,12621.433,12621.433,0.0,0.0,0.0,0.0,5,0,0,0,0,0,0,0,0.0,0.0,0.0,0.0,0.0,,
2026-02-25T14:35:05.998326,12621.433,12621.433,0.0,0.0,0.0,0.0,5,0,0,0,0,0,0,0,0.0,0.0,0.0,0.0,0.0,london_ny_overlap,london_ny_overlap
2026-02-25T14:35:06.755304,12621.433,12621.433,0.0,0.0,0.0,0.0,5,0,0,0,0,0,0,0,0.0,0.0,0.0,0.0,0.0,london_ny_overlap,london_ny_overlap
2026-02-25T14:37:24.732595,12621.433,12621.433,0.0,0.0,0.0,0.0,5,0,0,0,0,0,0,0,0.0,0.0,0.0,0.0,0.0,,
2026-02-25T14:56:49.861272,12621.433,12621.433,0.0,0.0,0.0,0.0,5,0,0,0,0,0,0,0,0.0,0.0,0.0,0.0,0.0,,
2026-02-25T15:18:07.393007,12621.433,12621.433,0.0,0.0,0.0,0.0,5,0,0,0,0,0,0,0,0.0,0.0,0.0,0.0,0.0,,
2026-02-25T15:36:51.657314,12621.433,12621.433,0.0,0.0,0.0,0.0,5,0,0,0,0,0,0,0,0.0,0.0,0.0,0.0,0.0,,
2026-02-25T15:51:21.172876,12621.433,12621.433,0.0,0.0,0.0,0.0,5,0,0,0,0,0,0,0,0.0,0.0,0.0,0.0,0.0,,
2026-02-25T16:09:09.881295,12621.433,12621.433,0.0,0.0,0.0,0.0,5,0,0,0,0,0,0,0,0.0,0.0,0.0,0.0,0.0,london_ny_overlap,london_ny_overlap
2026-02-25T16:09:10.645309,12621.433,12621.433,0.0,0.0,0.0,0.0,5,0,0,0,0,0,0,0,0.0,0.0,0.0,0.0,0.0,london_ny_overlap,london_ny_overlap
2026-02-25T16:11:26.996179,12621.433,12621.433,0.0,0.0,0.0,0.0,5,0,0,0,0,0,0,0,0.0,0.0,0.0,0.0,0.0,,
2026-02-25T16:31:26.406068,12621.433,12621.433,0.0,0.0,0.0,0.0,5,0,0,0,0,0,0,0,0.0,0.0,0.0,0.0,0.0,,
2026-02-25T16:46:24.302360,12729.55,12729.55,0.0,0.0,108.11699999999837,0.8566143004522415,4,0,0,0,0,0,0,0,0.0,0.0,0.0,0.0,0.0,,
2026-02-25T17:01:48.323282,12729.55,12729.55,0.0,0.0,108.11699999999837,0.8566143004522415,4,0,0,0,0,0,0,0,0.0,0.0,0.0,0.0,0.0,,
2026-02-25T17:27:38.328326,12729.55,12729.55,0.0,0.0,108.11699999999837,0.8566143004522415,3,0,0,0,0,0,0,0,0.0,0.0,0.0,0.0,0.0,,
2026-02-25T17:46:25.623277,12827.1899,12827.1899,0.0,0.0,205.7568999999985,1.6302182169013493,3,0,0,0,0,0,0,0,0.0,0.0,0.0,0.0,0.0,,
2026-02-25T18:08:17.434060,12827.1899,12827.1899,0.0,0.0,205.7568999999985,1.6302182169013493,3,0,0,0,0,0,0,0,0.0,0.0,0.0,0.0,0.0,,
2026-02-25T18:35:10.876265,12827.1899,12827.1899,0.0,0.0,205.7568999999985,1.6302182169013493,3,0,0,0,0,0,0,0,0.0,0.0,0.0,0.0,0.0,,
2026-02-25T18:58:15.044149,12827.1899,12827.1899,0.0,0.0,205.7568999999985,1.6302182169013493,3,0,0,0,0,0,0,0,0.0,0.0,0.0,0.0,0.0,,
2026-02-25T19:23:07.367290,12827.1899,12827.1899,0.0,0.0,205.7568999999985,1.6302182169013493,3,0,0,0,0,0,0,0,0.0,0.0,0.0,0.0,0.0,,
2026-02-25T19:42:21.577450,12827.1899,12827.1899,0.0,0.0,205.7568999999985,1.6302182169013493,3,0,0,0,0,0,0,0,0.0,0.0,0.0,0.0,0.0,,
2026-02-25T20:01:34.157363,12827.1899,12827.1899,0.0,0.0,205.7568999999985,1.6302182169013493,3,0,0,0,0,0,0,0,0.0,0.0,0.0,0.0,0.0,,
2026-02-25T20:24:14.304320,12827.1899,12827.1899,0.0,0.0,205.7568999999985,1.6302182169013493,3,0,0,0,0,0,0,0,0.0,0.0,0.0,0.0,0.0,,
2026-02-25T20:42:13.152009,12827.1899,12827.1899,0.0,0.0,205.7568999999985,1.6302182169013493,3,0,0,0,0,0,0,0,0.0,0.0,0.0,0.0,0.0,,
2026-02-25T21:00:08.757551,12827.1899,12827.1899,0.0,0.0,205.7568999999985,1.6302182169013493,3,0,0,0,0,0,0,0,0.0,0.0,0.0,0.0,0.0,ny,ny
2026-02-25T21:00:09.335978,12827.1899,12827.1899,0.0,0.0,205.7568999999985,1.6302182169013493,3,0,0,0,0,0,0,0,0.0,0.0,0.0,0.0,0.0,ny,ny
2026-02-25T21:02:10.130285,12827.1899,12827.1899,0.0,0.0,0.0,0.0,3,0,0,0,0,0,0,0,0.0,0.0,0.0,0.0,0.0,ny,ny
2026-02-25T21:02:10.712908,12827.1899,12827.1899,0.0,0.0,0.0,0.0,3,0,0,0,0,0,0,0,0.0,0.0,0.0,0.0,0.0,ny,ny
2026-02-25T21:03:59.453260,12827.1899,12827.1899,0.0,0.0,0.0,0.0,3,0,0,0,0,0,0,0,0.0,0.0,0.0,0.0,0.0,,
2026-02-25T21:25:41.130043,12827.1899,12827.1899,0.0,0.0,0.0,0.0,3,0,0,0,0,0,0,0,0.0,0.0,0.0,0.0,0.0,ny,ny
2026-02-25T21:25:41.707460,12827.1899,12827.1899,0.0,0.0,0.0,0.0,3,0,0,0,0,0,0,0,0.0,0.0,0.0,0.0,0.0,ny,ny
2026-02-25T21:26:52.886219,12827.1899,12827.1899,0.0,0.0,0.0,0.0,3,0,0,0,0,0,0,0,0.0,0.0,0.0,0.0,0.0,,
2026-02-25T21:43:41.533392,12827.1899,12827.1899,0.0,0.0,0.0,0.0,3,0,0,0,0,0,0,0,0.0,0.0,0.0,0.0,0.0,ny,ny
2026-02-25T21:43:42.051494,12827.1899,12827.1899,0.0,0.0,0.0,0.0,3,0,0,0,0,0,0,0,0.0,0.0,0.0,0.0,0.0,ny,ny
2026-02-25T21:45:04.399185,12827.1899,12827.1899,0.0,0.0,0.0,0.0,3,0,0,0,0,0,0,0,0.0,0.0,0.0,0.0,0.0,,
2026-02-25T22:02:12.201121,12826.37,12826.37,0.0,0.0,-0.8198999999985972,-0.006391891025162083,3,0,0,0,0,0,0,0,0.0,6.391891025162083e-05,6.391891025162083e-05,0.0,0.0,,
2026-02-25T23:02:25.104259,12826.37,12826.37,0.0,0.0,-0.8198999999985972,-0.006391891025162083,3,0,0,0,0,0,0,0,0.0,6.391891025162083e-05,6.391891025162083e-05,0.0,0.0,,
2026-02-26T00:00:14.573163,12826.37,12826.37,0.0,0.0,-0.8198999999985972,-0.006391891025162083,3,0,0,0,0,0,0,0,0.0,6.391891025162083e-05,6.391891025162083e-05,0.0,0.0,,
2026-02-26T00:27:35.187163,12826.37,12826.37,0.0,0.0,-0.8198999999985972,-0.006391891025162083,3,0,0,0,0,0,0,0,0.0,6.391891025162083e-05,6.391891025162083e-05,0.0,0.0,,
2026-02-26T00:46:33.818315,12826.37,12826.37,0.0,0.0,-0.8198999999985972,-0.006391891025162083,3,0,0,0,0,0,0,0,0.0,6.391891025162083e-05,6.391891025162083e-05,0.0,0.0,,
2026-02-26T01:09:04.991044,12826.37,12826.37,0.0,0.0,-0.8198999999985972,-0.006391891025162083,3,0,0,0,0,0,0,0,0.0,6.391891025162083e-05,6.391891025162083e-05,0.0,0.0,,
2026-02-26T01:32:56.161369,12826.37,12826.37,0.0,0.0,-0.8198999999985972,-0.006391891025162083,3,0,0,0,0,0,0,0,0.0,6.391891025162083e-05,6.391891025162083e-05,0.0,0.0,,
2026-02-26T01:52:27.214663,12826.37,12826.37,0.0,0.0,-0.8198999999985972,-0.006391891025162083,3,0,0,0,0,0,0,0,0.0,6.391891025162083e-05,6.391891025162083e-05,0.0,0.0,,
2026-02-26T02:16:17.275508,12826.37,12826.37,0.0,0.0,-0.8198999999985972,-0.006391891025162083,3,0,0,0,0,0,0,0,0.0,6.391891025162083e-05,6.391891025162083e-05,0.0,0.0,tokyo,tokyo
2026-02-26T02:16:17.835487,12826.37,12826.37,0.0,0.0,-0.8198999999985972,-0.006391891025162083,3,0,0,0,0,0,0,0,0.0,6.391891025162083e-05,6.391891025162083e-05,0.0,0.0,tokyo,tokyo
2026-02-26T02:18:32.339639,12826.37,12826.37,0.0,0.0,0.0,0.0,3,0,0,0,0,0,0,0,0.0,0.0,0.0,0.0,0.0,tokyo,tokyo
2026-02-26T02:18:32.906369,12826.37,12826.37,0.0,0.0,0.0,0.0,3,0,0,0,0,0,0,0,0.0,0.0,0.0,0.0,0.0,tokyo,tokyo
2026-02-26T02:20:55.426197,12826.37,12826.37,0.0,0.0,0.0,0.0,3,0,0,0,0,0,0,0,0.0,0.0,0.0,0.0,0.0,tokyo,tokyo
2026-02-26T02:20:55.966227,12826.37,12826.37,0.0,0.0,0.0,0.0,3,0,0,0,0,0,0,0,0.0,0.0,0.0,0.0,0.0,tokyo,tokyo
2026-02-26T02:23:11.802877,12826.37,12826.37,0.0,0.0,0.0,0.0,3,0,0,0,0,0,0,0,0.0,0.0,0.0,0.0,0.0,tokyo,tokyo
2026-02-26T02:23:12.345340,12826.37,12826.37,0.0,0.0,0.0,0.0,3,0,0,0,0,0,0,0,0.0,0.0,0.0,0.0,0.0,tokyo,tokyo
2026-02-26T02:25:31.002604,12826.37,12826.37,0.0,0.0,0.0,0.0,3,0,0,0,0,0,0,0,0.0,0.0,0.0,0.0,0.0,tokyo,tokyo
2026-02-26T02:25:31.550299,12826.37,12826.37,0.0,0.0,0.0,0.0,3,0,0,0,0,0,0,0,0.0,0.0,0.0,0.0,0.0,tokyo,tokyo
2026-02-26T02:27:41.736268,12826.37,12826.37,0.0,0.0,0.0,0.0,3,0,0,0,0,0,0,0,0.0,0.0,0.0,0.0,0.0,tokyo,tokyo
2026-02-26T02:27:42.279295,12826.37,12826.37,0.0,0.0,0.0,0.0,3,0,0,0,0,0,0,0,0.0,0.0,0.0,0.0,0.0,tokyo,tokyo
2026-02-26T02:29:45.429313,12826.37,12826.37,0.0,0.0,0.0,0.0,3,0,0,0,0,0,0,0,0.0,0.0,0.0,0.0,0.0,tokyo,tokyo
2026-02-26T02:29:45.998306,12826.37,12826.37,0.0,0.0,0.0,0.0,3,0,0,0,0,0,0,0,0.0,0.0,0.0,0.0,0.0,tokyo,tokyo
2026-02-26T02:31:44.983278,12826.37,12826.37,0.0,0.0,0.0,0.0,3,0,0,0,0,0,0,0,0.0,0.0,0.0,0.0,0.0,,
2026-02-26T02:55:20.291604,12826.37,12826.37,0.0,0.0,0.0,0.0,3,0,0,0,0,0,0,0,0.0,0.0,0.0,0.0,0.0,,
2026-02-26T03:18:52.047605,12826.37,12826.37,0.0,0.0,0.0,0.0,3,0,0,0,0,0,0,0,0.0,0.0,0.0,0.0,0.0,tokyo,tokyo
2026-02-26T03:18:52.702267,12826.37,12826.37,0.0,0.0,0.0,0.0,3,0,0,0,0,0,0,0,0.0,0.0,0.0,0.0,0.0,tokyo,tokyo
2026-02-26T03:21:08.352322,12826.37,12826.37,0.0,0.0,0.0,0.0,3,0,0,0,0,0,0,0,0.0,0.0,0.0,0.0,0.0,tokyo,tokyo
2026-02-26T03:21:08.900272,12826.37,12826.37,0.0,0.0,0.0,0.0,3,0,0,0,0,0,0,0,0.0,0.0,0.0,0.0,0.0,tokyo,tokyo
2026-02-26T03:23:13.839278,12826.37,12826.37,0.0,0.0,0.0,0.0,3,0,0,0,0,0,0,0,0.0,0.0,0.0,0.0,0.0,tokyo,tokyo
2026-02-26T03:23:14.374310,12826.37,12826.37,0.0,0.0,0.0,0.0,3,0,0,0,0,0,0,0,0.0,0.0,0.0,0.0,0.0,tokyo,tokyo
2026-02-26T03:25:31.167539,12826.37,12826.37,0.0,0.0,0.0,0.0,3,0,0,0,0,0,0,0,0.0,0.0,0.0,0.0,0.0,tokyo,tokyo
2026-02-26T03:25:31.706006,12826.37,12826.37,0.0,0.0,0.0,0.0,3,0,0,0,0,0,0,0,0.0,0.0,0.0,0.0,0.0,tokyo,tokyo
2026-02-26T03:26:59.301777,12826.37,12826.37,0.0,0.0,0.0,0.0,3,0,0,0,0,0,0,0,0.0,0.0,0.0,0.0,0.0,tokyo,tokyo
2026-02-26T03:26:59.832650,12826.37,12826.37,0.0,0.0,0.0,0.0,3,0,0,0,0,0,0,0,0.0,0.0,0.0,0.0,0.0,tokyo,tokyo
2026-02-26T03:28:29.793275,12826.37,12826.37,0.0,0.0,0.0,0.0,3,0,0,0,0,0,0,0,0.0,0.0,0.0,0.0,0.0,tokyo,tokyo
2026-02-26T03:28:30.314954,12826.37,12826.37,0.0,0.0,0.0,0.0,3,0,0,0,0,0,0,0,0.0,0.0,0.0,0.0,0.0,tokyo,tokyo
2026-02-26T03:29:54.248889,12826.37,12826.37,0.0,0.0,0.0,0.0,3,0,0,0,0,0,0,0,0.0,0.0,0.0,0.0,0.0,tokyo,tokyo
2026-02-26T03:29:54.760590,12826.37,12826.37,0.0,0.0,0.0,0.0,3,0,0,0,0,0,0,0,0.0,0.0,0.0,0.0,0.0,tokyo,tokyo
2026-02-26T03:31:10.650238,12826.37,12826.37,0.0,0.0,0.0,0.0,3,0,0,0,0,0,0,0,0.0,0.0,0.0,0.0,0.0,tokyo,tokyo
2026-02-26T03:31:11.174179,12826.37,12826.37,0.0,0.0,0.0,0.0,3,0,0,0,0,0,0,0,0.0,0.0,0.0,0.0,0.0,tokyo,tokyo
2026-02-26T03:32:17.309861,12826.37,12826.37,0.0,0.0,0.0,0.0,3,0,0,0,0,0,0,0,0.0,0.0,0.0,0.0,0.0,,
2026-02-26T03:49:25.428234,12826.37,12826.37,0.0,0.0,0.0,0.0,3,0,0,0,0,0,0,0,0.0,0.0,0.0,0.0,0.0,tokyo,tokyo
2026-02-26T03:49:25.968181,12826.37,12826.37,0.0,0.0,0.0,0.0,3,0,0,0,0,0,0,0,0.0,0.0,0.0,0.0,0.0,tokyo,tokyo
2026-02-26T03:50:39.678286,12826.37,12826.37,0.0,0.0,0.0,0.0,3,0,0,0,0,0,0,0,0.0,0.0,0.0,0.0,0.0,,
2026-02-26T04:11:15.497569,12826.37,12826.37,0.0,0.0,0.0,0.0,3,0,0,0,0,0,0,0,0.0,0.0,0.0,0.0,0.0,,
2026-02-26T04:32:44.040921,12826.37,12826.37,0.0,0.0,0.0,0.0,3,0,0,0,0,0,0,0,0.0,0.0,0.0,0.0,0.0,,
2026-02-26T04:50:42.082678,12826.37,12826.37,0.0,0.0,0.0,0.0,3,0,0,0,0,0,0,0,0.0,0.0,0.0,0.0,0.0,,
2026-02-26T05:11:51.375384,12826.37,12826.37,0.0,0.0,0.0,0.0,3,0,0,0,0,0,0,0,0.0,0.0,0.0,0.0,0.0,tokyo,tokyo
2026-02-26T05:11:51.938465,12826.37,12826.37,0.0,0.0,0.0,0.0,3,0,0,0,0,0,0,0,0.0,0.0,0.0,0.0,0.0,tokyo,tokyo
2026-02-26T05:13:44.352181,12826.37,12826.37,0.0,0.0,0.0,0.0,3,0,0,0,0,0,0,0,0.0,0.0,0.0,0.0,0.0,tokyo,tokyo
2026-02-26T05:13:44.925192,12826.37,12826.37,0.0,0.0,0.0,0.0,3,0,0,0,0,0,0,0,0.0,0.0,0.0,0.0,0.0,tokyo,tokyo
2026-02-26T05:15:36.507258,12826.37,12826.37,0.0,0.0,0.0,0.0,3,0,0,0,0,0,0,0,0.0,0.0,0.0,0.0,0.0,tokyo,tokyo
2026-02-26T05:15:37.091280,12826.37,12826.37,0.0,0.0,0.0,0.0,3,0,0,0,0,0,0,0,0.0,0.0,0.0,0.0,0.0,tokyo,tokyo
2026-02-26T05:17:35.069381,12826.37,12826.37,0.0,0.0,0.0,0.0,3,0,0,0,0,0,0,0,0.0,0.0,0.0,0.0,0.0,tokyo,tokyo
2026-02-26T05:17:35.633901,12826.37,12826.37,0.0,0.0,0.0,0.0,3,0,0,0,0,0,0,0,0.0,0.0,0.0,0.0,0.0,tokyo,tokyo
2026-02-26T05:19:29.269640,12826.37,12826.37,0.0,0.0,0.0,0.0,3,0,0,0,0,0,0,0,0.0,0.0,0.0,0.0,0.0,tokyo,tokyo
2026-02-26T05:19:29.820281,12826.37,12826.37,0.0,0.0,0.0,0.0,3,0,0,0,0,0,0,0,0.0,0.0,0.0,0.0,0.0,tokyo,tokyo
2026-02-26T05:21:31.225327,12826.37,12826.37,0.0,0.0,0.0,0.0,3,0,0,0,0,0,0,0,0.0,0.0,0.0,0.0,0.0,tokyo,tokyo
2026-02-26T05:21:31.763887,12826.37,12826.37,0.0,0.0,0.0,0.0,3,0,0,0,0,0,0,0,0.0,0.0,0.0,0.0,0.0,tokyo,tokyo
2026-02-26T05:23:24.597277,12826.37,12826.37,0.0,0.0,0.0,0.0,3,0,0,0,0,0,0,0,0.0,0.0,0.0,0.0,0.0,tokyo,tokyo
2026-02-26T05:23:25.173317,12826.37,12826.37,0.0,0.0,0.0,0.0,3,0,0,0,0,0,0,0,0.0,0.0,0.0,0.0,0.0,tokyo,tokyo
2026-02-26T05:25:28.349058,12826.37,12826.37,0.0,0.0,0.0,0.0,3,0,0,0,0,0,0,0,0.0,0.0,0.0,0.0,0.0,tokyo,tokyo
2026-02-26T05:25:28.939259,12826.37,12826.37,0.0,0.0,0.0,0.0,3,0,0,0,0,0,0,0,0.0,0.0,0.0,0.0,0.0,tokyo,tokyo
2026-02-26T05:26:46.576438,12826.37,12826.37,0.0,0.0,0.0,0.0,3,0,0,0,0,0,0,0,0.0,0.0,0.0,0.0,0.0,tokyo,tokyo
2026-02-26T05:26:47.100242,12826.37,12826.37,0.0,0.0,0.0,0.0,3,0,0,0,0,0,0,0,0.0,0.0,0.0,0.0,0.0,tokyo,tokyo
2026-02-26T05:27:58.958732,12826.37,12826.37,0.0,0.0,0.0,0.0,3,0,0,0,0,0,0,0,0.0,0.0,0.0,0.0,0.0,tokyo,tokyo
2026-02-26T05:27:59.498303,12826.37,12826.37,0.0,0.0,0.0,0.0,3,0,0,0,0,0,0,0,0.0,0.0,0.0,0.0,0.0,tokyo,tokyo
2026-02-26T05:29:07.684101,12826.37,12826.37,0.0,0.0,0.0,0.0,3,0,0,0,0,0,0,0,0.0,0.0,0.0,0.0,0.0,tokyo,tokyo
2026-02-26T05:29:08.212538,12826.37,12826.37,0.0,0.0,0.0,0.0,3,0,0,0,0,0,0,0,0.0,0.0,0.0,0.0,0.0,tokyo,tokyo
2026-02-26T05:30:26.449159,12826.37,12826.37,0.0,0.0,0.0,0.0,3,0,0,0,0,0,0,0,0.0,0.0,0.0,0.0,0.0,tokyo,tokyo
2026-02-26T05:30:26.977486,12826.37,12826.37,0.0,0.0,0.0,0.0,3,0,0,0,0,0,0,0,0.0,0.0,0.0,0.0,0.0,tokyo,tokyo
2026-02-26T05:31:37.082675,12826.37,12826.37,0.0,0.0,0.0,0.0,3,0,0,0,0,0,0,0,0.0,0.0,0.0,0.0,0.0,tokyo,tokyo
2026-02-26T05:31:37.583631,12826.37,12826.37,0.0,0.0,0.0,0.0,3,0,0,0,0,0,0,0,0.0,0.0,0.0,0.0,0.0,tokyo,tokyo
2026-02-26T05:32:56.314445,12826.37,12826.37,0.0,0.0,0.0,0.0,3,0,0,0,0,0,0,0,0.0,0.0,0.0,0.0,0.0,tokyo,tokyo
2026-02-26T05:32:56.895340,12826.37,12826.37,0.0,0.0,0.0,0.0,3,0,0,0,0,0,0,0,0.0,0.0,0.0,0.0,0.0,tokyo,tokyo
2026-02-26T05:34:16.811299,12826.37,12826.37,0.0,0.0,0.0,0.0,3,0,0,0,0,0,0,0,0.0,0.0,0.0,0.0,0.0,tokyo,tokyo
2026-02-26T05:34:17.302666,12826.37,12826.37,0.0,0.0,0.0,0.0,3,0,0,0,0,0,0,0,0.0,0.0,0.0,0.0,0.0,tokyo,tokyo
2026-02-26T05:35:43.275132,12826.37,12826.37,0.0,0.0,0.0,0.0,3,0,0,0,0,0,0,0,0.0,0.0,0.0,0.0,0.0,tokyo,tokyo
2026-02-26T05:35:43.785023,12826.37,12826.37,0.0,0.0,0.0,0.0,3,0,0,0,0,0,0,0,0.0,0.0,0.0,0.0,0.0,tokyo,tokyo
2026-02-26T05:37:05.342208,12826.37,12826.37,0.0,0.0,0.0,0.0,3,0,0,0,0,0,0,0,0.0,0.0,0.0,0.0,0.0,tokyo,tokyo
2026-02-26T05:37:05.837256,12826.37,12826.37,0.0,0.0,0.0,0.0,3,0,0,0,0,0,0,0,0.0,0.0,0.0,0.0,0.0,tokyo,tokyo
2026-02-26T05:38:29.706334,12826.37,12826.37,0.0,0.0,0.0,0.0,3,0,0,0,0,0,0,0,0.0,0.0,0.0,0.0,0.0,tokyo,tokyo
2026-02-26T05:38:30.227885,12826.37,12826.37,0.0,0.0,0.0,0.0,3,0,0,0,0,0,0,0,0.0,0.0,0.0,0.0,0.0,tokyo,tokyo
2026-02-26T05:39:50.262522,12826.37,12826.37,0.0,0.0,0.0,0.0,3,0,0,0,0,0,0,0,0.0,0.0,0.0,0.0,0.0,tokyo,tokyo
2026-02-26T05:39:50.780527,12826.37,12826.37,0.0,0.0,0.0,0.0,3,0,0,0,0,0,0,0,0.0,0.0,0.0,0.0,0.0,tokyo,tokyo
2026-02-26T05:41:05.988014,12826.37,12826.37,0.0,0.0,0.0,0.0,3,0,0,0,0,0,0,0,0.0,0.0,0.0,0.0,0.0,tokyo,tokyo
2026-02-26T05:41:06.513874,12826.37,12826.37,0.0,0.0,0.0,0.0,3,0,0,0,0,0,0,0,0.0,0.0,0.0,0.0,0.0,tokyo,tokyo
2026-02-26T05:42:13.502559,12826.37,12826.37,0.0,0.0,0.0,0.0,3,0,0,0,0,0,0,0,0.0,0.0,0.0,0.0,0.0,tokyo,tokyo
2026-02-26T05:42:14.037001,12826.37,12826.37,0.0,0.0,0.0,0.0,3,0,0,0,0,0,0,0,0.0,0.0,0.0,0.0,0.0,tokyo,tokyo
2026-02-26T05:43:32.153276,12826.37,12826.37,0.0,0.0,0.0,0.0,3,0,0,0,0,0,0,0,0.0,0.0,0.0,0.0,0.0,tokyo,tokyo
2026-02-26T05:43:32.713322,12826.37,12826.37,0.0,0.0,0.0,0.0,3,0,0,0,0,0,0,0,0.0,0.0,0.0,0.0,0.0,tokyo,tokyo
2026-02-26T05:44:58.007303,12826.37,12826.37,0.0,0.0,0.0,0.0,3,0,0,0,0,0,0,0,0.0,0.0,0.0,0.0,0.0,tokyo,tokyo
2026-02-26T05:44:58.499850,12826.37,12826.37,0.0,0.0,0.0,0.0,3,0,0,0,0,0,0,0,0.0,0.0,0.0,0.0,0.0,tokyo,tokyo
2026-02-26T05:46:18.808342,12826.37,12826.37,0.0,0.0,0.0,0.0,3,0,0,0,0,0,0,0,0.0,0.0,0.0,0.0,0.0,tokyo,tokyo
2026-02-26T05:46:19.314873,12826.37,12826.37,0.0,0.0,0.0,0.0,3,0,0,0,0,0,0,0,0.0,0.0,0.0,0.0,0.0,tokyo,tokyo
2026-02-26T05:47:43.478247,12826.37,12826.37,0.0,0.0,0.0,0.0,3,0,0,0,0,0,0,0,0.0,0.0,0.0,0.0,0.0,tokyo,tokyo
2026-02-26T05:47:43.994622,12826.37,12826.37,0.0,0.0,0.0,0.0,3,0,0,0,0,0,0,0,0.0,0.0,0.0,0.0,0.0,tokyo,tokyo
2026-02-26T05:49:03.967556,12826.37,12826.37,0.0,0.0,0.0,0.0,3,0,0,0,0,0,0,0,0.0,0.0,0.0,0.0,0.0,tokyo,tokyo
2026-02-26T05:49:04.466295,12826.37,12826.37,0.0,0.0,0.0,0.0,3,0,0,0,0,0,0,0,0.0,0.0,0.0,0.0,0.0,tokyo,tokyo
2026-02-26T05:50:16.240273,12826.37,12826.37,0.0,0.0,0.0,0.0,3,0,0,0,0,0,0,0,0.0,0.0,0.0,0.0,0.0,tokyo,tokyo
2026-02-26T05:50:16.774836,12826.37,12826.37,0.0,0.0,0.0,0.0,3,0,0,0,0,0,0,0,0.0,0.0,0.0,0.0,0.0,tokyo,tokyo
2026-02-26T05:51:25.558207,12826.37,12826.37,0.0,0.0,0.0,0.0,3,0,0,0,0,0,0,0,0.0,0.0,0.0,0.0,0.0,tokyo,tokyo
2026-02-26T05:51:26.090523,12826.37,12826.37,0.0,0.0,0.0,0.0,3,0,0,0,0,0,0,0,0.0,0.0,0.0,0.0,0.0,tokyo,tokyo
2026-02-26T05:52:42.823248,12826.37,12826.37,0.0,0.0,0.0,0.0,3,0,0,0,0,0,0,0,0.0,0.0,0.0,0.0,0.0,tokyo,tokyo
2026-02-26T05:52:43.338543,12826.37,12826.37,0.0,0.0,0.0,0.0,3,0,0,0,0,0,0,0,0.0,0.0,0.0,0.0,0.0,tokyo,tokyo
2026-02-26T05:54:00.605969,12826.37,12826.37,0.0,0.0,0.0,0.0,3,0,0,0,0,0,0,0,0.0,0.0,0.0,0.0,0.0,tokyo,tokyo
2026-02-26T05:54:01.124436,12826.37,12826.37,0.0,0.0,0.0,0.0,3,0,0,0,0,0,0,0,0.0,0.0,0.0,0.0,0.0,tokyo,tokyo
2026-02-26T05:55:16.470014,12826.37,12826.37,0.0,0.0,0.0,0.0,3,0,0,0,0,0,0,0,0.0,0.0,0.0,0.0,0.0,tokyo,tokyo
2026-02-26T05:55:17.006253,12826.37,12826.37,0.0,0.0,0.0,0.0,3,0,0,0,0,0,0,0,0.0,0.0,0.0,0.0,0.0,tokyo,tokyo
2026-02-26T05:56:27.064269,12826.37,12826.37,0.0,0.0,0.0,0.0,3,0,0,0,0,0,0,0,0.0,0.0,0.0,0.0,0.0,tokyo,tokyo
2026-02-26T05:56:27.590281,12826.37,12826.37,0.0,0.0,0.0,0.0,3,0,0,0,0,0,0,0,0.0,0.0,0.0,0.0,0.0,tokyo,tokyo
2026-02-26T05:57:39.918299,12826.37,12826.37,0.0,0.0,0.0,0.0,3,0,0,0,0,0,0,0,0.0,0.0,0.0,0.0,0.0,tokyo,tokyo
2026-02-26T05:57:40.447579,12826.37,12826.37,0.0,0.0,0.0,0.0,3,0,0,0,0,0,0,0,0.0,0.0,0.0,0.0,0.0,tokyo,tokyo
2026-02-26T05:58:52.958936,12826.37,12826.37,0.0,0.0,0.0,0.0,3,0,0,0,0,0,0,0,0.0,0.0,0.0,0.0,0.0,tokyo,tokyo
2026-02-26T05:58:53.484291,12826.37,12826.37,0.0,0.0,0.0,0.0,3,0,0,0,0,0,0,0,0.0,0.0,0.0,0.0,0.0,tokyo,tokyo
2026-02-26T06:00:21.492451,12826.37,12826.37,0.0,0.0,0.0,0.0,3,0,0,0,0,0,0,0,0.0,0.0,0.0,0.0,0.0,,
2026-02-26T06:25:39.388348,12826.37,12826.37,0.0,0.0,0.0,0.0,3,0,0,0,0,0,0,0,0.0,0.0,0.0,0.0,0.0,tokyo,tokyo
2026-02-26T06:25:39.966246,12826.37,12826.37,0.0,0.0,0.0,0.0,3,0,0,0,0,0,0,0,0.0,0.0,0.0,0.0,0.0,tokyo,tokyo
2026-02-26T06:27:43.393279,12826.37,12826.37,0.0,0.0,0.0,0.0,3,0,0,0,0,0,0,0,0.0,0.0,0.0,0.0,0.0,tokyo,tokyo
2026-02-26T06:27:43.913290,12826.37,12826.37,0.0,0.0,0.0,0.0,3,0,0,0,0,0,0,0,0.0,0.0,0.0,0.0,0.0,tokyo,tokyo
2026-02-26T06:29:36.881272,12826.37,12826.37,0.0,0.0,0.0,0.0,3,0,0,0,0,0,0,0,0.0,0.0,0.0,0.0,0.0,,
2026-02-26T06:54:25.120466,12826.37,12826.37,0.0,0.0,0.0,0.0,3,0,0,0,0,0,0,0,0.0,0.0,0.0,0.0,0.0,tokyo,tokyo
2026-02-26T06:54:25.681061,12826.37,12826.37,0.0,0.0,0.0,0.0,3,0,0,0,0,0,0,0,0.0,0.0,0.0,0.0,0.0,tokyo,tokyo
2026-02-26T06:55:41.951567,12826.37,12826.37,0.0,0.0,0.0,0.0,3,0,0,0,0,0,0,0,0.0,0.0,0.0,0.0,0.0,,
2026-02-26T07:20:29.772315,12826.37,12826.37,0.0,0.0,0.0,0.0,3,0,0,0,0,0,0,0,0.0,0.0,0.0,0.0,0.0,tokyo,tokyo
2026-02-26T07:20:30.321295,12826.37,12826.37,0.0,0.0,0.0,0.0,3,0,0,0,0,0,0,0,0.0,0.0,0.0,0.0,0.0,tokyo,tokyo
2026-02-26T07:22:43.144321,12826.37,12826.37,0.0,0.0,0.0,0.0,3,0,0,0,0,0,0,0,0.0,0.0,0.0,0.0,0.0,,
2026-02-26T07:42:32.982375,12826.37,12826.37,0.0,0.0,0.0,0.0,3,0,0,0,0,0,0,0,0.0,0.0,0.0,0.0,0.0,,
2026-02-26T08:01:32.384267,12826.37,12826.37,0.0,0.0,0.0,0.0,3,0,0,0,0,0,0,0,0.0,0.0,0.0,0.0,0.0,,
2026-02-26T08:26:57.285284,12826.37,12826.37,0.0,0.0,0.0,0.0,3,0,0,0,0,0,0,0,0.0,0.0,0.0,0.0,0.0,tokyo_london_overlap,tokyo_london_overlap
2026-02-26T08:26:57.811146,12826.37,12826.37,0.0,0.0,0.0,0.0,3,0,0,0,0,0,0,0,0.0,0.0,0.0,0.0,0.0,tokyo_london_overlap,tokyo_london_overlap
2026-02-26T08:28:14.682970,12826.37,12826.37,0.0,0.0,0.0,0.0,3,0,0,0,0,0,0,0,0.0,0.0,0.0,0.0,0.0,,
2026-02-26T08:47:33.129878,12826.37,12826.37,0.0,0.0,0.0,0.0,3,0,0,0,0,0,0,0,0.0,0.0,0.0,0.0,0.0,,
2026-02-26T09:08:36.292257,12826.37,12826.37,0.0,0.0,0.0,0.0,3,0,0,0,0,0,0,0,0.0,0.0,0.0,0.0,0.0,,
2026-02-26T09:29:53.532311,12826.37,12826.37,0.0,0.0,0.0,0.0,3,0,0,0,0,0,0,0,0.0,0.0,0.0,0.0,0.0,,
2026-02-26T09:43:41.034864,12826.37,12826.37,0.0,0.0,0.0,0.0,3,0,0,0,0,0,0,0,0.0,0.0,0.0,0.0,0.0,,
2026-02-26T09:57:45.916355,12826.37,12826.37,0.0,0.0,0.0,0.0,3,0,0,0,0,0,0,0,0.0,0.0,0.0,0.0,0.0,,
2026-02-26T10:17:59.606353,12826.37,12826.37,0.0,0.0,0.0,0.0,3,0,0,0,0,0,0,0,0.0,0.0,0.0,0.0,0.0,london,london
2026-02-26T10:18:00.236922,12826.37,12826.37,0.0,0.0,0.0,0.0,3,0,0,0,0,0,0,0,0.0,0.0,0.0,0.0,0.0,london,london
2026-02-26T10:20:17.441260,12826.37,12826.37,0.0,0.0,0.0,0.0,3,0,0,0,0,0,0,0,0.0,0.0,0.0,0.0,0.0,london,london
2026-02-26T10:20:17.998277,12826.37,12826.37,0.0,0.0,0.0,0.0,3,0,0,0,0,0,0,0,0.0,0.0,0.0,0.0,0.0,london,london
2026-02-26T10:22:37.414528,12826.37,12826.37,0.0,0.0,0.0,0.0,3,0,0,0,0,0,0,0,0.0,0.0,0.0,0.0,0.0,london,london
2026-02-26T10:22:38.001257,12826.37,12826.37,0.0,0.0,0.0,0.0,3,0,0,0,0,0,0,0,0.0,0.0,0.0,0.0,0.0,london,london
2026-02-26T10:24:47.277287,12826.37,12826.37,0.0,0.0,0.0,0.0,3,0,0,0,0,0,0,0,0.0,0.0,0.0,0.0,0.0,london,london
2026-02-26T10:24:47.864275,12826.37,12826.37,0.0,0.0,0.0,0.0,3,0,0,0,0,0,0,0,0.0,0.0,0.0,0.0,0.0,london,london
2026-02-26T10:27:01.726413,12826.37,12826.37,0.0,0.0,0.0,0.0,3,0,0,0,0,0,0,0,0.0,0.0,0.0,0.0,0.0,london,london
2026-02-26T10:27:02.289623,12826.37,12826.37,0.0,0.0,0.0,0.0,3,0,0,0,0,0,0,0,0.0,0.0,0.0,0.0,0.0,london,london
2026-02-26T10:29:08.296086,12826.37,12826.37,0.0,0.0,0.0,0.0,3,0,0,0,0,0,0,0,0.0,0.0,0.0,0.0,0.0,london,london
2026-02-26T10:29:08.850220,12826.37,12826.37,0.0,0.0,0.0,0.0,3,0,0,0,0,0,0,0,0.0,0.0,0.0,0.0,0.0,london,london
2026-02-26T10:31:19.635261,12826.37,12826.37,0.0,0.0,0.0,0.0,3,0,0,0,0,0,0,0,0.0,0.0,0.0,0.0,0.0,london,london
2026-02-26T10:31:20.232278,12826.37,12826.37,0.0,0.0,0.0,0.0,3,0,0,0,0,0,0,0,0.0,0.0,0.0,0.0,0.0,london,london
2026-02-26T10:33:44.273298,12826.37,12826.37,0.0,0.0,0.0,0.0,3,0,0,0,0,0,0,0,0.0,0.0,0.0,0.0,0.0,,
2026-02-26T10:53:29.725306,12826.37,12826.37,0.0,0.0,0.0,0.0,3,0,0,0,0,0,0,0,0.0,0.0,0.0,0.0,0.0,london,london
2026-02-26T10:53:30.298406,12826.37,12826.37,0.0,0.0,0.0,0.0,3,0,0,0,0,0,0,0,0.0,0.0,0.0,0.0,0.0,london,london
2026-02-26T10:55:05.237187,12826.37,12826.37,0.0,0.0,0.0,0.0,3,0,0,0,0,0,0,0,0.0,0.0,0.0,0.0,0.0,,
2026-02-26T11:11:46.055285,12826.37,12826.37,0.0,0.0,0.0,0.0,3,0,0,0,0,0,0,0,0.0,0.0,0.0,0.0,0.0,london,london
2026-02-26T11:11:46.597280,12826.37,12826.37,0.0,0.0,0.0,0.0,3,0,0,0,0,0,0,0,0.0,0.0,0.0,0.0,0.0,london,london
2026-02-26T11:13:48.801301,12826.37,12826.37,0.0,0.0,0.0,0.0,3,0,0,0,0,0,0,0,0.0,0.0,0.0,0.0,0.0,london,london
2026-02-26T11:13:49.329265,12826.37,12826.37,0.0,0.0,0.0,0.0,3,0,0,0,0,0,0,0,0.0,0.0,0.0,0.0,0.0,london,london
2026-02-26T11:15:45.632114,12826.37,12826.37,0.0,0.0,0.0,0.0,3,0,0,0,0,0,0,0,0.0,0.0,0.0,0.0,0.0,,
2026-02-26T11:32:27.103257,12826.37,12826.37,0.0,0.0,0.0,0.0,3,0,0,0,0,0,0,0,0.0,0.0,0.0,0.0,0.0,london,london
2026-02-26T11:32:27.639256,12826.37,12826.37,0.0,0.0,0.0,0.0,3,0,0,0,0,0,0,0,0.0,0.0,0.0,0.0,0.0,london,london
2026-02-26T11:33:53.165154,12826.37,12826.37,0.0,0.0,0.0,0.0,3,0,0,0,0,0,0,0,0.0,0.0,0.0,0.0,0.0,,
2026-02-26T11:47:21.533251,12826.37,12826.37,0.0,0.0,0.0,0.0,3,0,0,0,0,0,0,0,0.0,0.0,0.0,0.0,0.0,,
2026-02-26T11:59:21.001451,12826.37,12826.37,0.0,0.0,0.0,0.0,3,0,0,0,0,0,0,0,0.0,0.0,0.0,0.0,0.0,,
2026-02-26T12:18:16.627269,12826.37,12826.37,0.0,0.0,0.0,0.0,3,0,0,0,0,0,0,0,0.0,0.0,0.0,0.0,0.0,,
2026-02-26T12:33:47.832278,12826.37,12826.37,0.0,0.0,0.0,0.0,3,0,0,0,0,0,0,0,0.0,0.0,0.0,0.0,0.0,,
2026-02-26T12:46:58.762273,12826.37,12826.37,0.0,0.0,0.0,0.0,3,0,0,0,0,0,0,0,0.0,0.0,0.0,0.0,0.0,,
2026-02-26T13:00:34.015846,12826.37,12826.37,0.0,0.0,0.0,0.0,3,0,0,0,0,0,0,0,0.0,0.0,0.0,0.0,0.0,london,london
2026-02-26T13:00:34.555913,12826.37,12826.37,0.0,0.0,0.0,0.0,3,0,0,0,0,0,0,0,0.0,0.0,0.0,0.0,0.0,london,london
2026-02-26T13:02:33.042002,12826.37,12826.37,0.0,0.0,0.0,0.0,3,0,0,0,0,0,0,0,0.0,0.0,0.0,0.0,0.0,,
2026-02-26T13:22:03.548200,12826.37,12826.37,0.0,0.0,0.0,0.0,3,0,0,0,0,0,0,0,0.0,0.0,0.0,0.0,0.0,,
2026-02-26T13:36:13.739887,12826.37,12826.37,0.0,0.0,0.0,0.0,3,0,0,0,0,0,0,0,0.0,0.0,0.0,0.0,0.0,,
2026-02-26T13:49:30.649820,12826.37,12826.37,0.0,0.0,0.0,0.0,3,0,0,0,0,0,0,0,0.0,0.0,0.0,0.0,0.0,,
2026-02-26T14:05:32.612304,12826.37,12826.37,0.0,0.0,0.0,0.0,3,0,0,0,0,0,0,0,0.0,0.0,0.0,0.0,0.0,london_ny_overlap,london_ny_overlap
2026-02-26T14:05:33.210299,12826.37,12826.37,0.0,0.0,0.0,0.0,3,0,0,0,0,0,0,0,0.0,0.0,0.0,0.0,0.0,london_ny_overlap,london_ny_overlap
2026-02-26T14:08:00.204280,12826.37,12826.37,0.0,0.0,0.0,0.0,3,0,0,0,0,0,0,0,0.0,0.0,0.0,0.0,0.0,london_ny_overlap,london_ny_overlap
2026-02-26T14:08:00.780811,12826.37,12826.37,0.0,0.0,0.0,0.0,3,0,0,0,0,0,0,0,0.0,0.0,0.0,0.0,0.0,london_ny_overlap,london_ny_overlap
2026-02-26T14:10:19.260275,12826.37,12826.37,0.0,0.0,0.0,0.0,3,0,0,0,0,0,0,0,0.0,0.0,0.0,0.0,0.0,london_ny_overlap,london_ny_overlap
2026-02-26T14:10:19.895311,12826.37,12826.37,0.0,0.0,0.0,0.0,3,0,0,0,0,0,0,0,0.0,0.0,0.0,0.0,0.0,london_ny_overlap,london_ny_overlap
2026-02-26T14:12:27.255290,12826.37,12826.37,0.0,0.0,0.0,0.0,3,0,0,0,0,0,0,0,0.0,0.0,0.0,0.0,0.0,,
2026-02-26T14:32:49.605304,12826.37,12826.37,0.0,0.0,0.0,0.0,3,0,0,0,0,0,0,0,0.0,0.0,0.0,0.0,0.0,london_ny_overlap,london_ny_overlap
2026-02-26T14:32:50.143272,12826.37,12826.37,0.0,0.0,0.0,0.0,3,0,0,0,0,0,0,0,0.0,0.0,0.0,0.0,0.0,london_ny_overlap,london_ny_overlap
2026-02-26T14:35:02.102137,12826.37,12826.37,0.0,0.0,0.0,0.0,3,0,0,0,0,0,0,0,0.0,0.0,0.0,0.0,0.0,,
2026-02-26T14:55:39.867124,12826.37,12826.37,0.0,0.0,0.0,0.0,3,0,0,0,0,0,0,0,0.0,0.0,0.0,0.0,0.0,london_ny_overlap,london_ny_overlap
2026-02-26T14:55:40.466951,12826.37,12826.37,0.0,0.0,0.0,0.0,3,0,0,0,0,0,0,0,0.0,0.0,0.0,0.0,0.0,london_ny_overlap,london_ny_overlap
2026-02-26T14:57:11.116351,12826.37,12826.37,0.0,0.0,0.0,0.0,3,0,0,0,0,0,0,0,0.0,0.0,0.0,0.0,0.0,,
2026-02-26T15:19:04.945133,12826.37,12826.37,0.0,0.0,0.0,0.0,4,1,0,0,0,0,0,0,0.0,0.0,0.0,0.0,0.0,london_ny_overlap,london_ny_overlap
2026-02-26T15:19:05.686109,12826.37,12826.37,0.0,0.0,0.0,0.0,4,1,0,0,0,0,0,0,0.0,0.0,0.0,0.0,0.0,london_ny_overlap,london_ny_overlap
2026-02-26T15:21:49.118298,12826.37,12826.37,0.0,0.0,0.0,0.0,4,0,0,0,0,0,0,0,0.0,0.0,0.0,0.0,0.0,london_ny_overlap,london_ny_overlap
2026-02-26T15:21:49.833299,12826.37,12826.37,0.0,0.0,0.0,0.0,4,0,0,0,0,0,0,0,0.0,0.0,0.0,0.0,0.0,london_ny_overlap,london_ny_overlap
2026-02-26T15:24:27.804662,12826.37,12826.37,0.0,0.0,0.0,0.0,4,0,0,0,0,0,0,0,0.0,0.0,0.0,0.0,0.0,london_ny_overlap,london_ny_overlap
2026-02-26T15:24:28.490323,12826.37,12826.37,0.0,0.0,0.0,0.0,4,0,0,0,0,0,0,0,0.0,0.0,0.0,0.0,0.0,london_ny_overlap,london_ny_overlap
2026-02-26T15:27:01.570348,12826.37,12826.37,0.0,0.0,0.0,0.0,4,1,0,0,0,0,0,0,0.0,0.0,0.0,0.0,0.0,london_ny_overlap,london_ny_overlap
2026-02-26T15:27:02.237322,12826.37,12826.37,0.0,0.0,0.0,0.0,4,1,0,0,0,0,0,0,0.0,0.0,0.0,0.0,0.0,london_ny_overlap,london_ny_overlap
2026-02-26T15:29:00.028351,12826.37,12826.37,0.0,0.0,0.0,0.0,5,0,0,0,0,0,0,0,0.0,0.0,0.0,0.0,0.0,london_ny_overlap,london_ny_overlap
2026-02-26T15:29:00.819327,12826.37,12826.37,0.0,0.0,0.0,0.0,5,0,0,0,0,0,0,0,0.0,0.0,0.0,0.0,0.0,london_ny_overlap,london_ny_overlap
2026-02-26T15:30:46.044417,12826.37,12826.37,0.0,0.0,0.0,0.0,5,0,0,0,0,0,0,0,0.0,0.0,0.0,0.0,0.0,london_ny_overlap,london_ny_overlap
2026-02-26T15:30:46.831291,12826.37,12826.37,0.0,0.0,0.0,0.0,5,0,0,0,0,0,0,0,0.0,0.0,0.0,0.0,0.0,london_ny_overlap,london_ny_overlap
2026-02-26T15:32:24.485297,12826.37,12826.37,0.0,0.0,0.0,0.0,5,0,0,0,0,0,0,0,0.0,0.0,0.0,0.0,0.0,london_ny_overlap,london_ny_overlap
2026-02-26T15:32:25.270375,12826.37,12826.37,0.0,0.0,0.0,0.0,5,0,0,0,0,0,0,0,0.0,0.0,0.0,0.0,0.0,london_ny_overlap,london_ny_overlap
2026-02-26T15:34:04.045314,12826.37,12826.37,0.0,0.0,0.0,0.0,5,0,0,0,0,0,0,0,0.0,0.0,0.0,0.0,0.0,london_ny_overlap,london_ny_overlap
2026-02-26T15:34:04.811277,12826.37,12826.37,0.0,0.0,0.0,0.0,5,0,0,0,0,0,0,0,0.0,0.0,0.0,0.0,0.0,london_ny_overlap,london_ny_overlap
2026-02-26T15:35:42.684282,12826.37,12826.37,0.0,0.0,0.0,0.0,5,0,0,0,0,0,0,0,0.0,0.0,0.0,0.0,0.0,london_ny_overlap,london_ny_overlap
2026-02-26T15:35:43.418288,12826.37,12826.37,0.0,0.0,0.0,0.0,5,0,0,0,0,0,0,0,0.0,0.0,0.0,0.0,0.0,london_ny_overlap,london_ny_overlap
2026-02-26T15:37:13.723409,12826.37,12826.37,0.0,0.0,0.0,0.0,5,0,0,0,0,0,0,0,0.0,0.0,0.0,0.0,0.0,london_ny_overlap,london_ny_overlap
2026-02-26T15:37:14.478317,12826.37,12826.37,0.0,0.0,0.0,0.0,5,0,0,0,0,0,0,0,0.0,0.0,0.0,0.0,0.0,london_ny_overlap,london_ny_overlap
2026-02-26T15:38:49.862456,12826.37,12826.37,0.0,0.0,0.0,0.0,5,0,0,0,0,0,0,0,0.0,0.0,0.0,0.0,0.0,london_ny_overlap,london_ny_overlap
2026-02-26T15:38:50.599298,12826.37,12826.37,0.0,0.0,0.0,0.0,5,0,0,0,0,0,0,0,0.0,0.0,0.0,0.0,0.0,london_ny_overlap,london_ny_overlap
2026-02-26T15:40:29.416316,12826.37,12826.37,0.0,0.0,0.0,0.0,5,0,0,0,0,0,0,0,0.0,0.0,0.0,0.0,0.0,,
2026-02-26T15:56:59.709278,12826.37,12826.37,0.0,0.0,0.0,0.0,5,0,0,0,0,0,0,0,0.0,0.0,0.0,0.0,0.0,,
2026-02-26T16:21:07.831305,12826.37,12826.37,0.0,0.0,0.0,0.0,5,0,0,0,0,0,0,0,0.0,0.0,0.0,0.0,0.0,london_ny_overlap,london_ny_overlap
2026-02-26T16:21:08.731373,12826.37,12826.37,0.0,0.0,0.0,0.0,5,0,0,0,0,0,0,0,0.0,0.0,0.0,0.0,0.0,london_ny_overlap,london_ny_overlap
2026-02-26T16:23:53.097285,12826.37,12826.37,0.0,0.0,0.0,0.0,5,0,0,0,0,0,0,0,0.0,0.0,0.0,0.0,0.0,london_ny_overlap,london_ny_overlap
2026-02-26T16:23:53.933320,12826.37,12826.37,0.0,0.0,0.0,0.0,5,0,0,0,0,0,0,0,0.0,0.0,0.0,0.0,0.0,london_ny_overlap,london_ny_overlap
2026-02-26T16:26:27.705839,12826.37,12826.37,0.0,0.0,0.0,0.0,5,0,0,0,0,0,0,0,0.0,0.0,0.0,0.0,0.0,london_ny_overlap,london_ny_overlap
2026-02-26T16:26:28.502334,12826.37,12826.37,0.0,0.0,0.0,0.0,5,0,0,0,0,0,0,0,0.0,0.0,0.0,0.0,0.0,london_ny_overlap,london_ny_overlap
2026-02-26T16:28:21.798433,12826.37,12826.37,0.0,0.0,0.0,0.0,5,0,0,0,0,0,0,0,0.0,0.0,0.0,0.0,0.0,london_ny_overlap,london_ny_overlap
2026-02-26T16:28:22.574793,12826.37,12826.37,0.0,0.0,0.0,0.0,5,0,0,0,0,0,0,0,0.0,0.0,0.0,0.0,0.0,london_ny_overlap,london_ny_overlap
2026-02-26T16:30:04.871586,12826.37,12826.37,0.0,0.0,0.0,0.0,5,0,0,0,0,0,0,0,0.0,0.0,0.0,0.0,0.0,london_ny_overlap,london_ny_overlap
2026-02-26T16:30:05.643457,12826.37,12826.37,0.0,0.0,0.0,0.0,5,0,0,0,0,0,0,0,0.0,0.0,0.0,0.0,0.0,london_ny_overlap,london_ny_overlap
2026-02-26T16:31:42.066423,12826.37,12826.37,0.0,0.0,0.0,0.0,5,0,0,0,0,0,0,0,0.0,0.0,0.0,0.0,0.0,london_ny_overlap,london_ny_overlap
2026-02-26T16:31:42.873310,12826.37,12826.37,0.0,0.0,0.0,0.0,5,0,0,0,0,0,0,0,0.0,0.0,0.0,0.0,0.0,london_ny_overlap,london_ny_overlap
2026-02-26T16:33:22.050276,12826.37,12826.37,0.0,0.0,0.0,0.0,5,0,0,0,0,0,0,0,0.0,0.0,0.0,0.0,0.0,london_ny_overlap,london_ny_overlap
2026-02-26T16:33:22.844209,12826.37,12826.37,0.0,0.0,0.0,0.0,5,0,0,0,0,0,0,0,0.0,0.0,0.0,0.0,0.0,london_ny_overlap,london_ny_overlap
2026-02-26T16:35:03.358505,12826.37,12826.37,0.0,0.0,0.0,0.0,5,0,0,0,0,0,0,0,0.0,0.0,0.0,0.0,0.0,london_ny_overlap,london_ny_overlap
2026-02-26T16:35:04.151357,12826.37,12826.37,0.0,0.0,0.0,0.0,5,0,0,0,0,0,0,0,0.0,0.0,0.0,0.0,0.0,london_ny_overlap,london_ny_overlap
2026-02-26T16:36:43.138338,12826.37,12826.37,0.0,0.0,0.0,0.0,5,0,0,0,0,0,0,0,0.0,0.0,0.0,0.0,0.0,london_ny_overlap,london_ny_overlap
2026-02-26T16:36:43.919340,12826.37,12826.37,0.0,0.0,0.0,0.0,5,0,0,0,0,0,0,0,0.0,0.0,0.0,0.0,0.0,london_ny_overlap,london_ny_overlap
2026-02-26T16:38:26.822583,12826.37,12826.37,0.0,0.0,0.0,0.0,5,0,0,0,0,0,0,0,0.0,0.0,0.0,0.0,0.0,london_ny_overlap,london_ny_overlap
2026-02-26T16:38:27.700839,12826.37,12826.37,0.0,0.0,0.0,0.0,5,0,0,0,0,0,0,0,0.0,0.0,0.0,0.0,0.0,london_ny_overlap,london_ny_overlap
2026-02-26T16:40:12.543218,12826.37,12826.37,0.0,0.0,0.0,0.0,5,0,0,0,0,0,0,0,0.0,0.0,0.0,0.0,0.0,london_ny_overlap,london_ny_overlap
2026-02-26T16:40:13.316719,12826.37,12826.37,0.0,0.0,0.0,0.0,5,0,0,0,0,0,0,0,0.0,0.0,0.0,0.0,0.0,london_ny_overlap,london_ny_overlap
2026-02-26T16:42:01.306395,12826.37,12826.37,0.0,0.0,0.0,0.0,5,0,0,0,0,0,0,0,0.0,0.0,0.0,0.0,0.0,london_ny_overlap,london_ny_overlap
2026-02-26T16:42:02.179139,12826.37,12826.37,0.0,0.0,0.0,0.0,5,0,0,0,0,0,0,0,0.0,0.0,0.0,0.0,0.0,london_ny_overlap,london_ny_overlap
2026-02-26T16:43:43.842225,12826.37,12826.37,0.0,0.0,0.0,0.0,5,0,0,0,0,0,0,0,0.0,0.0,0.0,0.0,0.0,london_ny_overlap,london_ny_overlap
2026-02-26T16:43:44.570191,12826.37,12826.37,0.0,0.0,0.0,0.0,5,0,0,0,0,0,0,0,0.0,0.0,0.0,0.0,0.0,london_ny_overlap,london_ny_overlap
2026-02-26T16:45:33.194872,12826.37,12826.37,0.0,0.0,0.0,0.0,5,0,0,0,0,0,0,0,0.0,0.0,0.0,0.0,0.0,london_ny_overlap,london_ny_overlap
2026-02-26T16:45:33.998540,12826.37,12826.37,0.0,0.0,0.0,0.0,5,0,0,0,0,0,0,0,0.0,0.0,0.0,0.0,0.0,london_ny_overlap,london_ny_overlap
2026-02-26T16:47:31.973663,12826.37,12826.37,0.0,0.0,0.0,0.0,5,0,0,0,0,0,0,0,0.0,0.0,0.0,0.0,0.0,london_ny_overlap,london_ny_overlap
2026-02-26T16:47:32.698022,12826.37,12826.37,0.0,0.0,0.0,0.0,5,0,0,0,0,0,0,0,0.0,0.0,0.0,0.0,0.0,london_ny_overlap,london_ny_overlap
2026-02-26T16:49:23.061324,12826.37,12826.37,0.0,0.0,0.0,0.0,5,0,0,0,0,0,0,0,0.0,0.0,0.0,0.0,0.0,london_ny_overlap,london_ny_overlap
2026-02-26T16:49:23.794942,12826.37,12826.37,0.0,0.0,0.0,0.0,5,0,0,0,0,0,0,0,0.0,0.0,0.0,0.0,0.0,london_ny_overlap,london_ny_overlap
2026-02-26T16:51:14.215646,12826.37,12826.37,0.0,0.0,0.0,0.0,5,0,0,0,0,0,0,0,0.0,0.0,0.0,0.0,0.0,london_ny_overlap,london_ny_overlap
2026-02-26T16:51:14.990333,12826.37,12826.37,0.0,0.0,0.0,0.0,5,0,0,0,0,0,0,0,0.0,0.0,0.0,0.0,0.0,london_ny_overlap,london_ny_overlap
2026-02-26T16:53:06.130020,12826.37,12826.37,0.0,0.0,0.0,0.0,5,0,0,0,0,0,0,0,0.0,0.0,0.0,0.0,0.0,london_ny_overlap,london_ny_overlap
2026-02-26T16:53:07.016409,12826.37,12826.37,0.0,0.0,0.0,0.0,5,0,0,0,0,0,0,0,0.0,0.0,0.0,0.0,0.0,london_ny_overlap,london_ny_overlap
2026-02-26T16:54:51.507984,12826.37,12826.37,0.0,0.0,0.0,0.0,5,0,0,0,0,0,0,0,0.0,0.0,0.0,0.0,0.0,london_ny_overlap,london_ny_overlap
2026-02-26T16:54:52.238556,12826.37,12826.37,0.0,0.0,0.0,0.0,5,0,0,0,0,0,0,0,0.0,0.0,0.0,0.0,0.0,london_ny_overlap,london_ny_overlap
2026-02-26T16:56:28.710530,12826.37,12826.37,0.0,0.0,0.0,0.0,5,0,0,0,0,0,0,0,0.0,0.0,0.0,0.0,0.0,london_ny_overlap,london_ny_overlap
2026-02-26T16:56:29.446831,12826.37,12826.37,0.0,0.0,0.0,0.0,5,0,0,0,0,0,0,0,0.0,0.0,0.0,0.0,0.0,london_ny_overlap,london_ny_overlap
2026-02-26T16:58:13.670099,12826.37,12826.37,0.0,0.0,0.0,0.0,5,0,0,0,0,0,0,0,0.0,0.0,0.0,0.0,0.0,london_ny_overlap,london_ny_overlap
2026-02-26T16:58:14.512681,12826.37,12826.37,0.0,0.0,0.0,0.0,5,0,0,0,0,0,0,0,0.0,0.0,0.0,0.0,0.0,london_ny_overlap,london_ny_overlap
2026-02-26T16:59:57.981613,12826.37,12826.37,0.0,0.0,0.0,0.0,5,0,0,0,0,0,0,0,0.0,0.0,0.0,0.0,0.0,london_ny_overlap,london_ny_overlap
2026-02-26T16:59:58.729276,12826.37,12826.37,0.0,0.0,0.0,0.0,5,0,0,0,0,0,0,0,0.0,0.0,0.0,0.0,0.0,london_ny_overlap,london_ny_overlap
2026-02-26T17:02:49.825178,12826.37,12826.37,0.0,0.0,0.0,0.0,5,0,0,0,0,0,0,0,0.0,0.0,0.0,0.0,0.0,,
2026-02-26T17:31:18.886539,12826.37,12826.37,0.0,0.0,0.0,0.0,5,0,0,0,0,0,0,0,0.0,0.0,0.0,0.0,0.0,ny,ny
2026-02-26T17:31:19.639872,12826.37,12826.37,0.0,0.0,0.0,0.0,5,0,0,0,0,0,0,0,0.0,0.0,0.0,0.0,0.0,ny,ny
2026-02-26T17:32:57.845517,12826.37,12826.37,0.0,0.0,0.0,0.0,5,0,0,0,0,0,0,0,0.0,0.0,0.0,0.0,0.0,ny,ny
2026-02-26T17:32:58.608212,12826.37,12826.37,0.0,0.0,0.0,0.0,5,0,0,0,0,0,0,0,0.0,0.0,0.0,0.0,0.0,ny,ny
2026-02-26T17:34:39.293674,12826.37,12826.37,0.0,0.0,0.0,0.0,5,0,0,0,0,0,0,0,0.0,0.0,0.0,0.0,0.0,ny,ny
2026-02-26T17:34:40.148316,12826.37,12826.37,0.0,0.0,0.0,0.0,5,0,0,0,0,0,0,0,0.0,0.0,0.0,0.0,0.0,ny,ny
2026-02-26T17:35:57.648653,12826.37,12826.37,0.0,0.0,0.0,0.0,5,0,0,0,0,0,0,0,0.0,0.0,0.0,0.0,0.0,ny,ny
2026-02-26T17:35:58.367176,12826.37,12826.37,0.0,0.0,0.0,0.0,5,0,0,0,0,0,0,0,0.0,0.0,0.0,0.0,0.0,ny,ny
2026-02-26T17:37:31.319325,12826.37,12826.37,0.0,0.0,0.0,0.0,5,0,0,0,0,0,0,0,0.0,0.0,0.0,0.0,0.0,ny,ny
2026-02-26T17:37:32.221317,12826.37,12826.37,0.0,0.0,0.0,0.0,5,0,0,0,0,0,0,0,0.0,0.0,0.0,0.0,0.0,ny,ny
2026-02-26T17:38:59.776693,12826.37,12826.37,0.0,0.0,0.0,0.0,5,0,0,0,0,0,0,0,0.0,0.0,0.0,0.0,0.0,ny,ny
2026-02-26T17:39:00.529325,12826.37,12826.37,0.0,0.0,0.0,0.0,5,0,0,0,0,0,0,0,0.0,0.0,0.0,0.0,0.0,ny,ny
2026-02-26T17:40:47.374107,12826.37,12826.37,0.0,0.0,0.0,0.0,5,0,0,0,0,0,0,0,0.0,0.0,0.0,0.0,0.0,ny,ny
2026-02-26T17:40:48.171229,12826.37,12826.37,0.0,0.0,0.0,0.0,5,0,0,0,0,0,0,0,0.0,0.0,0.0,0.0,0.0,ny,ny
2026-02-26T17:42:38.168002,12826.37,12826.37,0.0,0.0,0.0,0.0,5,0,0,0,0,0,0,0,0.0,0.0,0.0,0.0,0.0,ny,ny
2026-02-26T17:42:39.008132,12826.37,12826.37,0.0,0.0,0.0,0.0,5,0,0,0,0,0,0,0,0.0,0.0,0.0,0.0,0.0,ny,ny
2026-02-26T17:44:24.541276,12826.37,12826.37,0.0,0.0,0.0,0.0,5,0,0,0,0,0,0,0,0.0,0.0,0.0,0.0,0.0,ny,ny
2026-02-26T17:44:25.400424,12826.37,12826.37,0.0,0.0,0.0,0.0,5,0,0,0,0,0,0,0,0.0,0.0,0.0,0.0,0.0,ny,ny
2026-02-26T17:46:02.802257,12826.37,12826.37,0.0,0.0,0.0,0.0,5,0,0,0,0,0,0,0,0.0,0.0,0.0,0.0,0.0,ny,ny
2026-02-26T17:46:03.562857,12826.37,12826.37,0.0,0.0,0.0,0.0,5,0,0,0,0,0,0,0,0.0,0.0,0.0,0.0,0.0,ny,ny
2026-02-26T17:47:46.574293,12826.37,12826.37,0.0,0.0,0.0,0.0,5,0,0,0,0,0,0,0,0.0,0.0,0.0,0.0,0.0,ny,ny
2026-02-26T17:47:47.312630,12826.37,12826.37,0.0,0.0,0.0,0.0,5,0,0,0,0,0,0,0,0.0,0.0,0.0,0.0,0.0,ny,ny
2026-02-26T17:49:21.712303,12826.37,12826.37,0.0,0.0,0.0,0.0,5,0,0,0,0,0,0,0,0.0,0.0,0.0,0.0,0.0,ny,ny
2026-02-26T17:49:22.892293,12826.37,12826.37,0.0,0.0,0.0,0.0,5,0,0,0,0,0,0,0,0.0,0.0,0.0,0.0,0.0,ny,ny
2026-02-26T17:51:10.972498,12918.1497,12918.1497,0.0,0.0,0.0,0.0,4,0,0,0,0,0,0,0,0.0,0.0,0.0,0.0,0.0,ny,ny
2026-02-26T17:51:11.618878,12918.1497,12918.1497,0.0,0.0,0.0,0.0,4,0,0,0,0,0,0,0,0.0,0.0,0.0,0.0,0.0,ny,ny
2026-02-26T17:53:04.544164,12918.1497,12918.1497,0.0,0.0,0.0,0.0,4,0,0,0,0,0,0,0,0.0,0.0,0.0,0.0,0.0,ny,ny
2026-02-26T17:53:05.205477,12918.1497,12918.1497,0.0,0.0,0.0,0.0,4,0,0,0,0,0,0,0,0.0,0.0,0.0,0.0,0.0,ny,ny
2026-02-26T17:54:50.718200,12918.1497,12918.1497,0.0,0.0,0.0,0.0,4,0,0,0,0,0,0,0,0.0,0.0,0.0,0.0,0.0,ny,ny
2026-02-26T17:54:51.366427,12918.1497,12918.1497,0.0,0.0,0.0,0.0,4,0,0,0,0,0,0,0,0.0,0.0,0.0,0.0,0.0,ny,ny
2026-02-26T17:56:23.553889,12918.1497,12918.1497,0.0,0.0,0.0,0.0,4,0,0,0,0,0,0,0,0.0,0.0,0.0,0.0,0.0,ny,ny
2026-02-26T17:56:24.194731,12918.1497,12918.1497,0.0,0.0,0.0,0.0,4,0,0,0,0,0,0,0,0.0,0.0,0.0,0.0,0.0,ny,ny
2026-02-26T17:57:58.250293,12918.1497,12918.1497,0.0,0.0,0.0,0.0,4,0,0,0,0,0,0,0,0.0,0.0,0.0,0.0,0.0,ny,ny
2026-02-26T17:57:58.920484,12918.1497,12918.1497,0.0,0.0,0.0,0.0,4,0,0,0,0,0,0,0,0.0,0.0,0.0,0.0,0.0,ny,ny
2026-02-26T17:59:34.636116,12918.1497,12918.1497,0.0,0.0,0.0,0.0,4,0,0,0,0,0,0,0,0.0,0.0,0.0,0.0,0.0,ny,ny
2026-02-26T17:59:35.287237,12918.1497,12918.1497,0.0,0.0,0.0,0.0,4,0,0,0,0,0,0,0,0.0,0.0,0.0,0.0,0.0,ny,ny
2026-02-26T18:02:04.465310,12918.1497,12918.1497,0.0,0.0,0.0,0.0,4,0,0,0,0,0,0,0,0.0,0.0,0.0,0.0,0.0,ny,ny
2026-02-26T18:02:05.127324,12918.1497,12918.1497,0.0,0.0,0.0,0.0,4,0,0,0,0,0,0,0,0.0,0.0,0.0,0.0,0.0,ny,ny
2026-02-26T18:04:08.969261,12918.1497,12918.1497,0.0,0.0,0.0,0.0,4,0,0,0,0,0,0,0,0.0,0.0,0.0,0.0,0.0,ny,ny
2026-02-26T18:04:09.641296,12918.1497,12918.1497,0.0,0.0,0.0,0.0,4,0,0,0,0,0,0,0,0.0,0.0,0.0,0.0,0.0,ny,ny
2026-02-26T18:06:45.896287,12918.1497,12918.1497,0.0,0.0,0.0,0.0,4,0,0,0,0,0,0,0,0.0,0.0,0.0,0.0,0.0,ny,ny
2026-02-26T18:06:46.698291,12918.1497,12918.1497,0.0,0.0,0.0,0.0,4,0,0,0,0,0,0,0,0.0,0.0,0.0,0.0,0.0,ny,ny
2026-02-26T18:09:24.761282,12918.1497,12918.1497,0.0,0.0,0.0,0.0,4,0,0,0,0,0,0,0,0.0,0.0,0.0,0.0,0.0,ny,ny
2026-02-26T18:09:25.449313,12918.1497,12918.1497,0.0,0.0,0.0,0.0,4,0,0,0,0,0,0,0,0.0,0.0,0.0,0.0,0.0,ny,ny
2026-02-26T18:11:47.986293,12918.1497,12918.1497,0.0,0.0,0.0,0.0,4,0,0,0,0,0,0,0,0.0,0.0,0.0,0.0,0.0,ny,ny
2026-02-26T18:11:48.653296,12918.1497,12918.1497,0.0,0.0,0.0,0.0,4,0,0,0,0,0,0,0,0.0,0.0,0.0,0.0,0.0,ny,ny
2026-02-26T18:14:22.543505,12918.1497,12918.1497,0.0,0.0,0.0,0.0,4,0,0,0,0,0,0,0,0.0,0.0,0.0,0.0,0.0,ny,ny
2026-02-26T18:14:23.192288,12918.1497,12918.1497,0.0,0.0,0.0,0.0,4,0,0,0,0,0,0,0,0.0,0.0,0.0,0.0,0.0,ny,ny
2026-02-26T18:16:44.818390,12918.1497,12918.1497,0.0,0.0,0.0,0.0,4,0,0,0,0,0,0,0,0.0,0.0,0.0,0.0,0.0,ny,ny
2026-02-26T18:16:45.489216,12918.1497,12918.1497,0.0,0.0,0.0,0.0,4,0,0,0,0,0,0,0,0.0,0.0,0.0,0.0,0.0,ny,ny
2026-02-26T18:19:17.698429,12918.1497,12918.1497,0.0,0.0,0.0,0.0,4,0,0,0,0,0,0,0,0.0,0.0,0.0,0.0,0.0,ny,ny
2026-02-26T18:19:18.376302,12918.1497,12918.1497,0.0,0.0,0.0,0.0,4,0,0,0,0,0,0,0,0.0,0.0,0.0,0.0,0.0,ny,ny
2026-02-26T18:22:04.242612,12918.1497,12918.1497,0.0,0.0,0.0,0.0,4,0,0,0,0,0,0,0,0.0,0.0,0.0,0.0,0.0,ny,ny
2026-02-26T18:22:04.986324,12918.1497,12918.1497,0.0,0.0,0.0,0.0,4,0,0,0,0,0,0,0,0.0,0.0,0.0,0.0,0.0,ny,ny
2026-02-26T18:24:31.502721,12918.1497,12918.1497,0.0,0.0,0.0,0.0,4,0,0,0,0,0,0,0,0.0,0.0,0.0,0.0,0.0,ny,ny
2026-02-26T18:24:32.183708,12918.1497,12918.1497,0.0,0.0,0.0,0.0,4,0,0,0,0,0,0,0,0.0,0.0,0.0,0.0,0.0,ny,ny
2026-02-26T18:27:07.595285,12918.1497,12918.1497,0.0,0.0,0.0,0.0,4,0,0,0,0,0,0,0,0.0,0.0,0.0,0.0,0.0,ny,ny
2026-02-26T18:27:08.282268,12918.1497,12918.1497,0.0,0.0,0.0,0.0,4,0,0,0,0,0,0,0,0.0,0.0,0.0,0.0,0.0,ny,ny
2026-02-26T18:29:29.767286,12918.1497,12918.1497,0.0,0.0,0.0,0.0,4,0,0,0,0,0,0,0,0.0,0.0,0.0,0.0,0.0,ny,ny
2026-02-26T18:29:30.486324,12918.1497,12918.1497,0.0,0.0,0.0,0.0,4,0,0,0,0,0,0,0,0.0,0.0,0.0,0.0,0.0,ny,ny
2026-02-26T18:32:07.637278,12918.1497,12918.1497,0.0,0.0,0.0,0.0,4,0,0,0,0,0,0,0,0.0,0.0,0.0,0.0,0.0,ny,ny
2026-02-26T18:32:08.301297,12918.1497,12918.1497,0.0,0.0,0.0,0.0,4,0,0,0,0,0,0,0,0.0,0.0,0.0,0.0,0.0,ny,ny
2026-02-26T18:34:39.230519,12918.1497,12918.1497,0.0,0.0,0.0,0.0,4,0,0,0,0,0,0,0,0.0,0.0,0.0,0.0,0.0,ny,ny
2026-02-26T18:34:39.937414,12918.1497,12918.1497,0.0,0.0,0.0,0.0,4,0,0,0,0,0,0,0,0.0,0.0,0.0,0.0,0.0,ny,ny
2026-02-26T18:37:09.951284,12918.1497,12918.1497,0.0,0.0,0.0,0.0,4,0,0,0,0,0,0,0,0.0,0.0,0.0,0.0,0.0,ny,ny
2026-02-26T18:37:10.618107,12918.1497,12918.1497,0.0,0.0,0.0,0.0,4,0,0,0,0,0,0,0,0.0,0.0,0.0,0.0,0.0,ny,ny
2026-02-26T18:39:48.623025,12918.1497,12918.1497,0.0,0.0,0.0,0.0,4,0,0,0,0,0,0,0,0.0,0.0,0.0,0.0,0.0,ny,ny
2026-02-26T18:39:49.262987,12918.1497,12918.1497,0.0,0.0,0.0,0.0,4,0,0,0,0,0,0,0,0.0,0.0,0.0,0.0,0.0,ny,ny
2026-02-26T18:42:34.419268,12918.1497,12918.1497,0.0,0.0,0.0,0.0,4,0,0,0,0,0,0,0,0.0,0.0,0.0,0.0,0.0,,
2026-02-26T19:08:11.567344,12918.1497,12918.1497,0.0,0.0,0.0,0.0,4,0,0,0,0,0,0,0,0.0,0.0,0.0,0.0,0.0,ny,ny
2026-02-26T19:08:12.294681,12918.1497,12918.1497,0.0,0.0,0.0,0.0,4,0,0,0,0,0,0,0,0.0,0.0,0.0,0.0,0.0,ny,ny
2026-02-26T19:10:42.474623,12918.1497,12918.1497,0.0,0.0,0.0,0.0,4,0,0,0,0,0,0,0,0.0,0.0,0.0,0.0,0.0,,
2026-02-26T19:34:37.006600,12918.1497,12918.1497,0.0,0.0,0.0,0.0,4,0,0,0,0,0,0,0,0.0,0.0,0.0,0.0,0.0,ny,ny
2026-02-26T19:34:37.641525,12918.1497,12918.1497,0.0,0.0,0.0,0.0,4,0,0,0,0,0,0,0,0.0,0.0,0.0,0.0,0.0,ny,ny
2026-02-26T19:36:06.211262,12918.1497,12918.1497,0.0,0.0,0.0,0.0,4,0,0,0,0,0,0,0,0.0,0.0,0.0,0.0,0.0,,
2026-02-26T19:55:13.355424,12918.1497,12918.1497,0.0,0.0,0.0,0.0,4,0,0,0,0,0,0,0,0.0,0.0,0.0,0.0,0.0,,
2026-02-26T20:18:42.507329,12918.1497,12918.1497,0.0,0.0,0.0,0.0,4,0,0,0,0,0,0,0,0.0,0.0,0.0,0.0,0.0,,
2026-02-26T20:38:26.310361,12918.1497,12918.1497,0.0,0.0,0.0,0.0,4,0,0,0,0,0,0,0,0.0,0.0,0.0,0.0,0.0,,
2026-02-26T20:56:24.725272,12918.1497,12918.1497,0.0,0.0,0.0,0.0,4,0,0,0,0,0,0,0,0.0,0.0,0.0,0.0,0.0,,
2026-02-26T21:18:15.042361,12918.1497,12918.1497,0.0,0.0,0.0,0.0,4,0,0,0,0,0,0,0,0.0,0.0,0.0,0.0,0.0,,
2026-02-26T21:35:52.039644,12918.1497,12918.1497,0.0,0.0,0.0,0.0,4,0,0,0,0,0,0,0,0.0,0.0,0.0,0.0,0.0,,
2026-02-26T21:52:10.483270,12918.1497,12918.1497,0.0,0.0,0.0,0.0,4,0,0,0,0,0,0,0,0.0,0.0,0.0,0.0,0.0,,
2026-02-26T22:26:28.423365,12918.6011,12918.6011,0.0,0.0,0.4513999999999214,0.0034943084767002,4,0,0,0,0,0,0,0,0.0,0.0,0.0,0.0,0.0,,
2026-02-26T23:25:13.837543,12918.6011,12918.6011,0.0,0.0,0.4513999999999214,0.0034943084767002,4,0,0,0,0,0,0,0,0.0,0.0,0.0,0.0,0.0,,
2026-02-27T00:12:39.190303,12918.6011,12918.6011,0.0,0.0,0.4513999999999214,0.0034943084767002,4,0,0,0,0,0,0,0,0.0,0.0,0.0,0.0,0.0,,
2026-02-27T00:35:18.022158,12918.6011,12918.6011,0.0,0.0,0.4513999999999214,0.0034943084767002,4,0,0,0,0,0,0,0,0.0,0.0,0.0,0.0,0.0,tokyo,tokyo
2026-02-27T00:35:18.639319,12918.6011,12918.6011,0.0,0.0,0.4513999999999214,0.0034943084767002,4,0,0,0,0,0,0,0,0.0,0.0,0.0,0.0,0.0,tokyo,tokyo
2026-02-27T00:36:52.184291,12918.6011,12918.6011,0.0,0.0,0.0,0.0,4,0,0,0,0,0,0,0,0.0,0.0,0.0,0.0,0.0,tokyo,tokyo
2026-02-27T00:36:52.809887,12918.6011,12918.6011,0.0,0.0,0.0,0.0,4,0,0,0,0,0,0,0,0.0,0.0,0.0,0.0,0.0,tokyo,tokyo
2026-02-27T00:38:16.139304,12918.6011,12918.6011,0.0,0.0,0.0,0.0,4,0,0,0,0,0,0,0,0.0,0.0,0.0,0.0,0.0,tokyo,tokyo
2026-02-27T00:38:16.781558,12918.6011,12918.6011,0.0,0.0,0.0,0.0,4,0,0,0,0,0,0,0,0.0,0.0,0.0,0.0,0.0,tokyo,tokyo
2026-02-27T00:39:51.801718,12918.6011,12918.6011,0.0,0.0,0.0,0.0,4,0,0,0,0,0,0,0,0.0,0.0,0.0,0.0,0.0,tokyo,tokyo
2026-02-27T00:39:52.410383,12918.6011,12918.6011,0.0,0.0,0.0,0.0,4,0,0,0,0,0,0,0,0.0,0.0,0.0,0.0,0.0,tokyo,tokyo
2026-02-27T00:41:26.013088,12918.6011,12918.6011,0.0,0.0,0.0,0.0,4,0,0,0,0,0,0,0,0.0,0.0,0.0,0.0,0.0,tokyo,tokyo
2026-02-27T00:41:26.641117,12918.6011,12918.6011,0.0,0.0,0.0,0.0,4,0,0,0,0,0,0,0,0.0,0.0,0.0,0.0,0.0,tokyo,tokyo
2026-02-27T00:42:53.982866,12918.6011,12918.6011,0.0,0.0,0.0,0.0,4,0,0,0,0,0,0,0,0.0,0.0,0.0,0.0,0.0,tokyo,tokyo
2026-02-27T00:42:54.592721,12918.6011,12918.6011,0.0,0.0,0.0,0.0,4,0,0,0,0,0,0,0,0.0,0.0,0.0,0.0,0.0,tokyo,tokyo
2026-02-27T00:44:28.893886,12918.6011,12918.6011,0.0,0.0,0.0,0.0,4,0,0,0,0,0,0,0,0.0,0.0,0.0,0.0,0.0,tokyo,tokyo
2026-02-27T00:44:29.507589,12918.6011,12918.6011,0.0,0.0,0.0,0.0,4,0,0,0,0,0,0,0,0.0,0.0,0.0,0.0,0.0,tokyo,tokyo
2026-02-27T00:46:00.393294,12918.6011,12918.6011,0.0,0.0,0.0,0.0,4,0,0,0,0,0,0,0,0.0,0.0,0.0,0.0,0.0,tokyo,tokyo
2026-02-27T00:46:01.014316,12918.6011,12918.6011,0.0,0.0,0.0,0.0,4,0,0,0,0,0,0,0,0.0,0.0,0.0,0.0,0.0,tokyo,tokyo
2026-02-27T00:47:25.369644,12918.6011,12918.6011,0.0,0.0,0.0,0.0,4,0,0,0,0,0,0,0,0.0,0.0,0.0,0.0,0.0,tokyo,tokyo
2026-02-27T00:47:26.036566,12918.6011,12918.6011,0.0,0.0,0.0,0.0,4,0,0,0,0,0,0,0,0.0,0.0,0.0,0.0,0.0,tokyo,tokyo
2026-02-27T00:49:03.005807,12918.6011,12918.6011,0.0,0.0,0.0,0.0,4,0,0,0,0,0,0,0,0.0,0.0,0.0,0.0,0.0,tokyo,tokyo
2026-02-27T00:49:03.627742,12918.6011,12918.6011,0.0,0.0,0.0,0.0,4,0,0,0,0,0,0,0,0.0,0.0,0.0,0.0,0.0,tokyo,tokyo
2026-02-27T00:50:30.815320,12918.6011,12918.6011,0.0,0.0,0.0,0.0,4,0,0,0,0,0,0,0,0.0,0.0,0.0,0.0,0.0,tokyo,tokyo
2026-02-27T00:50:31.442074,12918.6011,12918.6011,0.0,0.0,0.0,0.0,4,0,0,0,0,0,0,0,0.0,0.0,0.0,0.0,0.0,tokyo,tokyo
2026-02-27T00:51:57.874450,12918.6011,12918.6011,0.0,0.0,0.0,0.0,4,0,0,0,0,0,0,0,0.0,0.0,0.0,0.0,0.0,tokyo,tokyo
2026-02-27T00:51:58.515359,12918.6011,12918.6011,0.0,0.0,0.0,0.0,4,0,0,0,0,0,0,0,0.0,0.0,0.0,0.0,0.0,tokyo,tokyo
2026-02-27T00:53:23.955092,12918.6011,12918.6011,0.0,0.0,0.0,0.0,4,0,0,0,0,0,0,0,0.0,0.0,0.0,0.0,0.0,tokyo,tokyo
2026-02-27T00:53:24.562249,12918.6011,12918.6011,0.0,0.0,0.0,0.0,4,0,0,0,0,0,0,0,0.0,0.0,0.0,0.0,0.0,tokyo,tokyo
2026-02-27T00:54:54.466164,12918.6011,12918.6011,0.0,0.0,0.0,0.0,4,0,0,0,0,0,0,0,0.0,0.0,0.0,0.0,0.0,tokyo,tokyo
2026-02-27T00:54:55.175858,12918.6011,12918.6011,0.0,0.0,0.0,0.0,4,0,0,0,0,0,0,0,0.0,0.0,0.0,0.0,0.0,tokyo,tokyo
2026-02-27T00:56:27.255121,12918.6011,12918.6011,0.0,0.0,0.0,0.0,4,0,0,0,0,0,0,0,0.0,0.0,0.0,0.0,0.0,tokyo,tokyo
2026-02-27T00:56:27.863315,12918.6011,12918.6011,0.0,0.0,0.0,0.0,4,0,0,0,0,0,0,0,0.0,0.0,0.0,0.0,0.0,tokyo,tokyo
2026-02-27T00:57:54.628182,12918.6011,12918.6011,0.0,0.0,0.0,0.0,4,0,0,0,0,0,0,0,0.0,0.0,0.0,0.0,0.0,tokyo,tokyo
2026-02-27T00:57:55.247806,12918.6011,12918.6011,0.0,0.0,0.0,0.0,4,0,0,0,0,0,0,0,0.0,0.0,0.0,0.0,0.0,tokyo,tokyo
2026-02-27T00:59:15.721593,12918.6011,12918.6011,0.0,0.0,0.0,0.0,4,0,0,0,0,0,0,0,0.0,0.0,0.0,0.0,0.0,tokyo,tokyo
2026-02-27T00:59:16.348605,12918.6011,12918.6011,0.0,0.0,0.0,0.0,4,0,0,0,0,0,0,0,0.0,0.0,0.0,0.0,0.0,tokyo,tokyo
2026-02-27T01:01:08.506272,12918.6011,12918.6011,0.0,0.0,0.0,0.0,4,1,0,0,0,0,0,0,0.0,0.0,0.0,0.0,0.0,,
2026-02-27T01:25:44.418062,12918.6011,12918.6011,0.0,0.0,0.0,0.0,5,1,0,0,0,0,0,0,0.0,0.0,0.0,0.0,0.0,tokyo,tokyo
2026-02-27T01:25:45.123289,12918.6011,12918.6011,0.0,0.0,0.0,0.0,5,1,0,0,0,0,0,0,0.0,0.0,0.0,0.0,0.0,tokyo,tokyo
2026-02-27T01:27:03.452218,12918.6011,12918.6011,0.0,0.0,0.0,0.0,5,0,0,0,0,0,0,0,0.0,0.0,0.0,0.0,0.0,,
2026-02-27T01:44:07.857493,12918.6011,12918.6011,0.0,0.0,0.0,0.0,5,0,0,0,0,0,0,0,0.0,0.0,0.0,0.0,0.0,,
2026-02-27T02:03:34.408292,12918.6011,12918.6011,0.0,0.0,0.0,0.0,5,0,0,0,0,0,0,0,0.0,0.0,0.0,0.0,0.0,,
2026-02-27T02:29:39.317305,12918.6011,12918.6011,0.0,0.0,0.0,0.0,5,0,0,0,0,0,0,0,0.0,0.0,0.0,0.0,0.0,tokyo,tokyo
2026-02-27T02:29:40.078417,12918.6011,12918.6011,0.0,0.0,0.0,0.0,5,0,0,0,0,0,0,0,0.0,0.0,0.0,0.0,0.0,tokyo,tokyo
2026-02-27T02:32:02.148348,12918.6011,12918.6011,0.0,0.0,0.0,0.0,5,0,0,0,0,0,0,0,0.0,0.0,0.0,0.0,0.0,tokyo,tokyo
2026-02-27T02:32:02.889242,12918.6011,12918.6011,0.0,0.0,0.0,0.0,5,0,0,0,0,0,0,0,0.0,0.0,0.0,0.0,0.0,tokyo,tokyo
2026-02-27T02:34:16.188327,12918.6011,12918.6011,0.0,0.0,0.0,0.0,5,0,0,0,0,0,0,0,0.0,0.0,0.0,0.0,0.0,,
2026-02-27T02:57:43.764300,12918.6011,12918.6011,0.0,0.0,0.0,0.0,5,0,0,0,0,0,0,0,0.0,0.0,0.0,0.0,0.0,tokyo,tokyo
2026-02-27T02:57:44.465877,12918.6011,12918.6011,0.0,0.0,0.0,0.0,5,0,0,0,0,0,0,0,0.0,0.0,0.0,0.0,0.0,tokyo,tokyo
2026-02-27T02:59:11.091070,12918.6011,12918.6011,0.0,0.0,0.0,0.0,5,0,0,0,0,0,0,0,0.0,0.0,0.0,0.0,0.0,tokyo,tokyo
2026-02-27T02:59:11.849199,12918.6011,12918.6011,0.0,0.0,0.0,0.0,5,0,0,0,0,0,0,0,0.0,0.0,0.0,0.0,0.0,tokyo,tokyo
2026-02-27T03:01:11.647137,12918.6011,12918.6011,0.0,0.0,0.0,0.0,5,0,0,0,0,0,0,0,0.0,0.0,0.0,0.0,0.0,tokyo,tokyo
2026-02-27T03:01:12.422386,12918.6011,12918.6011,0.0,0.0,0.0,0.0,5,0,0,0,0,0,0,0,0.0,0.0,0.0,0.0,0.0,tokyo,tokyo
2026-02-27T03:03:27.707286,12918.6011,12918.6011,0.0,0.0,0.0,0.0,5,0,0,0,0,0,0,0,0.0,0.0,0.0,0.0,0.0,tokyo,tokyo
2026-02-27T03:03:28.604348,12918.6011,12918.6011,0.0,0.0,0.0,0.0,5,0,0,0,0,0,0,0,0.0,0.0,0.0,0.0,0.0,tokyo,tokyo
2026-02-27T03:05:44.496317,12918.6011,12918.6011,0.0,0.0,0.0,0.0,5,0,0,0,0,0,0,0,0.0,0.0,0.0,0.0,0.0,tokyo,tokyo
2026-02-27T03:05:45.281334,12918.6011,12918.6011,0.0,0.0,0.0,0.0,5,0,0,0,0,0,0,0,0.0,0.0,0.0,0.0,0.0,tokyo,tokyo
2026-02-27T03:07:53.103832,12918.6011,12918.6011,0.0,0.0,0.0,0.0,5,0,0,0,0,0,0,0,0.0,0.0,0.0,0.0,0.0,tokyo,tokyo
2026-02-27T03:07:53.839301,12918.6011,12918.6011,0.0,0.0,0.0,0.0,5,0,0,0,0,0,0,0,0.0,0.0,0.0,0.0,0.0,tokyo,tokyo
2026-02-27T03:10:04.609632,12918.6011,12918.6011,0.0,0.0,0.0,0.0,5,0,0,0,0,0,0,0,0.0,0.0,0.0,0.0,0.0,tokyo,tokyo
2026-02-27T03:10:05.371380,12918.6011,12918.6011,0.0,0.0,0.0,0.0,5,0,0,0,0,0,0,0,0.0,0.0,0.0,0.0,0.0,tokyo,tokyo
2026-02-27T03:12:04.519311,12918.6011,12918.6011,0.0,0.0,0.0,0.0,5,0,0,0,0,0,0,0,0.0,0.0,0.0,0.0,0.0,tokyo,tokyo
2026-02-27T03:12:05.251829,12918.6011,12918.6011,0.0,0.0,0.0,0.0,5,0,0,0,0,0,0,0,0.0,0.0,0.0,0.0,0.0,tokyo,tokyo
2026-02-27T03:14:08.875302,12918.6011,12918.6011,0.0,0.0,0.0,0.0,5,0,0,0,0,0,0,0,0.0,0.0,0.0,0.0,0.0,tokyo,tokyo
2026-02-27T03:14:09.590273,12918.6011,12918.6011,0.0,0.0,0.0,0.0,5,0,0,0,0,0,0,0,0.0,0.0,0.0,0.0,0.0,tokyo,tokyo
2026-02-27T03:16:19.543352,12918.6011,12918.6011,0.0,0.0,0.0,0.0,5,0,0,0,0,0,0,0,0.0,0.0,0.0,0.0,0.0,tokyo,tokyo
2026-02-27T03:16:20.291320,12918.6011,12918.6011,0.0,0.0,0.0,0.0,5,0,0,0,0,0,0,0,0.0,0.0,0.0,0.0,0.0,tokyo,tokyo
2026-02-27T03:18:33.790583,12918.6011,12918.6011,0.0,0.0,0.0,0.0,5,0,0,0,0,0,0,0,0.0,0.0,0.0,0.0,0.0,tokyo,tokyo
2026-02-27T03:18:34.541308,12918.6011,12918.6011,0.0,0.0,0.0,0.0,5,0,0,0,0,0,0,0,0.0,0.0,0.0,0.0,0.0,tokyo,tokyo
2026-02-27T03:20:39.605434,12918.6011,12918.6011,0.0,0.0,0.0,0.0,5,0,0,0,0,0,0,0,0.0,0.0,0.0,0.0,0.0,tokyo,tokyo
2026-02-27T03:20:40.378346,12918.6011,12918.6011,0.0,0.0,0.0,0.0,5,0,0,0,0,0,0,0,0.0,0.0,0.0,0.0,0.0,tokyo,tokyo
2026-02-27T03:22:56.642306,12918.6011,12918.6011,0.0,0.0,0.0,0.0,5,0,0,0,0,0,0,0,0.0,0.0,0.0,0.0,0.0,tokyo,tokyo
2026-02-27T03:22:57.424008,12918.6011,12918.6011,0.0,0.0,0.0,0.0,5,0,0,0,0,0,0,0,0.0,0.0,0.0,0.0,0.0,tokyo,tokyo
2026-02-27T03:25:11.103373,12918.6011,12918.6011,0.0,0.0,0.0,0.0,5,0,0,0,0,0,0,0,0.0,0.0,0.0,0.0,0.0,tokyo,tokyo
2026-02-27T03:25:11.871320,12918.6011,12918.6011,0.0,0.0,0.0,0.0,5,0,0,0,0,0,0,0,0.0,0.0,0.0,0.0,0.0,tokyo,tokyo
2026-02-27T03:26:56.426838,12918.6011,12918.6011,0.0,0.0,0.0,0.0,5,0,0,0,0,0,0,0,0.0,0.0,0.0,0.0,0.0,tokyo,tokyo
2026-02-27T03:26:57.132430,12918.6011,12918.6011,0.0,0.0,0.0,0.0,5,0,0,0,0,0,0,0,0.0,0.0,0.0,0.0,0.0,tokyo,tokyo
2026-02-27T03:28:12.489388,12918.6011,12918.6011,0.0,0.0,0.0,0.0,5,0,0,0,0,0,0,0,0.0,0.0,0.0,0.0,0.0,tokyo,tokyo
2026-02-27T03:28:13.215529,12918.6011,12918.6011,0.0,0.0,0.0,0.0,5,0,0,0,0,0,0,0,0.0,0.0,0.0,0.0,0.0,tokyo,tokyo
2026-02-27T03:29:38.245903,12918.6011,12918.6011,0.0,0.0,0.0,0.0,5,0,0,0,0,0,0,0,0.0,0.0,0.0,0.0,0.0,tokyo,tokyo
2026-02-27T03:29:38.973570,12918.6011,12918.6011,0.0,0.0,0.0,0.0,5,0,0,0,0,0,0,0,0.0,0.0,0.0,0.0,0.0,tokyo,tokyo
2026-02-27T03:31:08.147420,12918.6011,12918.6011,0.0,0.0,0.0,0.0,5,0,0,0,0,0,0,0,0.0,0.0,0.0,0.0,0.0,tokyo,tokyo
2026-02-27T03:31:08.850252,12918.6011,12918.6011,0.0,0.0,0.0,0.0,5,0,0,0,0,0,0,0,0.0,0.0,0.0,0.0,0.0,tokyo,tokyo
2026-02-27T03:32:28.417447,12918.6011,12918.6011,0.0,0.0,0.0,0.0,5,0,0,0,0,0,0,0,0.0,0.0,0.0,0.0,0.0,tokyo,tokyo
2026-02-27T03:32:29.141354,12918.6011,12918.6011,0.0,0.0,0.0,0.0,5,0,0,0,0,0,0,0,0.0,0.0,0.0,0.0,0.0,tokyo,tokyo
2026-02-27T03:33:46.700302,12918.6011,12918.6011,0.0,0.0,0.0,0.0,5,0,0,0,0,0,0,0,0.0,0.0,0.0,0.0,0.0,tokyo,tokyo
2026-02-27T03:33:47.406101,12918.6011,12918.6011,0.0,0.0,0.0,0.0,5,0,0,0,0,0,0,0,0.0,0.0,0.0,0.0,0.0,tokyo,tokyo
2026-02-27T03:35:02.806939,12918.6011,12918.6011,0.0,0.0,0.0,0.0,5,0,0,0,0,0,0,0,0.0,0.0,0.0,0.0,0.0,tokyo,tokyo
2026-02-27T03:35:03.550306,12918.6011,12918.6011,0.0,0.0,0.0,0.0,5,0,0,0,0,0,0,0,0.0,0.0,0.0,0.0,0.0,tokyo,tokyo
2026-02-27T03:36:14.132292,12918.6011,12918.6011,0.0,0.0,0.0,0.0,5,0,0,0,0,0,0,0,0.0,0.0,0.0,0.0,0.0,tokyo,tokyo
2026-02-27T03:36:14.846232,12918.6011,12918.6011,0.0,0.0,0.0,0.0,5,0,0,0,0,0,0,0,0.0,0.0,0.0,0.0,0.0,tokyo,tokyo
2026-02-27T03:37:30.037342,12918.6011,12918.6011,0.0,0.0,0.0,0.0,5,0,0,0,0,0,0,0,0.0,0.0,0.0,0.0,0.0,tokyo,tokyo
2026-02-27T03:37:30.782532,12918.6011,12918.6011,0.0,0.0,0.0,0.0,5,0,0,0,0,0,0,0,0.0,0.0,0.0,0.0,0.0,tokyo,tokyo
2026-02-27T03:38:47.549289,12918.6011,12918.6011,0.0,0.0,0.0,0.0,5,0,0,0,0,0,0,0,0.0,0.0,0.0,0.0,0.0,tokyo,tokyo
2026-02-27T03:38:48.264784,12918.6011,12918.6011,0.0,0.0,0.0,0.0,5,0,0,0,0,0,0,0,0.0,0.0,0.0,0.0,0.0,tokyo,tokyo
2026-02-27T03:40:11.759666,12918.6011,12918.6011,0.0,0.0,0.0,0.0,5,0,0,0,0,0,0,0,0.0,0.0,0.0,0.0,0.0,tokyo,tokyo
2026-02-27T03:40:12.565110,12918.6011,12918.6011,0.0,0.0,0.0,0.0,5,0,0,0,0,0,0,0,0.0,0.0,0.0,0.0,0.0,tokyo,tokyo
2026-02-27T03:41:33.825522,12918.6011,12918.6011,0.0,0.0,0.0,0.0,5,0,0,0,0,0,0,0,0.0,0.0,0.0,0.0,0.0,tokyo,tokyo
2026-02-27T03:41:34.500395,12918.6011,12918.6011,0.0,0.0,0.0,0.0,5,0,0,0,0,0,0,0,0.0,0.0,0.0,0.0,0.0,tokyo,tokyo
2026-02-27T03:42:49.566847,12918.6011,12918.6011,0.0,0.0,0.0,0.0,5,0,0,0,0,0,0,0,0.0,0.0,0.0,0.0,0.0,tokyo,tokyo
2026-02-27T03:42:50.263492,12918.6011,12918.6011,0.0,0.0,0.0,0.0,5,0,0,0,0,0,0,0,0.0,0.0,0.0,0.0,0.0,tokyo,tokyo
2026-02-27T03:44:04.592635,12918.6011,12918.6011,0.0,0.0,0.0,0.0,5,0,0,0,0,0,0,0,0.0,0.0,0.0,0.0,0.0,tokyo,tokyo
2026-02-27T03:44:05.329996,12918.6011,12918.6011,0.0,0.0,0.0,0.0,5,0,0,0,0,0,0,0,0.0,0.0,0.0,0.0,0.0,tokyo,tokyo
2026-02-27T03:45:35.814035,12918.6011,12918.6011,0.0,0.0,0.0,0.0,5,0,0,0,0,0,0,0,0.0,0.0,0.0,0.0,0.0,tokyo,tokyo
2026-02-27T03:45:36.584375,12918.6011,12918.6011,0.0,0.0,0.0,0.0,5,0,0,0,0,0,0,0,0.0,0.0,0.0,0.0,0.0,tokyo,tokyo
2026-02-27T03:46:58.835253,12918.6011,12918.6011,0.0,0.0,0.0,0.0,5,0,0,0,0,0,0,0,0.0,0.0,0.0,0.0,0.0,,
2026-02-27T04:06:05.248925,12918.6011,12918.6011,0.0,0.0,0.0,0.0,5,0,0,0,0,0,0,0,0.0,0.0,0.0,0.0,0.0,tokyo,tokyo
2026-02-27T04:06:06.024078,12918.6011,12918.6011,0.0,0.0,0.0,0.0,5,0,0,0,0,0,0,0,0.0,0.0,0.0,0.0,0.0,tokyo,tokyo
2026-02-27T04:08:09.238316,12918.6011,12918.6011,0.0,0.0,0.0,0.0,5,0,0,0,0,0,0,0,0.0,0.0,0.0,0.0,0.0,tokyo,tokyo
2026-02-27T04:08:10.012378,12918.6011,12918.6011,0.0,0.0,0.0,0.0,5,0,0,0,0,0,0,0,0.0,0.0,0.0,0.0,0.0,tokyo,tokyo
2026-02-27T04:10:02.479513,12918.6011,12918.6011,0.0,0.0,0.0,0.0,5,0,0,0,0,0,0,0,0.0,0.0,0.0,0.0,0.0,tokyo,tokyo
2026-02-27T04:10:03.223362,12918.6011,12918.6011,0.0,0.0,0.0,0.0,5,0,0,0,0,0,0,0,0.0,0.0,0.0,0.0,0.0,tokyo,tokyo
2026-02-27T04:12:00.806327,12918.6011,12918.6011,0.0,0.0,0.0,0.0,5,0,0,0,0,0,0,0,0.0,0.0,0.0,0.0,0.0,tokyo,tokyo
2026-02-27T04:12:01.591535,12918.6011,12918.6011,0.0,0.0,0.0,0.0,5,0,0,0,0,0,0,0,0.0,0.0,0.0,0.0,0.0,tokyo,tokyo
2026-02-27T04:13:55.621448,12918.6011,12918.6011,0.0,0.0,0.0,0.0,5,0,0,0,0,0,0,0,0.0,0.0,0.0,0.0,0.0,tokyo,tokyo
2026-02-27T04:13:56.376308,12918.6011,12918.6011,0.0,0.0,0.0,0.0,5,0,0,0,0,0,0,0,0.0,0.0,0.0,0.0,0.0,tokyo,tokyo
2026-02-27T04:15:54.658093,12918.6011,12918.6011,0.0,0.0,0.0,0.0,5,0,0,0,0,0,0,0,0.0,0.0,0.0,0.0,0.0,,
2026-02-27T04:35:21.026315,12918.6011,12918.6011,0.0,0.0,0.0,0.0,5,0,0,0,0,0,0,0,0.0,0.0,0.0,0.0,0.0,tokyo,tokyo
2026-02-27T04:35:21.759496,12918.6011,12918.6011,0.0,0.0,0.0,0.0,5,0,0,0,0,0,0,0,0.0,0.0,0.0,0.0,0.0,tokyo,tokyo
2026-02-27T04:36:34.124886,12918.6011,12918.6011,0.0,0.0,0.0,0.0,5,0,0,0,0,0,0,0,0.0,0.0,0.0,0.0,0.0,tokyo,tokyo
2026-02-27T04:36:34.872227,12918.6011,12918.6011,0.0,0.0,0.0,0.0,5,0,0,0,0,0,0,0,0.0,0.0,0.0,0.0,0.0,tokyo,tokyo
2026-02-27T04:37:49.522584,12918.6011,12918.6011,0.0,0.0,0.0,0.0,5,0,0,0,0,0,0,0,0.0,0.0,0.0,0.0,0.0,tokyo,tokyo
2026-02-27T04:37:50.226721,12918.6011,12918.6011,0.0,0.0,0.0,0.0,5,0,0,0,0,0,0,0,0.0,0.0,0.0,0.0,0.0,tokyo,tokyo
2026-02-27T04:39:03.837581,12918.6011,12918.6011,0.0,0.0,0.0,0.0,5,0,0,0,0,0,0,0,0.0,0.0,0.0,0.0,0.0,tokyo,tokyo
2026-02-27T04:39:04.538364,12918.6011,12918.6011,0.0,0.0,0.0,0.0,5,0,0,0,0,0,0,0,0.0,0.0,0.0,0.0,0.0,tokyo,tokyo
2026-02-27T04:40:35.065320,12918.6011,12918.6011,0.0,0.0,0.0,0.0,5,0,0,0,0,0,0,0,0.0,0.0,0.0,0.0,0.0,tokyo,tokyo
2026-02-27T04:40:35.773909,12918.6011,12918.6011,0.0,0.0,0.0,0.0,5,0,0,0,0,0,0,0,0.0,0.0,0.0,0.0,0.0,tokyo,tokyo
2026-02-27T04:42:00.396053,12918.6011,12918.6011,0.0,0.0,0.0,0.0,5,0,0,0,0,0,0,0,0.0,0.0,0.0,0.0,0.0,tokyo,tokyo
2026-02-27T04:42:01.096914,12918.6011,12918.6011,0.0,0.0,0.0,0.0,5,0,0,0,0,0,0,0,0.0,0.0,0.0,0.0,0.0,tokyo,tokyo
2026-02-27T04:43:14.408712,12918.6011,12918.6011,0.0,0.0,0.0,0.0,5,0,0,0,0,0,0,0,0.0,0.0,0.0,0.0,0.0,tokyo,tokyo
2026-02-27T04:43:15.172912,12918.6011,12918.6011,0.0,0.0,0.0,0.0,5,0,0,0,0,0,0,0,0.0,0.0,0.0,0.0,0.0,tokyo,tokyo
2026-02-27T04:44:29.673451,12918.6011,12918.6011,0.0,0.0,0.0,0.0,5,0,0,0,0,0,0,0,0.0,0.0,0.0,0.0,0.0,tokyo,tokyo
2026-02-27T04:44:30.457324,12918.6011,12918.6011,0.0,0.0,0.0,0.0,5,0,0,0,0,0,0,0,0.0,0.0,0.0,0.0,0.0,tokyo,tokyo
2026-02-27T04:45:54.236835,12918.6011,12918.6011,0.0,0.0,0.0,0.0,5,0,0,0,0,0,0,0,0.0,0.0,0.0,0.0,0.0,tokyo,tokyo
2026-02-27T04:45:54.971302,12918.6011,12918.6011,0.0,0.0,0.0,0.0,5,0,0,0,0,0,0,0,0.0,0.0,0.0,0.0,0.0,tokyo,tokyo
2026-02-27T04:47:15.963065,12918.6011,12918.6011,0.0,0.0,0.0,0.0,5,0,0,0,0,0,0,0,0.0,0.0,0.0,0.0,0.0,tokyo,tokyo
2026-02-27T04:47:16.664300,12918.6011,12918.6011,0.0,0.0,0.0,0.0,5,0,0,0,0,0,0,0,0.0,0.0,0.0,0.0,0.0,tokyo,tokyo
2026-02-27T04:48:47.265205,12918.6011,12918.6011,0.0,0.0,0.0,0.0,5,0,0,0,0,0,0,0,0.0,0.0,0.0,0.0,0.0,tokyo,tokyo
2026-02-27T04:48:47.972334,12918.6011,12918.6011,0.0,0.0,0.0,0.0,5,0,0,0,0,0,0,0,0.0,0.0,0.0,0.0,0.0,tokyo,tokyo
2026-02-27T04:50:06.906294,12918.6011,12918.6011,0.0,0.0,0.0,0.0,5,0,0,0,0,0,0,0,0.0,0.0,0.0,0.0,0.0,tokyo,tokyo
2026-02-27T04:50:07.649232,12918.6011,12918.6011,0.0,0.0,0.0,0.0,5,0,0,0,0,0,0,0,0.0,0.0,0.0,0.0,0.0,tokyo,tokyo
2026-02-27T04:51:30.597071,12918.6011,12918.6011,0.0,0.0,0.0,0.0,5,0,0,0,0,0,0,0,0.0,0.0,0.0,0.0,0.0,tokyo,tokyo
2026-02-27T04:51:31.303312,12918.6011,12918.6011,0.0,0.0,0.0,0.0,5,0,0,0,0,0,0,0,0.0,0.0,0.0,0.0,0.0,tokyo,tokyo
2026-02-27T04:52:54.202541,12918.6011,12918.6011,0.0,0.0,0.0,0.0,5,0,0,0,0,0,0,0,0.0,0.0,0.0,0.0,0.0,tokyo,tokyo
2026-02-27T04:52:54.918311,12918.6011,12918.6011,0.0,0.0,0.0,0.0,5,0,0,0,0,0,0,0,0.0,0.0,0.0,0.0,0.0,tokyo,tokyo
2026-02-27T04:54:18.840358,12918.6011,12918.6011,0.0,0.0,0.0,0.0,5,0,0,0,0,0,0,0,0.0,0.0,0.0,0.0,0.0,tokyo,tokyo
2026-02-27T04:54:19.586521,12918.6011,12918.6011,0.0,0.0,0.0,0.0,5,0,0,0,0,0,0,0,0.0,0.0,0.0,0.0,0.0,tokyo,tokyo
2026-02-27T04:55:48.381990,12918.6011,12918.6011,0.0,0.0,0.0,0.0,5,0,0,0,0,0,0,0,0.0,0.0,0.0,0.0,0.0,tokyo,tokyo
2026-02-27T04:55:49.118345,12918.6011,12918.6011,0.0,0.0,0.0,0.0,5,0,0,0,0,0,0,0,0.0,0.0,0.0,0.0,0.0,tokyo,tokyo
2026-02-27T04:57:19.524313,12918.6011,12918.6011,0.0,0.0,0.0,0.0,5,0,0,0,0,0,0,0,0.0,0.0,0.0,0.0,0.0,tokyo,tokyo
2026-02-27T04:57:20.308628,12918.6011,12918.6011,0.0,0.0,0.0,0.0,5,0,0,0,0,0,0,0,0.0,0.0,0.0,0.0,0.0,tokyo,tokyo
2026-02-27T04:58:41.288311,12918.6011,12918.6011,0.0,0.0,0.0,0.0,5,0,0,0,0,0,0,0,0.0,0.0,0.0,0.0,0.0,tokyo,tokyo
2026-02-27T04:58:42.068335,12918.6011,12918.6011,0.0,0.0,0.0,0.0,5,0,0,0,0,0,0,0,0.0,0.0,0.0,0.0,0.0,tokyo,tokyo
2026-02-27T05:00:01.662919,12918.6011,12918.6011,0.0,0.0,0.0,0.0,5,0,0,0,0,0,0,0,0.0,0.0,0.0,0.0,0.0,tokyo,tokyo
2026-02-27T05:00:02.452139,12918.6011,12918.6011,0.0,0.0,0.0,0.0,5,0,0,0,0,0,0,0,0.0,0.0,0.0,0.0,0.0,tokyo,tokyo
2026-02-27T05:01:57.045359,12918.6011,12918.6011,0.0,0.0,0.0,0.0,5,0,0,0,0,0,0,0,0.0,0.0,0.0,0.0,0.0,tokyo,tokyo
2026-02-27T05:01:57.809283,12918.6011,12918.6011,0.0,0.0,0.0,0.0,5,0,0,0,0,0,0,0,0.0,0.0,0.0,0.0,0.0,tokyo,tokyo
2026-02-27T05:03:44.046287,12918.6011,12918.6011,0.0,0.0,0.0,0.0,5,0,0,0,0,0,0,0,0.0,0.0,0.0,0.0,0.0,,
2026-02-27T05:26:20.209869,12918.6011,12918.6011,0.0,0.0,0.0,0.0,5,0,0,0,0,0,0,0,0.0,0.0,0.0,0.0,0.0,tokyo,tokyo
2026-02-27T05:26:20.954488,12918.6011,12918.6011,0.0,0.0,0.0,0.0,5,0,0,0,0,0,0,0,0.0,0.0,0.0,0.0,0.0,tokyo,tokyo
2026-02-27T05:27:53.812942,12918.6011,12918.6011,0.0,0.0,0.0,0.0,5,0,0,0,0,0,0,0,0.0,0.0,0.0,0.0,0.0,tokyo,tokyo
2026-02-27T05:27:54.533236,12918.6011,12918.6011,0.0,0.0,0.0,0.0,5,0,0,0,0,0,0,0,0.0,0.0,0.0,0.0,0.0,tokyo,tokyo
2026-02-27T05:29:22.167451,12918.6011,12918.6011,0.0,0.0,0.0,0.0,5,0,0,0,0,0,0,0,0.0,0.0,0.0,0.0,0.0,tokyo,tokyo
2026-02-27T05:29:22.903292,12918.6011,12918.6011,0.0,0.0,0.0,0.0,5,0,0,0,0,0,0,0,0.0,0.0,0.0,0.0,0.0,tokyo,tokyo
2026-02-27T05:30:57.112970,12918.6011,12918.6011,0.0,0.0,0.0,0.0,5,0,0,0,0,0,0,0,0.0,0.0,0.0,0.0,0.0,tokyo,tokyo
2026-02-27T05:30:57.841840,12918.6011,12918.6011,0.0,0.0,0.0,0.0,5,0,0,0,0,0,0,0,0.0,0.0,0.0,0.0,0.0,tokyo,tokyo
2026-02-27T05:32:26.526163,12918.6011,12918.6011,0.0,0.0,0.0,0.0,5,0,0,0,0,0,0,0,0.0,0.0,0.0,0.0,0.0,tokyo,tokyo
2026-02-27T05:32:27.234657,12918.6011,12918.6011,0.0,0.0,0.0,0.0,5,0,0,0,0,0,0,0,0.0,0.0,0.0,0.0,0.0,tokyo,tokyo
2026-02-27T05:33:47.681410,12918.6011,12918.6011,0.0,0.0,0.0,0.0,5,0,0,0,0,0,0,0,0.0,0.0,0.0,0.0,0.0,,
2026-02-27T05:50:54.850294,12918.6011,12918.6011,0.0,0.0,0.0,0.0,5,0,0,0,0,0,0,0,0.0,0.0,0.0,0.0,0.0,tokyo,tokyo
2026-02-27T05:50:55.604824,12918.6011,12918.6011,0.0,0.0,0.0,0.0,5,0,0,0,0,0,0,0,0.0,0.0,0.0,0.0,0.0,tokyo,tokyo
2026-02-27T05:52:11.460322,12918.6011,12918.6011,0.0,0.0,0.0,0.0,5,0,0,0,0,0,0,0,0.0,0.0,0.0,0.0,0.0,,
2026-02-27T06:15:06.247295,12918.6011,12918.6011,0.0,0.0,0.0,0.0,5,0,0,0,0,0,0,0,0.0,0.0,0.0,0.0,0.0,tokyo,tokyo
2026-02-27T06:15:06.978322,12918.6011,12918.6011,0.0,0.0,0.0,0.0,5,0,0,0,0,0,0,0,0.0,0.0,0.0,0.0,0.0,tokyo,tokyo
2026-02-27T06:17:18.584492,12918.6011,12918.6011,0.0,0.0,0.0,0.0,5,0,0,0,0,0,0,0,0.0,0.0,0.0,0.0,0.0,,
2026-02-27T06:42:22.902344,12918.6011,12918.6011,0.0,0.0,0.0,0.0,5,0,0,0,0,0,0,0,0.0,0.0,0.0,0.0,0.0,,
2026-02-27T07:04:53.001312,12918.6011,12918.6011,0.0,0.0,0.0,0.0,5,0,0,0,0,0,0,0,0.0,0.0,0.0,0.0,0.0,tokyo,tokyo
2026-02-27T07:04:53.729316,12918.6011,12918.6011,0.0,0.0,0.0,0.0,5,0,0,0,0,0,0,0,0.0,0.0,0.0,0.0,0.0,tokyo,tokyo
2026-02-27T07:07:16.973550,12918.6011,12918.6011,0.0,0.0,0.0,0.0,5,0,0,0,0,0,0,0,0.0,0.0,0.0,0.0,0.0,tokyo,tokyo
2026-02-27T07:07:17.755342,12918.6011,12918.6011,0.0,0.0,0.0,0.0,5,0,0,0,0,0,0,0,0.0,0.0,0.0,0.0,0.0,tokyo,tokyo
2026-02-27T07:09:34.988344,12918.6011,12918.6011,0.0,0.0,0.0,0.0,5,0,0,0,0,0,0,0,0.0,0.0,0.0,0.0,0.0,tokyo,tokyo
2026-02-27T07:09:35.726194,12918.6011,12918.6011,0.0,0.0,0.0,0.0,5,0,0,0,0,0,0,0,0.0,0.0,0.0,0.0,0.0,tokyo,tokyo
2026-02-27T07:11:52.362320,12918.6011,12918.6011,0.0,0.0,0.0,0.0,5,0,0,0,0,0,0,0,0.0,0.0,0.0,0.0,0.0,tokyo,tokyo
2026-02-27T07:11:53.190279,12918.6011,12918.6011,0.0,0.0,0.0,0.0,5,0,0,0,0,0,0,0,0.0,0.0,0.0,0.0,0.0,tokyo,tokyo
2026-02-27T07:14:09.162320,12918.6011,12918.6011,0.0,0.0,0.0,0.0,5,0,0,0,0,0,0,0,0.0,0.0,0.0,0.0,0.0,tokyo,tokyo
2026-02-27T07:14:09.935305,12918.6011,12918.6011,0.0,0.0,0.0,0.0,5,0,0,0,0,0,0,0,0.0,0.0,0.0,0.0,0.0,tokyo,tokyo
2026-02-27T07:16:34.947308,12918.6011,12918.6011,0.0,0.0,0.0,0.0,5,0,0,0,0,0,0,0,0.0,0.0,0.0,0.0,0.0,tokyo,tokyo
2026-02-27T07:16:35.716531,12918.6011,12918.6011,0.0,0.0,0.0,0.0,5,0,0,0,0,0,0,0,0.0,0.0,0.0,0.0,0.0,tokyo,tokyo
2026-02-27T07:18:49.728287,12918.6011,12918.6011,0.0,0.0,0.0,0.0,5,0,0,0,0,0,0,0,0.0,0.0,0.0,0.0,0.0,tokyo,tokyo
2026-02-27T07:18:50.475289,12918.6011,12918.6011,0.0,0.0,0.0,0.0,5,0,0,0,0,0,0,0,0.0,0.0,0.0,0.0,0.0,tokyo,tokyo
2026-02-27T07:21:15.812997,12918.6011,12918.6011,0.0,0.0,0.0,0.0,5,0,0,0,0,0,0,0,0.0,0.0,0.0,0.0,0.0,tokyo,tokyo
2026-02-27T07:21:16.564812,12918.6011,12918.6011,0.0,0.0,0.0,0.0,5,0,0,0,0,0,0,0,0.0,0.0,0.0,0.0,0.0,tokyo,tokyo
2026-02-27T07:23:41.130292,12918.6011,12918.6011,0.0,0.0,0.0,0.0,5,0,0,0,0,0,0,0,0.0,0.0,0.0,0.0,0.0,tokyo,tokyo
2026-02-27T07:23:42.487326,12918.6011,12918.6011,0.0,0.0,0.0,0.0,5,0,0,0,0,0,0,0,0.0,0.0,0.0,0.0,0.0,tokyo,tokyo
2026-02-27T07:26:03.758055,12918.6011,12918.6011,0.0,0.0,0.0,0.0,5,0,0,0,0,0,0,0,0.0,0.0,0.0,0.0,0.0,tokyo,tokyo
2026-02-27T07:26:04.511328,12918.6011,12918.6011,0.0,0.0,0.0,0.0,5,0,0,0,0,0,0,0,0.0,0.0,0.0,0.0,0.0,tokyo,tokyo
2026-02-27T07:27:43.992348,12918.6011,12918.6011,0.0,0.0,0.0,0.0,5,0,0,0,0,0,0,0,0.0,0.0,0.0,0.0,0.0,tokyo,tokyo
2026-02-27T07:27:44.766716,12918.6011,12918.6011,0.0,0.0,0.0,0.0,5,0,0,0,0,0,0,0,0.0,0.0,0.0,0.0,0.0,tokyo,tokyo
2026-02-27T07:29:19.886076,12918.6011,12918.6011,0.0,0.0,0.0,0.0,5,0,0,0,0,0,0,0,0.0,0.0,0.0,0.0,0.0,tokyo,tokyo
2026-02-27T07:29:20.635548,12918.6011,12918.6011,0.0,0.0,0.0,0.0,5,0,0,0,0,0,0,0,0.0,0.0,0.0,0.0,0.0,tokyo,tokyo
2026-02-27T07:30:57.608113,12918.6011,12918.6011,0.0,0.0,0.0,0.0,5,0,0,0,0,0,0,0,0.0,0.0,0.0,0.0,0.0,tokyo,tokyo
2026-02-27T07:30:58.441393,12918.6011,12918.6011,0.0,0.0,0.0,0.0,5,0,0,0,0,0,0,0,0.0,0.0,0.0,0.0,0.0,tokyo,tokyo
2026-02-27T07:32:29.475093,12918.6011,12918.6011,0.0,0.0,0.0,0.0,5,0,0,0,0,0,0,0,0.0,0.0,0.0,0.0,0.0,tokyo,tokyo
2026-02-27T07:32:30.174361,12918.6011,12918.6011,0.0,0.0,0.0,0.0,5,0,0,0,0,0,0,0,0.0,0.0,0.0,0.0,0.0,tokyo,tokyo
2026-02-27T07:33:58.244942,12918.6011,12918.6011,0.0,0.0,0.0,0.0,5,0,0,0,0,0,0,0,0.0,0.0,0.0,0.0,0.0,tokyo,tokyo
2026-02-27T07:33:58.998301,12918.6011,12918.6011,0.0,0.0,0.0,0.0,5,0,0,0,0,0,0,0,0.0,0.0,0.0,0.0,0.0,tokyo,tokyo
2026-02-27T07:35:43.148742,12918.6011,12918.6011,0.0,0.0,0.0,0.0,5,0,0,0,0,0,0,0,0.0,0.0,0.0,0.0,0.0,tokyo,tokyo
2026-02-27T07:35:43.857119,12918.6011,12918.6011,0.0,0.0,0.0,0.0,5,0,0,0,0,0,0,0,0.0,0.0,0.0,0.0,0.0,tokyo,tokyo
2026-02-27T07:37:14.115181,12918.6011,12918.6011,0.0,0.0,0.0,0.0,5,0,0,0,0,0,0,0,0.0,0.0,0.0,0.0,0.0,tokyo,tokyo
2026-02-27T07:37:14.835502,12918.6011,12918.6011,0.0,0.0,0.0,0.0,5,0,0,0,0,0,0,0,0.0,0.0,0.0,0.0,0.0,tokyo,tokyo
2026-02-27T07:38:39.877271,12918.6011,12918.6011,0.0,0.0,0.0,0.0,5,0,0,0,0,0,0,0,0.0,0.0,0.0,0.0,0.0,tokyo,tokyo
2026-02-27T07:38:40.616312,12918.6011,12918.6011,0.0,0.0,0.0,0.0,5,0,0,0,0,0,0,0,0.0,0.0,0.0,0.0,0.0,tokyo,tokyo
2026-02-27T07:40:05.598320,12918.6011,12918.6011,0.0,0.0,0.0,0.0,5,0,0,0,0,0,0,0,0.0,0.0,0.0,0.0,0.0,tokyo,tokyo
2026-02-27T07:40:06.344531,12918.6011,12918.6011,0.0,0.0,0.0,0.0,5,0,0,0,0,0,0,0,0.0,0.0,0.0,0.0,0.0,tokyo,tokyo
2026-02-27T07:41:38.419939,12918.6011,12918.6011,0.0,0.0,0.0,0.0,5,0,0,0,0,0,0,0,0.0,0.0,0.0,0.0,0.0,tokyo,tokyo
2026-02-27T07:41:39.126933,12918.6011,12918.6011,0.0,0.0,0.0,0.0,5,0,0,0,0,0,0,0,0.0,0.0,0.0,0.0,0.0,tokyo,tokyo
2026-02-27T07:43:07.605174,12918.6011,12918.6011,0.0,0.0,0.0,0.0,5,0,0,0,0,0,0,0,0.0,0.0,0.0,0.0,0.0,tokyo,tokyo
2026-02-27T07:43:08.339208,12918.6011,12918.6011,0.0,0.0,0.0,0.0,5,0,0,0,0,0,0,0,0.0,0.0,0.0,0.0,0.0,tokyo,tokyo
2026-02-27T07:44:37.668336,12918.6011,12918.6011,0.0,0.0,0.0,0.0,5,0,0,0,0,0,0,0,0.0,0.0,0.0,0.0,0.0,tokyo,tokyo
2026-02-27T07:44:38.403118,12918.6011,12918.6011,0.0,0.0,0.0,0.0,5,0,0,0,0,0,0,0,0.0,0.0,0.0,0.0,0.0,tokyo,tokyo
2026-02-27T07:46:06.035626,12918.6011,12918.6011,0.0,0.0,0.0,0.0,5,0,0,0,0,0,0,0,0.0,0.0,0.0,0.0,0.0,tokyo,tokyo
2026-02-27T07:46:06.803968,12918.6011,12918.6011,0.0,0.0,0.0,0.0,5,0,0,0,0,0,0,0,0.0,0.0,0.0,0.0,0.0,tokyo,tokyo
2026-02-27T07:47:37.428102,12918.6011,12918.6011,0.0,0.0,0.0,0.0,5,0,0,0,0,0,0,0,0.0,0.0,0.0,0.0,0.0,tokyo,tokyo
2026-02-27T07:47:38.135705,12918.6011,12918.6011,0.0,0.0,0.0,0.0,5,0,0,0,0,0,0,0,0.0,0.0,0.0,0.0,0.0,tokyo,tokyo
2026-02-27T07:49:05.882537,12918.6011,12918.6011,0.0,0.0,0.0,0.0,5,0,0,0,0,0,0,0,0.0,0.0,0.0,0.0,0.0,tokyo,tokyo
2026-02-27T07:49:06.575585,12918.6011,12918.6011,0.0,0.0,0.0,0.0,5,0,0,0,0,0,0,0,0.0,0.0,0.0,0.0,0.0,tokyo,tokyo
2026-02-27T07:50:35.035624,12918.6011,12918.6011,0.0,0.0,0.0,0.0,5,0,0,0,0,0,0,0,0.0,0.0,0.0,0.0,0.0,tokyo,tokyo
2026-02-27T07:50:35.774277,12918.6011,12918.6011,0.0,0.0,0.0,0.0,5,0,0,0,0,0,0,0,0.0,0.0,0.0,0.0,0.0,tokyo,tokyo
2026-02-27T07:52:00.775486,12918.6011,12918.6011,0.0,0.0,0.0,0.0,5,0,0,0,0,0,0,0,0.0,0.0,0.0,0.0,0.0,tokyo,tokyo
2026-02-27T07:52:01.492936,12918.6011,12918.6011,0.0,0.0,0.0,0.0,5,0,0,0,0,0,0,0,0.0,0.0,0.0,0.0,0.0,tokyo,tokyo
2026-02-27T07:53:25.820072,12918.6011,12918.6011,0.0,0.0,0.0,0.0,5,0,0,0,0,0,0,0,0.0,0.0,0.0,0.0,0.0,tokyo,tokyo
2026-02-27T07:53:26.539236,12918.6011,12918.6011,0.0,0.0,0.0,0.0,5,0,0,0,0,0,0,0,0.0,0.0,0.0,0.0,0.0,tokyo,tokyo
2026-02-27T07:55:00.643900,12918.6011,12918.6011,0.0,0.0,0.0,0.0,5,0,0,0,0,0,0,0,0.0,0.0,0.0,0.0,0.0,tokyo,tokyo
2026-02-27T07:55:01.356134,12918.6011,12918.6011,0.0,0.0,0.0,0.0,5,0,0,0,0,0,0,0,0.0,0.0,0.0,0.0,0.0,tokyo,tokyo
2026-02-27T07:56:34.420244,12918.6011,12918.6011,0.0,0.0,0.0,0.0,5,0,0,0,0,0,0,0,0.0,0.0,0.0,0.0,0.0,tokyo,tokyo
2026-02-27T07:56:35.135416,12918.6011,12918.6011,0.0,0.0,0.0,0.0,5,0,0,0,0,0,0,0,0.0,0.0,0.0,0.0,0.0,tokyo,tokyo
2026-02-27T07:57:56.249733,12918.6011,12918.6011,0.0,0.0,0.0,0.0,5,0,0,0,0,0,0,0,0.0,0.0,0.0,0.0,0.0,,
2026-02-27T08:25:34.146578,12918.6011,12918.6011,0.0,0.0,0.0,0.0,5,0,0,0,0,0,0,0,0.0,0.0,0.0,0.0,0.0,tokyo_london_overlap,tokyo
2026-02-27T08:25:34.930085,12918.6011,12918.6011,0.0,0.0,0.0,0.0,5,0,0,0,0,0,0,0,0.0,0.0,0.0,0.0,0.0,tokyo_london_overlap,tokyo
2026-02-27T08:27:38.088721,12918.6011,12918.6011,0.0,0.0,0.0,0.0,5,0,0,0,0,0,0,0,0.0,0.0,0.0,0.0,0.0,,
2026-02-27T08:46:57.310913,12918.6011,12918.6011,0.0,0.0,0.0,0.0,5,0,0,0,0,0,0,0,0.0,0.0,0.0,0.0,0.0,tokyo_london_overlap,tokyo_london_overlap
2026-02-27T08:46:58.075637,12918.6011,12918.6011,0.0,0.0,0.0,0.0,5,0,0,0,0,0,0,0,0.0,0.0,0.0,0.0,0.0,tokyo_london_overlap,tokyo_london_overlap
2026-02-27T08:48:28.235290,12918.6011,12918.6011,0.0,0.0,0.0,0.0,5,0,0,0,0,0,0,0,0.0,0.0,0.0,0.0,0.0,tokyo_london_overlap,tokyo_london_overlap
2026-02-27T08:48:28.988348,12918.6011,12918.6011,0.0,0.0,0.0,0.0,5,0,0,0,0,0,0,0,0.0,0.0,0.0,0.0,0.0,tokyo_london_overlap,tokyo_london_overlap
2026-02-27T08:49:57.585315,12918.6011,12918.6011,0.0,0.0,0.0,0.0,5,0,0,0,0,0,0,0,0.0,0.0,0.0,0.0,0.0,tokyo_london_overlap,tokyo_london_overlap
2026-02-27T08:49:58.385680,12918.6011,12918.6011,0.0,0.0,0.0,0.0,5,0,0,0,0,0,0,0,0.0,0.0,0.0,0.0,0.0,tokyo_london_overlap,tokyo_london_overlap
2026-02-27T08:51:18.915312,12918.6011,12918.6011,0.0,0.0,0.0,0.0,5,0,0,0,0,0,0,0,0.0,0.0,0.0,0.0,0.0,tokyo_london_overlap,tokyo_london_overlap
2026-02-27T08:51:19.666494,12918.6011,12918.6011,0.0,0.0,0.0,0.0,5,0,0,0,0,0,0,0,0.0,0.0,0.0,0.0,0.0,tokyo_london_overlap,tokyo_london_overlap
2026-02-27T08:52:43.091995,12918.6011,12918.6011,0.0,0.0,0.0,0.0,5,0,0,0,0,0,0,0,0.0,0.0,0.0,0.0,0.0,tokyo_london_overlap,tokyo_london_overlap
2026-02-27T08:52:43.844329,12918.6011,12918.6011,0.0,0.0,0.0,0.0,5,0,0,0,0,0,0,0,0.0,0.0,0.0,0.0,0.0,tokyo_london_overlap,tokyo_london_overlap
2026-02-27T08:54:07.929899,12918.6011,12918.6011,0.0,0.0,0.0,0.0,5,0,0,0,0,0,0,0,0.0,0.0,0.0,0.0,0.0,tokyo_london_overlap,tokyo_london_overlap
2026-02-27T08:54:08.666341,12918.6011,12918.6011,0.0,0.0,0.0,0.0,5,0,0,0,0,0,0,0,0.0,0.0,0.0,0.0,0.0,tokyo_london_overlap,tokyo_london_overlap
2026-02-27T08:55:36.917778,12918.6011,12918.6011,0.0,0.0,0.0,0.0,5,0,0,0,0,0,0,0,0.0,0.0,0.0,0.0,0.0,tokyo_london_overlap,tokyo_london_overlap
2026-02-27T08:55:37.711342,12918.6011,12918.6011,0.0,0.0,0.0,0.0,5,0,0,0,0,0,0,0,0.0,0.0,0.0,0.0,0.0,tokyo_london_overlap,tokyo_london_overlap
2026-02-27T08:57:05.138569,12918.6011,12918.6011,0.0,0.0,0.0,0.0,5,0,0,0,0,0,0,0,0.0,0.0,0.0,0.0,0.0,tokyo_london_overlap,tokyo_london_overlap
2026-02-27T08:57:05.923563,12918.6011,12918.6011,0.0,0.0,0.0,0.0,5,0,0,0,0,0,0,0,0.0,0.0,0.0,0.0,0.0,tokyo_london_overlap,tokyo_london_overlap
2026-02-27T08:58:37.276068,12918.6011,12918.6011,0.0,0.0,0.0,0.0,5,0,0,0,0,0,0,0,0.0,0.0,0.0,0.0,0.0,tokyo_london_overlap,tokyo_london_overlap
2026-02-27T08:58:38.030327,12918.6011,12918.6011,0.0,0.0,0.0,0.0,5,0,0,0,0,0,0,0,0.0,0.0,0.0,0.0,0.0,tokyo_london_overlap,tokyo_london_overlap
2026-02-27T09:00:19.147560,12918.6011,12918.6011,0.0,0.0,0.0,0.0,5,0,0,0,0,0,0,0,0.0,0.0,0.0,0.0,0.0,london,london
2026-02-27T09:00:19.998370,12918.6011,12918.6011,0.0,0.0,0.0,0.0,5,0,0,0,0,0,0,0,0.0,0.0,0.0,0.0,0.0,london,london
2026-02-27T09:02:45.866369,12918.6011,12918.6011,0.0,0.0,0.0,0.0,5,0,0,0,0,0,0,0,0.0,0.0,0.0,0.0,0.0,london,london
2026-02-27T09:02:46.635356,12918.6011,12918.6011,0.0,0.0,0.0,0.0,5,0,0,0,0,0,0,0,0.0,0.0,0.0,0.0,0.0,london,london
2026-02-27T09:05:00.928304,12918.6011,12918.6011,0.0,0.0,0.0,0.0,5,0,0,0,0,0,0,0,0.0,0.0,0.0,0.0,0.0,london,london
2026-02-27T09:05:01.930031,12918.6011,12918.6011,0.0,0.0,0.0,0.0,5,0,0,0,0,0,0,0,0.0,0.0,0.0,0.0,0.0,london,london
2026-02-27T09:07:25.577490,12918.6011,12918.6011,0.0,0.0,0.0,0.0,5,0,0,0,0,0,0,0,0.0,0.0,0.0,0.0,0.0,london,london
2026-02-27T09:07:26.347494,12918.6011,12918.6011,0.0,0.0,0.0,0.0,5,0,0,0,0,0,0,0,0.0,0.0,0.0,0.0,0.0,london,london
2026-02-27T09:09:47.785308,12918.6011,12918.6011,0.0,0.0,0.0,0.0,5,0,0,0,0,0,0,0,0.0,0.0,0.0,0.0,0.0,london,london
2026-02-27T09:09:48.558609,12918.6011,12918.6011,0.0,0.0,0.0,0.0,5,0,0,0,0,0,0,0,0.0,0.0,0.0,0.0,0.0,london,london
2026-02-27T09:11:57.541492,12918.6011,12918.6011,0.0,0.0,0.0,0.0,5,0,0,0,0,0,0,0,0.0,0.0,0.0,0.0,0.0,london,london
2026-02-27T09:11:58.305342,12918.6011,12918.6011,0.0,0.0,0.0,0.0,5,0,0,0,0,0,0,0,0.0,0.0,0.0,0.0,0.0,london,london
2026-02-27T09:14:14.963299,12918.6011,12918.6011,0.0,0.0,0.0,0.0,5,0,0,0,0,0,0,0,0.0,0.0,0.0,0.0,0.0,london,london
2026-02-27T09:14:15.719349,12918.6011,12918.6011,0.0,0.0,0.0,0.0,5,0,0,0,0,0,0,0,0.0,0.0,0.0,0.0,0.0,london,london
2026-02-27T09:16:47.753385,12918.6011,12918.6011,0.0,0.0,0.0,0.0,5,0,0,0,0,0,0,0,0.0,0.0,0.0,0.0,0.0,london,london
2026-02-27T09:16:48.542375,12918.6011,12918.6011,0.0,0.0,0.0,0.0,5,0,0,0,0,0,0,0,0.0,0.0,0.0,0.0,0.0,london,london
2026-02-27T09:19:24.162501,12918.6011,12918.6011,0.0,0.0,0.0,0.0,5,0,0,0,0,0,0,0,0.0,0.0,0.0,0.0,0.0,london,london
2026-02-27T09:19:24.984320,12918.6011,12918.6011,0.0,0.0,0.0,0.0,5,0,0,0,0,0,0,0,0.0,0.0,0.0,0.0,0.0,london,london
2026-02-27T09:22:03.347386,12918.6011,12918.6011,0.0,0.0,0.0,0.0,5,0,0,0,0,0,0,0,0.0,0.0,0.0,0.0,0.0,london,london
2026-02-27T09:22:04.170598,12918.6011,12918.6011,0.0,0.0,0.0,0.0,5,0,0,0,0,0,0,0,0.0,0.0,0.0,0.0,0.0,london,london
2026-02-27T09:24:26.208326,12918.6011,12918.6011,0.0,0.0,0.0,0.0,5,0,0,0,0,0,0,0,0.0,0.0,0.0,0.0,0.0,london,london
2026-02-27T09:24:26.971704,12918.6011,12918.6011,0.0,0.0,0.0,0.0,5,0,0,0,0,0,0,0,0.0,0.0,0.0,0.0,0.0,london,london
2026-02-27T09:26:49.034305,12918.6011,12918.6011,0.0,0.0,0.0,0.0,5,0,0,0,0,0,0,0,0.0,0.0,0.0,0.0,0.0,london,london
2026-02-27T09:26:50.213312,12918.6011,12918.6011,0.0,0.0,0.0,0.0,5,0,0,0,0,0,0,0,0.0,0.0,0.0,0.0,0.0,london,london
2026-02-27T09:29:12.338533,12918.6011,12918.6011,0.0,0.0,0.0,0.0,5,0,0,0,0,0,0,0,0.0,0.0,0.0,0.0,0.0,london,london
2026-02-27T09:29:13.093974,12918.6011,12918.6011,0.0,0.0,0.0,0.0,5,0,0,0,0,0,0,0,0.0,0.0,0.0,0.0,0.0,london,london
2026-02-27T09:30:50.317595,12918.6011,12918.6011,0.0,0.0,0.0,0.0,5,0,0,0,0,0,0,0,0.0,0.0,0.0,0.0,0.0,,
2026-02-27T09:45:25.234459,12918.6011,12918.6011,0.0,0.0,0.0,0.0,5,0,0,0,0,0,0,0,0.0,0.0,0.0,0.0,0.0,london,london
2026-02-27T09:45:26.001145,12918.6011,12918.6011,0.0,0.0,0.0,0.0,5,0,0,0,0,0,0,0,0.0,0.0,0.0,0.0,0.0,london,london
2026-02-27T09:47:01.647094,12918.6011,12918.6011,0.0,0.0,0.0,0.0,5,0,0,0,0,0,0,0,0.0,0.0,0.0,0.0,0.0,,
2026-02-27T10:02:58.855022,12918.6011,12918.6011,0.0,0.0,0.0,0.0,5,0,0,0,0,0,0,0,0.0,0.0,0.0,0.0,0.0,,
2026-02-27T10:26:53.403948,12918.6011,12918.6011,0.0,0.0,0.0,0.0,5,0,0,0,0,0,0,0,0.0,0.0,0.0,0.0,0.0,,
2026-02-27T10:49:07.014308,12918.6011,12918.6011,0.0,0.0,0.0,0.0,5,0,0,0,0,0,0,0,0.0,0.0,0.0,0.0,0.0,,
2026-02-27T11:08:25.076382,12918.6011,12918.6011,0.0,0.0,0.0,0.0,5,0,0,0,0,0,0,0,0.0,0.0,0.0,0.0,0.0,,
2026-02-27T11:28:20.068361,12918.6011,12918.6011,0.0,0.0,0.0,0.0,5,0,0,0,0,0,0,0,0.0,0.0,0.0,0.0,0.0,,
2026-02-27T11:42:50.244346,12918.6011,12918.6011,0.0,0.0,0.0,0.0,5,0,0,0,0,0,0,0,0.0,0.0,0.0,0.0,0.0,london,london
2026-02-27T11:42:51.001952,12918.6011,12918.6011,0.0,0.0,0.0,0.0,5,0,0,0,0,0,0,0,0.0,0.0,0.0,0.0,0.0,london,london
2026-02-27T11:44:05.064744,12918.6011,12918.6011,0.0,0.0,0.0,0.0,5,0,0,0,0,0,0,0,0.0,0.0,0.0,0.0,0.0,,
2026-02-27T11:57:15.180398,12918.6011,12918.6011,0.0,0.0,0.0,0.0,5,0,0,0,0,0,0,0,0.0,0.0,0.0,0.0,0.0,,
2026-02-27T12:10:34.024316,12918.6011,12918.6011,0.0,0.0,0.0,0.0,5,0,0,0,0,0,0,0,0.0,0.0,0.0,0.0,0.0,london,london
2026-02-27T12:10:34.801945,12918.6011,12918.6011,0.0,0.0,0.0,0.0,5,0,0,0,0,0,0,0,0.0,0.0,0.0,0.0,0.0,london,london
2026-02-27T12:11:53.185486,12918.6011,12918.6011,0.0,0.0,0.0,0.0,5,0,0,0,0,0,0,0,0.0,0.0,0.0,0.0,0.0,,
2026-02-27T12:25:00.054586,12918.6011,12918.6011,0.0,0.0,0.0,0.0,5,0,0,0,0,0,0,0,0.0,0.0,0.0,0.0,0.0,london,london
2026-02-27T12:25:00.783119,12918.6011,12918.6011,0.0,0.0,0.0,0.0,5,0,0,0,0,0,0,0,0.0,0.0,0.0,0.0,0.0,london,london
2026-02-27T12:26:18.270285,12918.6011,12918.6011,0.0,0.0,0.0,0.0,5,0,0,0,0,0,0,0,0.0,0.0,0.0,0.0,0.0,,
2026-02-27T12:39:01.592918,12918.6011,12918.6011,0.0,0.0,0.0,0.0,5,0,0,0,0,0,0,0,0.0,0.0,0.0,0.0,0.0,,
2026-02-27T12:51:50.830400,12918.6011,12918.6011,0.0,0.0,0.0,0.0,5,0,0,0,0,0,0,0,0.0,0.0,0.0,0.0,0.0,,
2026-02-27T13:04:51.363480,12918.6011,12918.6011,0.0,0.0,0.0,0.0,5,0,0,0,0,0,0,0,0.0,0.0,0.0,0.0,0.0,,
2026-02-27T13:17:59.412521,12918.6011,12918.6011,0.0,0.0,0.0,0.0,5,0,0,0,0,0,0,0,0.0,0.0,0.0,0.0,0.0,,
2026-02-27T13:31:38.896896,12918.6011,12918.6011,0.0,0.0,0.0,0.0,5,0,0,0,0,0,0,0,0.0,0.0,0.0,0.0,0.0,,
2026-02-27T13:46:06.963276,13004.4709,13004.4709,0.0,0.0,85.8698000000004,0.664698904589603,4,0,0,0,0,0,0,0,0.0,0.0,0.0,0.0,0.0,london_ny_overlap,london_ny_overlap
2026-02-27T13:46:07.607294,13004.4709,13004.4709,0.0,0.0,85.8698000000004,0.664698904589603,4,0,0,0,0,0,0,0,0.0,0.0,0.0,0.0,0.0,london_ny_overlap,london_ny_overlap
2026-02-27T13:47:45.088952,13004.4709,13004.4709,0.0,0.0,0.0,0.0,4,0,0,0,0,0,0,0,0.0,0.0,0.0,0.0,0.0,london_ny_overlap,london_ny_overlap
2026-02-27T13:47:45.743452,13004.4709,13004.4709,0.0,0.0,0.0,0.0,4,0,0,0,0,0,0,0,0.0,0.0,0.0,0.0,0.0,london_ny_overlap,london_ny_overlap
2026-02-27T13:49:22.218526,13004.4709,13004.4709,0.0,0.0,0.0,0.0,4,0,0,0,0,0,0,0,0.0,0.0,0.0,0.0,0.0,london_ny_overlap,london_ny_overlap
2026-02-27T13:49:22.939179,13004.4709,13004.4709,0.0,0.0,0.0,0.0,4,0,0,0,0,0,0,0,0.0,0.0,0.0,0.0,0.0,london_ny_overlap,london_ny_overlap
2026-02-27T13:51:00.773314,13004.4709,13004.4709,0.0,0.0,0.0,0.0,4,0,0,0,0,0,0,0,0.0,0.0,0.0,0.0,0.0,london_ny_overlap,london_ny_overlap
2026-02-27T13:51:01.420691,13004.4709,13004.4709,0.0,0.0,0.0,0.0,4,0,0,0,0,0,0,0,0.0,0.0,0.0,0.0,0.0,london_ny_overlap,london_ny_overlap
2026-02-27T13:52:31.681535,13004.4709,13004.4709,0.0,0.0,0.0,0.0,4,0,0,0,0,0,0,0,0.0,0.0,0.0,0.0,0.0,london_ny_overlap,london_ny_overlap
2026-02-27T13:52:32.303438,13004.4709,13004.4709,0.0,0.0,0.0,0.0,4,0,0,0,0,0,0,0,0.0,0.0,0.0,0.0,0.0,london_ny_overlap,london_ny_overlap
2026-02-27T13:53:59.298351,13004.4709,13004.4709,0.0,0.0,0.0,0.0,4,0,0,0,0,0,0,0,0.0,0.0,0.0,0.0,0.0,,
2026-02-27T14:09:07.657265,13004.4709,13004.4709,0.0,0.0,0.0,0.0,4,0,0,0,0,0,0,0,0.0,0.0,0.0,0.0,0.0,london_ny_overlap,london_ny_overlap
2026-02-27T14:09:08.314686,13004.4709,13004.4709,0.0,0.0,0.0,0.0,4,0,0,0,0,0,0,0,0.0,0.0,0.0,0.0,0.0,london_ny_overlap,london_ny_overlap
2026-02-27T14:10:44.913979,13004.4709,13004.4709,0.0,0.0,0.0,0.0,4,0,0,0,0,0,0,0,0.0,0.0,0.0,0.0,0.0,london_ny_overlap,london_ny_overlap
2026-02-27T14:10:45.542353,13004.4709,13004.4709,0.0,0.0,0.0,0.0,4,0,0,0,0,0,0,0,0.0,0.0,0.0,0.0,0.0,london_ny_overlap,london_ny_overlap
2026-02-27T14:12:14.657046,13004.4709,13004.4709,0.0,0.0,0.0,0.0,4,0,0,0,0,0,0,0,0.0,0.0,0.0,0.0,0.0,london_ny_overlap,london_ny_overlap
2026-02-27T14:12:15.320947,13004.4709,13004.4709,0.0,0.0,0.0,0.0,4,0,0,0,0,0,0,0,0.0,0.0,0.0,0.0,0.0,london_ny_overlap,london_ny_overlap
2026-02-27T14:13:46.352465,13004.4709,13004.4709,0.0,0.0,0.0,0.0,4,0,0,0,0,0,0,0,0.0,0.0,0.0,0.0,0.0,london_ny_overlap,london_ny_overlap
2026-02-27T14:13:46.997657,13004.4709,13004.4709,0.0,0.0,0.0,0.0,4,0,0,0,0,0,0,0,0.0,0.0,0.0,0.0,0.0,london_ny_overlap,london_ny_overlap
2026-02-27T14:15:29.300371,13004.4709,13004.4709,0.0,0.0,0.0,0.0,4,0,0,0,0,0,0,0,0.0,0.0,0.0,0.0,0.0,london_ny_overlap,london_ny_overlap
2026-02-27T14:15:30.016679,13004.4709,13004.4709,0.0,0.0,0.0,0.0,4,0,0,0,0,0,0,0,0.0,0.0,0.0,0.0,0.0,london_ny_overlap,london_ny_overlap
2026-02-27T14:17:03.453819,13004.4709,13004.4709,0.0,0.0,0.0,0.0,4,0,0,0,0,0,0,0,0.0,0.0,0.0,0.0,0.0,london_ny_overlap,london_ny_overlap
2026-02-27T14:17:04.074631,13004.4709,13004.4709,0.0,0.0,0.0,0.0,4,0,0,0,0,0,0,0,0.0,0.0,0.0,0.0,0.0,london_ny_overlap,london_ny_overlap
2026-02-27T14:18:38.587140,13004.4709,13004.4709,0.0,0.0,0.0,0.0,4,0,0,0,0,0,0,0,0.0,0.0,0.0,0.0,0.0,london_ny_overlap,london_ny_overlap
2026-02-27T14:18:39.325356,13004.4709,13004.4709,0.0,0.0,0.0,0.0,4,0,0,0,0,0,0,0,0.0,0.0,0.0,0.0,0.0,london_ny_overlap,london_ny_overlap
2026-02-27T14:20:21.583294,13004.4709,13004.4709,0.0,0.0,0.0,0.0,4,0,0,0,0,0,0,0,0.0,0.0,0.0,0.0,0.0,london_ny_overlap,london_ny_overlap
2026-02-27T14:20:22.227727,13004.4709,13004.4709,0.0,0.0,0.0,0.0,4,0,0,0,0,0,0,0,0.0,0.0,0.0,0.0,0.0,london_ny_overlap,london_ny_overlap
2026-02-27T14:21:52.251717,13004.4709,13004.4709,0.0,0.0,0.0,0.0,4,0,0,0,0,0,0,0,0.0,0.0,0.0,0.0,0.0,london_ny_overlap,london_ny_overlap
2026-02-27T14:21:52.889044,13004.4709,13004.4709,0.0,0.0,0.0,0.0,4,0,0,0,0,0,0,0,0.0,0.0,0.0,0.0,0.0,london_ny_overlap,london_ny_overlap
2026-02-27T14:23:25.729399,13004.4709,13004.4709,0.0,0.0,0.0,0.0,4,0,0,0,0,0,0,0,0.0,0.0,0.0,0.0,0.0,london_ny_overlap,london_ny_overlap
2026-02-27T14:23:26.352204,13004.4709,13004.4709,0.0,0.0,0.0,0.0,4,0,0,0,0,0,0,0,0.0,0.0,0.0,0.0,0.0,london_ny_overlap,london_ny_overlap
2026-02-27T14:25:02.559509,13004.4709,13004.4709,0.0,0.0,0.0,0.0,4,0,0,0,0,0,0,0,0.0,0.0,0.0,0.0,0.0,london_ny_overlap,london_ny_overlap
2026-02-27T14:25:03.220304,13004.4709,13004.4709,0.0,0.0,0.0,0.0,4,0,0,0,0,0,0,0,0.0,0.0,0.0,0.0,0.0,london_ny_overlap,london_ny_overlap
2026-02-27T14:26:33.041688,13004.4709,13004.4709,0.0,0.0,0.0,0.0,4,0,0,0,0,0,0,0,0.0,0.0,0.0,0.0,0.0,london_ny_overlap,london_ny_overlap
2026-02-27T14:26:33.694293,13004.4709,13004.4709,0.0,0.0,0.0,0.0,4,0,0,0,0,0,0,0,0.0,0.0,0.0,0.0,0.0,london_ny_overlap,london_ny_overlap
2026-02-27T14:28:11.596446,13004.4709,13004.4709,0.0,0.0,0.0,0.0,4,0,0,0,0,0,0,0,0.0,0.0,0.0,0.0,0.0,london_ny_overlap,london_ny_overlap
2026-02-27T14:28:12.238138,13004.4709,13004.4709,0.0,0.0,0.0,0.0,4,0,0,0,0,0,0,0,0.0,0.0,0.0,0.0,0.0,london_ny_overlap,london_ny_overlap
2026-02-27T14:29:40.954300,13004.4709,13004.4709,0.0,0.0,0.0,0.0,4,0,0,0,0,0,0,0,0.0,0.0,0.0,0.0,0.0,london_ny_overlap,london_ny_overlap
2026-02-27T14:29:41.603568,13004.4709,13004.4709,0.0,0.0,0.0,0.0,4,0,0,0,0,0,0,0,0.0,0.0,0.0,0.0,0.0,london_ny_overlap,london_ny_overlap
2026-02-27T14:30:58.610491,13004.4709,13004.4709,0.0,0.0,0.0,0.0,4,0,0,0,0,0,0,0,0.0,0.0,0.0,0.0,0.0,,
2026-02-27T14:44:47.548294,13004.4709,13004.4709,0.0,0.0,0.0,0.0,4,0,0,0,0,0,0,0,0.0,0.0,0.0,0.0,0.0,,
2026-02-27T14:59:47.423663,13004.4709,13004.4709,0.0,0.0,0.0,0.0,4,0,0,0,0,0,0,0,0.0,0.0,0.0,0.0,0.0,,
2026-02-27T15:15:01.829219,12860.6425,12860.6425,0.0,0.0,-143.82840000000033,-1.1059919400488667,4,1,0,0,0,0,0,0,0.0,0.011059919400488668,0.011059919400488668,0.0,0.0,london_ny_overlap,london_ny_overlap
2026-02-27T15:15:02.496594,12860.6425,12860.6425,0.0,0.0,-143.82840000000033,-1.1059919400488667,4,1,0,0,0,0,0,0,0.0,0.011059919400488668,0.011059919400488668,0.0,0.0,london_ny_overlap,london_ny_overlap
2026-02-27T15:16:39.796499,12860.6425,12860.6425,0.0,0.0,0.0,0.0,4,0,0,0,0,0,0,0,0.0,0.0,0.0,0.0,0.0,london_ny_overlap,london_ny_overlap
2026-02-27T15:16:40.427064,12860.6425,12860.6425,0.0,0.0,0.0,0.0,4,0,0,0,0,0,0,0,0.0,0.0,0.0,0.0,0.0,london_ny_overlap,london_ny_overlap
2026-02-27T15:18:19.614136,12860.6425,12860.6425,0.0,0.0,0.0,0.0,4,0,0,0,0,0,0,0,0.0,0.0,0.0,0.0,0.0,london_ny_overlap,london_ny_overlap
2026-02-27T15:18:20.232674,12860.6425,12860.6425,0.0,0.0,0.0,0.0,4,0,0,0,0,0,0,0,0.0,0.0,0.0,0.0,0.0,london_ny_overlap,london_ny_overlap
2026-02-27T15:19:57.882791,12860.6425,12860.6425,0.0,0.0,0.0,0.0,4,0,0,0,0,0,0,0,0.0,0.0,0.0,0.0,0.0,london_ny_overlap,london_ny_overlap
2026-02-27T15:19:58.523411,12860.6425,12860.6425,0.0,0.0,0.0,0.0,4,0,0,0,0,0,0,0,0.0,0.0,0.0,0.0,0.0,london_ny_overlap,london_ny_overlap
2026-02-27T15:21:37.353775,12860.6425,12860.6425,0.0,0.0,0.0,0.0,4,0,0,0,0,0,0,0,0.0,0.0,0.0,0.0,0.0,london_ny_overlap,london_ny_overlap
2026-02-27T15:21:37.973651,12860.6425,12860.6425,0.0,0.0,0.0,0.0,4,0,0,0,0,0,0,0,0.0,0.0,0.0,0.0,0.0,london_ny_overlap,london_ny_overlap
2026-02-27T15:23:09.139000,12860.6425,12860.6425,0.0,0.0,0.0,0.0,4,0,0,0,0,0,0,0,0.0,0.0,0.0,0.0,0.0,london_ny_overlap,london_ny_overlap
2026-02-27T15:23:09.751929,12860.6425,12860.6425,0.0,0.0,0.0,0.0,4,0,0,0,0,0,0,0,0.0,0.0,0.0,0.0,0.0,london_ny_overlap,london_ny_overlap
2026-02-27T15:24:47.393048,12860.6425,12860.6425,0.0,0.0,0.0,0.0,4,0,0,0,0,0,0,0,0.0,0.0,0.0,0.0,0.0,london_ny_overlap,london_ny_overlap
2026-02-27T15:24:48.044231,12860.6425,12860.6425,0.0,0.0,0.0,0.0,4,0,0,0,0,0,0,0,0.0,0.0,0.0,0.0,0.0,london_ny_overlap,london_ny_overlap
2026-02-27T15:26:29.352683,12860.6425,12860.6425,0.0,0.0,0.0,0.0,4,0,0,0,0,0,0,0,0.0,0.0,0.0,0.0,0.0,london_ny_overlap,london_ny_overlap
2026-02-27T15:26:30.102382,12860.6425,12860.6425,0.0,0.0,0.0,0.0,4,0,0,0,0,0,0,0,0.0,0.0,0.0,0.0,0.0,london_ny_overlap,london_ny_overlap
2026-02-27T15:28:04.670554,12860.6425,12860.6425,0.0,0.0,0.0,0.0,4,0,0,0,0,0,0,0,0.0,0.0,0.0,0.0,0.0,london_ny_overlap,london_ny_overlap
2026-02-27T15:28:05.317274,12860.6425,12860.6425,0.0,0.0,0.0,0.0,4,0,0,0,0,0,0,0,0.0,0.0,0.0,0.0,0.0,london_ny_overlap,london_ny_overlap
2026-02-27T15:29:43.114939,12860.6425,12860.6425,0.0,0.0,0.0,0.0,4,0,0,0,0,0,0,0,0.0,0.0,0.0,0.0,0.0,london_ny_overlap,london_ny_overlap
2026-02-27T15:29:43.772639,12860.6425,12860.6425,0.0,0.0,0.0,0.0,4,0,0,0,0,0,0,0,0.0,0.0,0.0,0.0,0.0,london_ny_overlap,london_ny_overlap
2026-02-27T15:31:09.151744,12860.6425,12860.6425,0.0,0.0,0.0,0.0,4,0,0,0,0,0,0,0,0.0,0.0,0.0,0.0,0.0,,
2026-02-27T15:45:50.545978,12860.6425,12860.6425,0.0,0.0,0.0,0.0,4,0,0,0,0,0,0,0,0.0,0.0,0.0,0.0,0.0,london_ny_overlap,london_ny_overlap
2026-02-27T15:45:51.219384,12860.6425,12860.6425,0.0,0.0,0.0,0.0,4,0,0,0,0,0,0,0,0.0,0.0,0.0,0.0,0.0,london_ny_overlap,london_ny_overlap
2026-02-27T15:47:23.409352,12860.6425,12860.6425,0.0,0.0,0.0,0.0,4,0,0,0,0,0,0,0,0.0,0.0,0.0,0.0,0.0,london_ny_overlap,london_ny_overlap
2026-02-27T15:47:24.076673,12860.6425,12860.6425,0.0,0.0,0.0,0.0,4,0,0,0,0,0,0,0,0.0,0.0,0.0,0.0,0.0,london_ny_overlap,london_ny_overlap
2026-02-27T15:48:56.008515,12860.6425,12860.6425,0.0,0.0,0.0,0.0,4,0,0,0,0,0,0,0,0.0,0.0,0.0,0.0,0.0,london_ny_overlap,london_ny_overlap
2026-02-27T15:48:56.627744,12860.6425,12860.6425,0.0,0.0,0.0,0.0,4,0,0,0,0,0,0,0,0.0,0.0,0.0,0.0,0.0,london_ny_overlap,london_ny_overlap
2026-02-27T15:50:29.105336,12860.6425,12860.6425,0.0,0.0,0.0,0.0,4,0,0,0,0,0,0,0,0.0,0.0,0.0,0.0,0.0,london_ny_overlap,london_ny_overlap
2026-02-27T15:50:29.774595,12860.6425,12860.6425,0.0,0.0,0.0,0.0,4,0,0,0,0,0,0,0,0.0,0.0,0.0,0.0,0.0,london_ny_overlap,london_ny_overlap
2026-02-27T15:51:58.618719,12860.6425,12860.6425,0.0,0.0,0.0,0.0,4,0,0,0,0,0,0,0,0.0,0.0,0.0,0.0,0.0,london_ny_overlap,london_ny_overlap
2026-02-27T15:51:59.250090,12860.6425,12860.6425,0.0,0.0,0.0,0.0,4,0,0,0,0,0,0,0,0.0,0.0,0.0,0.0,0.0,london_ny_overlap,london_ny_overlap
2026-02-27T15:53:34.529158,12860.6425,12860.6425,0.0,0.0,0.0,0.0,4,0,0,0,0,0,0,0,0.0,0.0,0.0,0.0,0.0,london_ny_overlap,london_ny_overlap
2026-02-27T15:53:35.154678,12860.6425,12860.6425,0.0,0.0,0.0,0.0,4,0,0,0,0,0,0,0,0.0,0.0,0.0,0.0,0.0,london_ny_overlap,london_ny_overlap
2026-02-27T15:55:10.194692,12860.6425,12860.6425,0.0,0.0,0.0,0.0,4,0,0,0,0,0,0,0,0.0,0.0,0.0,0.0,0.0,london_ny_overlap,london_ny_overlap
2026-02-27T15:55:10.829329,12860.6425,12860.6425,0.0,0.0,0.0,0.0,4,0,0,0,0,0,0,0,0.0,0.0,0.0,0.0,0.0,london_ny_overlap,london_ny_overlap
2026-02-27T15:56:49.522224,12860.6425,12860.6425,0.0,0.0,0.0,0.0,4,0,0,0,0,0,0,0,0.0,0.0,0.0,0.0,0.0,london_ny_overlap,london_ny_overlap
2026-02-27T15:56:50.141620,12860.6425,12860.6425,0.0,0.0,0.0,0.0,4,0,0,0,0,0,0,0,0.0,0.0,0.0,0.0,0.0,london_ny_overlap,london_ny_overlap
2026-02-27T15:58:28.761893,12860.6425,12860.6425,0.0,0.0,0.0,0.0,4,0,0,0,0,0,0,0,0.0,0.0,0.0,0.0,0.0,london_ny_overlap,london_ny_overlap
2026-02-27T15:58:29.407302,12860.6425,12860.6425,0.0,0.0,0.0,0.0,4,0,0,0,0,0,0,0,0.0,0.0,0.0,0.0,0.0,london_ny_overlap,london_ny_overlap
2026-02-27T16:00:06.793460,12860.6425,12860.6425,0.0,0.0,0.0,0.0,4,0,0,0,0,0,0,0,0.0,0.0,0.0,0.0,0.0,london_ny_overlap,london_ny_overlap
2026-02-27T16:00:07.462686,12860.6425,12860.6425,0.0,0.0,0.0,0.0,4,0,0,0,0,0,0,0,0.0,0.0,0.0,0.0,0.0,london_ny_overlap,london_ny_overlap
2026-02-27T16:01:46.221998,12860.6425,12860.6425,0.0,0.0,0.0,0.0,4,1,0,0,0,0,0,0,0.0,0.0,0.0,0.0,0.0,london_ny_overlap,london_ny_overlap
2026-02-27T16:01:46.875429,12860.6425,12860.6425,0.0,0.0,0.0,0.0,4,1,0,0,0,0,0,0,0.0,0.0,0.0,0.0,0.0,london_ny_overlap,london_ny_overlap
2026-02-27T16:03:29.344283,12860.6425,12860.6425,0.0,0.0,0.0,0.0,5,0,0,0,0,0,0,0,0.0,0.0,0.0,0.0,0.0,london_ny_overlap,london_ny_overlap
2026-02-27T16:03:30.068166,12860.6425,12860.6425,0.0,0.0,0.0,0.0,5,0,0,0,0,0,0,0,0.0,0.0,0.0,0.0,0.0,london_ny_overlap,london_ny_overlap
2026-02-27T16:05:07.448578,12860.6425,12860.6425,0.0,0.0,0.0,0.0,5,0,0,0,0,0,0,0,0.0,0.0,0.0,0.0,0.0,london_ny_overlap,london_ny_overlap
2026-02-27T16:05:08.196285,12860.6425,12860.6425,0.0,0.0,0.0,0.0,5,0,0,0,0,0,0,0,0.0,0.0,0.0,0.0,0.0,london_ny_overlap,london_ny_overlap
2026-02-27T16:06:48.327580,12860.6425,12860.6425,0.0,0.0,0.0,0.0,5,0,0,0,0,0,0,0,0.0,0.0,0.0,0.0,0.0,london_ny_overlap,london_ny_overlap
2026-02-27T16:06:49.084911,12860.6425,12860.6425,0.0,0.0,0.0,0.0,5,0,0,0,0,0,0,0,0.0,0.0,0.0,0.0,0.0,london_ny_overlap,london_ny_overlap
2026-02-27T16:08:24.616813,12860.6425,12860.6425,0.0,0.0,0.0,0.0,5,0,0,0,0,0,0,0,0.0,0.0,0.0,0.0,0.0,london_ny_overlap,london_ny_overlap
2026-02-27T16:08:25.350057,12860.6425,12860.6425,0.0,0.0,0.0,0.0,5,0,0,0,0,0,0,0,0.0,0.0,0.0,0.0,0.0,london_ny_overlap,london_ny_overlap
2026-02-27T16:09:57.220310,12860.6425,12860.6425,0.0,0.0,0.0,0.0,5,0,0,0,0,0,0,0,0.0,0.0,0.0,0.0,0.0,london_ny_overlap,london_ny_overlap
2026-02-27T16:09:57.985305,12860.6425,12860.6425,0.0,0.0,0.0,0.0,5,0,0,0,0,0,0,0,0.0,0.0,0.0,0.0,0.0,london_ny_overlap,london_ny_overlap
2026-02-27T16:11:34.758399,12860.6425,12860.6425,0.0,0.0,0.0,0.0,5,0,0,0,0,0,0,0,0.0,0.0,0.0,0.0,0.0,london_ny_overlap,london_ny_overlap
2026-02-27T16:11:35.565329,12860.6425,12860.6425,0.0,0.0,0.0,0.0,5,0,0,0,0,0,0,0,0.0,0.0,0.0,0.0,0.0,london_ny_overlap,london_ny_overlap
2026-02-27T16:13:16.443365,12860.6425,12860.6425,0.0,0.0,0.0,0.0,5,0,0,0,0,0,0,0,0.0,0.0,0.0,0.0,0.0,london_ny_overlap,london_ny_overlap
2026-02-27T16:13:17.225010,12860.6425,12860.6425,0.0,0.0,0.0,0.0,5,0,0,0,0,0,0,0,0.0,0.0,0.0,0.0,0.0,london_ny_overlap,london_ny_overlap
2026-02-27T16:14:45.177715,12860.6425,12860.6425,0.0,0.0,0.0,0.0,5,0,0,0,0,0,0,0,0.0,0.0,0.0,0.0,0.0,london_ny_overlap,london_ny_overlap
2026-02-27T16:14:45.931325,12860.6425,12860.6425,0.0,0.0,0.0,0.0,5,0,0,0,0,0,0,0,0.0,0.0,0.0,0.0,0.0,london_ny_overlap,london_ny_overlap
2026-02-27T16:16:26.119000,12860.6425,12860.6425,0.0,0.0,0.0,0.0,5,0,0,0,0,0,0,0,0.0,0.0,0.0,0.0,0.0,london_ny_overlap,london_ny_overlap
2026-02-27T16:16:26.869511,12860.6425,12860.6425,0.0,0.0,0.0,0.0,5,0,0,0,0,0,0,0,0.0,0.0,0.0,0.0,0.0,london_ny_overlap,london_ny_overlap
2026-02-27T16:17:47.686330,12860.6425,12860.6425,0.0,0.0,0.0,0.0,5,0,0,0,0,0,0,0,0.0,0.0,0.0,0.0,0.0,london_ny_overlap,london_ny_overlap
2026-02-27T16:17:48.417893,12860.6425,12860.6425,0.0,0.0,0.0,0.0,5,0,0,0,0,0,0,0,0.0,0.0,0.0,0.0,0.0,london_ny_overlap,london_ny_overlap
2026-02-27T16:19:29.471167,12860.6425,12860.6425,0.0,0.0,0.0,0.0,5,0,0,0,0,0,0,0,0.0,0.0,0.0,0.0,0.0,london_ny_overlap,london_ny_overlap
2026-02-27T16:19:30.208438,12860.6425,12860.6425,0.0,0.0,0.0,0.0,5,0,0,0,0,0,0,0,0.0,0.0,0.0,0.0,0.0,london_ny_overlap,london_ny_overlap
2026-02-27T16:21:06.208522,12860.6425,12860.6425,0.0,0.0,0.0,0.0,5,0,0,0,0,0,0,0,0.0,0.0,0.0,0.0,0.0,london_ny_overlap,london_ny_overlap
2026-02-27T16:21:06.988364,12860.6425,12860.6425,0.0,0.0,0.0,0.0,5,0,0,0,0,0,0,0,0.0,0.0,0.0,0.0,0.0,london_ny_overlap,london_ny_overlap
2026-02-27T16:22:46.022241,12860.6425,12860.6425,0.0,0.0,0.0,0.0,5,0,0,0,0,0,0,0,0.0,0.0,0.0,0.0,0.0,london_ny_overlap,london_ny_overlap
2026-02-27T16:22:46.828228,12860.6425,12860.6425,0.0,0.0,0.0,0.0,5,0,0,0,0,0,0,0,0.0,0.0,0.0,0.0,0.0,london_ny_overlap,london_ny_overlap
2026-02-27T16:24:25.946260,12860.6425,12860.6425,0.0,0.0,0.0,0.0,5,0,0,0,0,0,0,0,0.0,0.0,0.0,0.0,0.0,london_ny_overlap,london_ny_overlap
2026-02-27T16:24:26.748308,12860.6425,12860.6425,0.0,0.0,0.0,0.0,5,0,0,0,0,0,0,0,0.0,0.0,0.0,0.0,0.0,london_ny_overlap,london_ny_overlap
2026-02-27T16:26:02.179301,12860.6425,12860.6425,0.0,0.0,0.0,0.0,5,0,0,0,0,0,0,0,0.0,0.0,0.0,0.0,0.0,,
2026-02-27T16:41:56.938347,12860.6425,12860.6425,0.0,0.0,0.0,0.0,5,0,0,0,0,0,0,0,0.0,0.0,0.0,0.0,0.0,london_ny_overlap,london_ny_overlap
2026-02-27T16:41:57.693371,12860.6425,12860.6425,0.0,0.0,0.0,0.0,5,0,0,0,0,0,0,0,0.0,0.0,0.0,0.0,0.0,london_ny_overlap,london_ny_overlap
2026-02-27T16:43:34.706626,12860.6425,12860.6425,0.0,0.0,0.0,0.0,5,0,0,0,0,0,0,0,0.0,0.0,0.0,0.0,0.0,,
2026-02-27T16:58:57.155550,12860.6425,12860.6425,0.0,0.0,0.0,0.0,5,0,0,0,0,0,0,0,0.0,0.0,0.0,0.0,0.0,,
2026-02-27T17:18:36.716170,12860.6425,12860.6425,0.0,0.0,0.0,0.0,6,1,0,0,0,0,0,0,0.0,0.0,0.0,0.0,0.0,ny,ny
2026-02-27T17:18:37.549300,12860.6425,12860.6425,0.0,0.0,0.0,0.0,6,1,0,0,0,0,0,0,0.0,0.0,0.0,0.0,0.0,ny,ny
2026-02-27T17:20:05.586860,12860.6425,12860.6425,0.0,0.0,0.0,0.0,6,0,0,0,0,0,0,0,0.0,0.0,0.0,0.0,0.0,ny,ny
2026-02-27T17:20:06.614911,12860.6425,12860.6425,0.0,0.0,0.0,0.0,6,0,0,0,0,0,0,0,0.0,0.0,0.0,0.0,0.0,ny,ny
2026-02-27T17:21:36.999018,12860.6425,12860.6425,0.0,0.0,0.0,0.0,6,0,0,0,0,0,0,0,0.0,0.0,0.0,0.0,0.0,ny,ny
2026-02-27T17:21:37.838527,12860.6425,12860.6425,0.0,0.0,0.0,0.0,6,0,0,0,0,0,0,0,0.0,0.0,0.0,0.0,0.0,ny,ny
2026-02-27T17:23:07.106487,12860.6425,12860.6425,0.0,0.0,0.0,0.0,6,0,0,0,0,0,0,0,0.0,0.0,0.0,0.0,0.0,ny,ny
2026-02-27T17:23:07.959391,12860.6425,12860.6425,0.0,0.0,0.0,0.0,6,0,0,0,0,0,0,0,0.0,0.0,0.0,0.0,0.0,ny,ny
2026-02-27T17:24:47.542596,12860.6425,12860.6425,0.0,0.0,0.0,0.0,6,0,0,0,0,0,0,0,0.0,0.0,0.0,0.0,0.0,ny,ny
2026-02-27T17:24:48.437221,12860.6425,12860.6425,0.0,0.0,0.0,0.0,6,0,0,0,0,0,0,0,0.0,0.0,0.0,0.0,0.0,ny,ny
2026-02-27T17:26:10.604348,12860.6425,12860.6425,0.0,0.0,0.0,0.0,6,0,0,0,0,0,0,0,0.0,0.0,0.0,0.0,0.0,ny,ny
2026-02-27T17:26:11.481620,12860.6425,12860.6425,0.0,0.0,0.0,0.0,6,0,0,0,0,0,0,0,0.0,0.0,0.0,0.0,0.0,ny,ny
2026-02-27T17:27:39.631334,12860.6425,12860.6425,0.0,0.0,0.0,0.0,6,0,0,0,0,0,0,0,0.0,0.0,0.0,0.0,0.0,ny,ny
2026-02-27T17:27:40.526806,12860.6425,12860.6425,0.0,0.0,0.0,0.0,6,0,0,0,0,0,0,0,0.0,0.0,0.0,0.0,0.0,ny,ny
2026-02-27T17:29:04.682343,12860.6425,12860.6425,0.0,0.0,0.0,0.0,6,0,0,0,0,0,0,0,0.0,0.0,0.0,0.0,0.0,ny,ny
2026-02-27T17:29:05.598365,12860.6425,12860.6425,0.0,0.0,0.0,0.0,6,0,0,0,0,0,0,0,0.0,0.0,0.0,0.0,0.0,ny,ny
2026-02-27T17:30:38.682313,12860.6425,12860.6425,0.0,0.0,0.0,0.0,6,0,0,0,0,0,0,0,0.0,0.0,0.0,0.0,0.0,,
2026-02-27T17:49:03.481389,12860.6425,12860.6425,0.0,0.0,0.0,0.0,6,0,0,0,0,0,0,0,0.0,0.0,0.0,0.0,0.0,,
2026-02-27T18:07:09.394456,12860.6425,12860.6425,0.0,0.0,0.0,0.0,6,0,0,0,0,0,0,0,0.0,0.0,0.0,0.0,0.0,,
2026-02-27T18:25:09.909335,12860.6425,12860.6425,0.0,0.0,0.0,0.0,6,0,0,0,0,0,0,0,0.0,0.0,0.0,0.0,0.0,ny,ny
2026-02-27T18:25:10.762563,12860.6425,12860.6425,0.0,0.0,0.0,0.0,6,0,0,0,0,0,0,0,0.0,0.0,0.0,0.0,0.0,ny,ny
2026-02-27T18:26:29.723444,12860.6425,12860.6425,0.0,0.0,0.0,0.0,6,0,0,0,0,0,0,0,0.0,0.0,0.0,0.0,0.0,ny,ny
2026-02-27T18:26:30.575461,12860.6425,12860.6425,0.0,0.0,0.0,0.0,6,0,0,0,0,0,0,0,0.0,0.0,0.0,0.0,0.0,ny,ny
2026-02-27T18:28:03.970540,12860.6425,12860.6425,0.0,0.0,0.0,0.0,6,0,0,0,0,0,0,0,0.0,0.0,0.0,0.0,0.0,ny,ny
2026-02-27T18:28:04.757899,12860.6425,12860.6425,0.0,0.0,0.0,0.0,6,0,0,0,0,0,0,0,0.0,0.0,0.0,0.0,0.0,ny,ny
2026-02-27T18:29:37.395328,12860.6425,12860.6425,0.0,0.0,0.0,0.0,6,0,0,0,0,0,0,0,0.0,0.0,0.0,0.0,0.0,ny,ny
2026-02-27T18:29:38.320679,12860.6425,12860.6425,0.0,0.0,0.0,0.0,6,0,0,0,0,0,0,0,0.0,0.0,0.0,0.0,0.0,ny,ny
2026-02-27T18:31:11.489844,12860.6425,12860.6425,0.0,0.0,0.0,0.0,6,0,0,0,0,0,0,0,0.0,0.0,0.0,0.0,0.0,,
2026-02-27T18:48:24.676962,12860.6425,12860.6425,0.0,0.0,0.0,0.0,6,0,0,0,0,0,0,0,0.0,0.0,0.0,0.0,0.0,,
2026-02-27T19:05:37.270563,12860.6425,12860.6425,0.0,0.0,0.0,0.0,6,0,0,0,0,0,0,0,0.0,0.0,0.0,0.0,0.0,,
2026-02-27T19:22:36.982390,12860.6425,12860.6425,0.0,0.0,0.0,0.0,6,0,0,0,0,0,0,0,0.0,0.0,0.0,0.0,0.0,ny,ny
2026-02-27T19:22:37.784966,12860.6425,12860.6425,0.0,0.0,0.0,0.0,6,0,0,0,0,0,0,0,0.0,0.0,0.0,0.0,0.0,ny,ny
2026-02-27T19:23:50.889319,12860.6425,12860.6425,0.0,0.0,0.0,0.0,6,0,0,0,0,0,0,0,0.0,0.0,0.0,0.0,0.0,ny,ny
2026-02-27T19:23:51.730338,12860.6425,12860.6425,0.0,0.0,0.0,0.0,6,0,0,0,0,0,0,0,0.0,0.0,0.0,0.0,0.0,ny,ny
2026-02-27T19:25:11.974181,12860.6425,12860.6425,0.0,0.0,0.0,0.0,6,0,0,0,0,0,0,0,0.0,0.0,0.0,0.0,0.0,,
2026-02-27T19:42:07.079394,12860.6425,12860.6425,0.0,0.0,0.0,0.0,6,0,0,0,0,0,0,0,0.0,0.0,0.0,0.0,0.0,ny,ny
2026-02-27T19:42:07.918899,12860.6425,12860.6425,0.0,0.0,0.0,0.0,6,0,0,0,0,0,0,0,0.0,0.0,0.0,0.0,0.0,ny,ny
2026-02-27T19:43:19.900269,12860.6425,12860.6425,0.0,0.0,0.0,0.0,6,0,0,0,0,0,0,0,0.0,0.0,0.0,0.0,0.0,,
2026-02-27T19:59:42.716420,12860.6425,12860.6425,0.0,0.0,0.0,0.0,6,0,0,0,0,0,0,0,0.0,0.0,0.0,0.0,0.0,,
2026-02-27T20:16:28.912729,12860.6425,12860.6425,0.0,0.0,0.0,0.0,6,0,0,0,0,0,0,0,0.0,0.0,0.0,0.0,0.0,,
2026-02-27T20:33:26.444514,12860.6425,12860.6425,0.0,0.0,0.0,0.0,6,0,0,0,0,0,0,0,0.0,0.0,0.0,0.0,0.0,,
2026-02-27T20:51:10.008866,12860.6425,12860.6425,0.0,0.0,0.0,0.0,6,0,0,0,0,0,0,0,0.0,0.0,0.0,0.0,0.0,,
2026-02-27T21:08:52.897488,12860.6425,12860.6425,0.0,0.0,0.0,0.0,6,0,0,0,0,0,0,0,0.0,0.0,0.0,0.0,0.0,ny,ny
2026-02-27T21:08:53.734347,12860.6425,12860.6425,0.0,0.0,0.0,0.0,6,0,0,0,0,0,0,0,0.0,0.0,0.0,0.0,0.0,ny,ny
2026-02-27T21:09:58.359516,12860.6425,12860.6425,0.0,0.0,0.0,0.0,6,0,0,0,0,0,0,0,0.0,0.0,0.0,0.0,0.0,,
2026-02-27T21:14:15.574430,12860.6425,12860.6425,0.0,0.0,0.0,0.0,6,0,0,0,0,0,0,0,0.0,0.0,0.0,0.0,0.0,,
2026-02-27T21:15:21.498517,12860.6425,12860.6425,0.0,0.0,0.0,0.0,6,0,0,0,0,0,0,0,0.0,0.0,0.0,0.0,0.0,,
2026-02-27T21:21:13.798238,12860.6425,12860.6425,0.0,0.0,0.0,0.0,6,0,0,0,0,0,0,0,0.0,0.0,0.0,0.0,0.0,,
2026-02-27T21:22:34.933288,12860.6425,12860.6425,0.0,0.0,0.0,0.0,6,0,0,0,0,0,0,0,0.0,0.0,0.0,0.0,0.0,,
2026-02-27T21:39:30.872332,12860.6425,12860.6425,0.0,0.0,0.0,0.0,6,0,0,0,0,0,0,0,0.0,0.0,0.0,0.0,0.0,ny,ny
2026-02-27T21:39:31.770852,12860.6425,12860.6425,0.0,0.0,0.0,0.0,6,0,0,0,0,0,0,0,0.0,0.0,0.0,0.0,0.0,ny,ny
2026-02-27T21:40:45.458320,12860.6425,12860.6425,0.0,0.0,0.0,0.0,6,0,0,0,0,0,0,0,0.0,0.0,0.0,0.0,0.0,,
2026-02-27T21:56:52.511385,12860.6425,12860.6425,0.0,0.0,0.0,0.0,6,0,0,0,0,0,0,0,0.0,0.0,0.0,0.0,0.0,,
2026-02-27T22:42:08.679722,12855.7546,12855.7546,0.0,0.0,-4.887899999999718,-0.03800665479970941,6,0,0,0,0,0,0,0,0.0,0.0003800665479970941,0.0003800665479970941,0.0,0.0,,
2026-02-27T23:38:07.831633,12855.7546,12855.7546,0.0,0.0,-4.887899999999718,-0.03800665479970941,6,0,0,0,0,0,0,0,0.0,0.0003800665479970941,0.0003800665479970941,0.0,0.0,,
2026-02-28T00:34:19.002863,12855.7546,12855.7546,0.0,0.0,-4.887899999999718,-0.03800665479970941,6,0,0,0,0,0,0,0,0.0,0.0003800665479970941,0.0003800665479970941,0.0,0.0,,
2026-02-28T01:30:14.624029,12855.7546,12855.7546,0.0,0.0,-4.887899999999718,-0.03800665479970941,6,0,0,0,0,0,0,0,0.0,0.0003800665479970941,0.0003800665479970941,0.0,0.0,,
2026-02-28T02:26:13.754288,12855.7546,12855.7546,0.0,0.0,-4.887899999999718,-0.03800665479970941,6,0,0,0,0,0,0,0,0.0,0.0003800665479970941,0.0003800665479970941,0.0,0.0,,
2026-02-28T03:22:03.696315,12855.7546,12855.7546,0.0,0.0,-4.887899999999718,-0.03800665479970941,6,0,0,0,0,0,0,0,0.0,0.0003800665479970941,0.0003800665479970941,0.0,0.0,,
2026-02-28T04:17:31.240885,12855.7546,12855.7546,0.0,0.0,-4.887899999999718,-0.03800665479970941,6,0,0,0,0,0,0,0,0.0,0.0003800665479970941,0.0003800665479970941,0.0,0.0,,
2026-02-28T05:13:09.919658,12855.7546,12855.7546,0.0,0.0,-4.887899999999718,-0.03800665479970941,6,0,0,0,0,0,0,0,0.0,0.0003800665479970941,0.0003800665479970941,0.0,0.0,,
2026-02-28T06:08:57.335407,12855.7546,12855.7546,0.0,0.0,-4.887899999999718,-0.03800665479970941,6,0,0,0,0,0,0,0,0.0,0.0003800665479970941,0.0003800665479970941,0.0,0.0,,
2026-02-28T06:22:54.765349,12855.7546,12855.7546,0.0,0.0,0.0,0.0,6,0,0,0,0,0,0,0,0.0,0.0,0.0,0.0,0.0,,
2026-02-28T07:19:42.142787,12855.7546,12855.7546,0.0,0.0,0.0,0.0,6,0,0,0,0,0,0,0,0.0,0.0,0.0,0.0,0.0,,
2026-02-28T08:15:48.929880,12855.7546,12855.7546,0.0,0.0,0.0,0.0,6,0,0,0,0,0,0,0,0.0,0.0,0.0,0.0,0.0,,
2026-02-28T09:14:01.221209,12855.7546,12855.7546,0.0,0.0,0.0,0.0,6,0,0,0,0,0,0,0,0.0,0.0,0.0,0.0,0.0,,
2026-02-28T10:13:08.587559,12855.7546,12855.7546,0.0,0.0,0.0,0.0,6,0,0,0,0,0,0,0,0.0,0.0,0.0,0.0,0.0,,
2026-02-28T11:11:48.378230,12855.7546,12855.7546,0.0,0.0,0.0,0.0,6,0,0,0,0,0,0,0,0.0,0.0,0.0,0.0,0.0,,
2026-02-28T12:10:35.407671,12855.7546,12855.7546,0.0,0.0,0.0,0.0,6,0,0,0,0,0,0,0,0.0,0.0,0.0,0.0,0.0,,
2026-02-28T13:09:37.642684,12855.7546,12855.7546,0.0,0.0,0.0,0.0,6,0,0,0,0,0,0,0,0.0,0.0,0.0,0.0,0.0,,
2026-02-28T14:08:36.136527,12855.7546,12855.7546,0.0,0.0,0.0,0.0,6,0,0,0,0,0,0,0,0.0,0.0,0.0,0.0,0.0,,
2026-02-28T15:08:00.848317,12855.7546,12855.7546,0.0,0.0,0.0,0.0,6,0,0,0,0,0,0,0,0.0,0.0,0.0,0.0,0.0,,
2026-02-28T16:06:47.320455,12855.7546,12855.7546,0.0,0.0,0.0,0.0,6,0,0,0,0,0,0,0,0.0,0.0,0.0,0.0,0.0,,
2026-02-28T17:05:37.266569,12855.7546,12855.7546,0.0,0.0,0.0,0.0,6,0,0,0,0,0,0,0,0.0,0.0,0.0,0.0,0.0,,
2026-02-28T18:04:12.257533,12855.7546,12855.7546,0.0,0.0,0.0,0.0,6,0,0,0,0,0,0,0,0.0,0.0,0.0,0.0,0.0,,
2026-02-28T19:03:36.202503,12855.7546,12855.7546,0.0,0.0,0.0,0.0,6,0,0,0,0,0,0,0,0.0,0.0,0.0,0.0,0.0,,
2026-02-28T20:02:19.774118,12855.7546,12855.7546,0.0,0.0,0.0,0.0,6,0,0,0,0,0,0,0,0.0,0.0,0.0,0.0,0.0,,
2026-02-28T21:01:17.791381,12855.7546,12855.7546,0.0,0.0,0.0,0.0,6,0,0,0,0,0,0,0,0.0,0.0,0.0,0.0,0.0,,
2026-02-28T22:01:11.376715,12855.7546,12855.7546,0.0,0.0,0.0,0.0,6,0,0,0,0,0,0,0,0.0,0.0,0.0,0.0,0.0,,
